satellite,instrument,mission,date,downlink_date,path,width,height,bytes,brightness,contrast,status,capture_start,capture_end,time_basis,iso,shutter,exposure_mode,resolution_cmd,other_settings,capture_confidence,capture_source,capture_notes,sha256
KASHIWA,CAM,,2024-04-24,2024-04-26,data/01_kashiwa/images/cam/kashiwa_20240424T0140_3d9200b3a2.jpg,144,108,4087,159.47,58.05,ok,2024-04-24T01:40:00+09:00,2024-04-24T01:43:00+09:00,uplink+timer,auto,auto,auto,"144x108 JPEG (last byte bits1-0=00); 5 shots (bits5-3=100) for 0xA4, 1 shot (000) for 0x84","cmd 4B 00 A0 D2 19 00 00 00 B0 00 84 (uplinked 2024-04-24 01:15:48 JST, delay 25 min); D2 param bytes 00 00 00 B0 00 A4|84 = [grp=00][00][00][B0 fixed][00][quality|shots|RGB|resize]: 0xA4 = 80% JPEG quality, 5 shots, RGB, 144x108; 0x84 = 80%, 1 shot, RGB, 144x108 (KSW_EARTH_CMDMaker_v4.xlsx sheet 地球撮影cmd); byte10 0x84 = 1 shot, 0xA4 = 5 shots); set: 1 image 144x108; downlink 2024-04-24 02:48 pass",high,"02_1stAOS day1~day3/00_02 RecData/GSSW_log/…/20240424_0113.txt; 100_01 KASHIWA運用日報/2024年4月/20240424/…-1パス.docx; GS dump 2024-04-24 02:48 (1 image, 4041 B); original 02_1stAOS day1~day3/00_02 RecData/CAM/20240424_0248.txt -> restored 画像/20240426.jpg (sha256 identical)",capture K1; image #1 (only image); original file (RecData/CAM root) 20240424_0248.txt -> restored 画像/20240426.jpg; payload of 20240424_0248.txt hashes to this sha256; file named 20240426 on restoration date,3d9200b3a257d9949b6e4d815b3530d5f3edc3e80d4369df002a7d2d9ee67352
KASHIWA,CAM,,2024-04-25,2024-04-27,data/01_kashiwa/images/cam/kashiwa_20240425T0221_4272ca031e.jpg,144,108,3843,71.99,76.36,ok,2024-04-25T02:21:00+09:00,2024-04-25T02:24:00+09:00,uplink+timer,auto,auto,auto,"144x108 JPEG (last byte bits1-0=00); 5 shots (bits5-3=100) for 0xA4, 1 shot (000) for 0x84","cmd 4B 00 A0 D2 17 00 00 00 B0 00 A4 (uplinked 2024-04-25 01:58:45 JST, delay 23 min); D2 param bytes 00 00 00 B0 00 A4|84 = [grp=00][00][00][B0 fixed][00][quality|shots|RGB|resize]: 0xA4 = 80% JPEG quality, 5 shots, RGB, 144x108; 0x84 = 80%, 1 shot, RGB, 144x108 (KSW_EARTH_CMDMaker_v4.xlsx sheet 地球撮影cmd); byte10 0x84 = 1 shot, 0xA4 = 5 shots); set: 5 images 144x108; downlink 2024-04-27 09:55 pass",high,"02_1stAOS day1~day3/00_02 RecData/GSSW_log/…/20240425_0156.txt; 100_01 KASHIWA運用日報/2024年4月/20240425/…-1パス.docx; GS dump 2024-04-25 03:18 sizes [3793,3819,3847,3942,3933]; original 02_1stAOS day1~day3/00_02 RecData/CAM/画像/2024_0427_1_0955.jpg (sha256 identical)",capture K2; image #2 (flash 0x05F82000; 3819 B -> 63 pkts = 3843 B); original file 2024_0427_1_0955.jpg,4272ca031ea82cb088da1f9c707a95357f6e96d37334e44e3db42a03a8b0c4ed
KASHIWA,CAM,,2024-04-25,2024-04-29,data/01_kashiwa/images/cam/kashiwa_20240425T0221_2603288118.jpg,144,108,3843,68.45,72.11,ok,2024-04-25T02:21:00+09:00,2024-04-25T02:24:00+09:00,uplink+timer,auto,auto,auto,"144x108 JPEG (last byte bits1-0=00); 5 shots (bits5-3=100) for 0xA4, 1 shot (000) for 0x84","cmd 4B 00 A0 D2 17 00 00 00 B0 00 A4 (uplinked 2024-04-25 01:58:45 JST, delay 23 min); D2 param bytes 00 00 00 B0 00 A4|84 = [grp=00][00][00][B0 fixed][00][quality|shots|RGB|resize]: 0xA4 = 80% JPEG quality, 5 shots, RGB, 144x108; 0x84 = 80%, 1 shot, RGB, 144x108 (KSW_EARTH_CMDMaker_v4.xlsx sheet 地球撮影cmd); byte10 0x84 = 1 shot, 0xA4 = 5 shots); set: 5 images 144x108; downlink 2024-04-29 09:47 pass",medium,"02_1stAOS day1~day3/00_02 RecData/GSSW_log/…/20240425_0156.txt; 100_01 KASHIWA運用日報/2024年4月/20240425/…-1パス.docx; GS dump 2024-04-25 03:18 sizes [3793,3819,3847,3942,3933]; original 02_1stAOS day1~day3/00_02 RecData/CAM/画像/2024_0429_2_0947.jpg (sha256 identical)","capture K2; image #2 or #3 (flash 0x05F83000, 'SKR CAM 2枚目'); original file 2024_0429_2_0947.jpg; same 3843-byte packet count as 0427 image; some packets lost per 運用日報",260328811863ec6aee94bb8eb3521289c7b9a17349eeb972b7d125ccb65bc520
KASHIWA,CAM,,2024-05-11,2024-05-12,data/01_kashiwa/images/cam/kashiwa_20240511T2203_7dcc431cdc.jpg,144,108,4514,117.35,50.93,ok,2024-05-11T22:03:00+09:00,2024-05-11T22:06:00+09:00,uplink+timer,auto,auto,auto,"144x108 JPEG (last byte bits1-0=00); 5 shots (bits5-3=100) for 0xA4, 1 shot (000) for 0x84","cmd 4B 00 A0 D2 5A 00 00 00 B0 00 A4 (uplinked 2024-05-11 20:33:00 JST, delay 90 min); D2 param bytes 00 00 00 B0 00 A4|84 = [grp=00][00][00][B0 fixed][00][quality|shots|RGB|resize]: 0xA4 = 80% JPEG quality, 5 shots, RGB, 144x108; 0x84 = 80%, 1 shot, RGB, 144x108 (KSW_EARTH_CMDMaker_v4.xlsx sheet 地球撮影cmd); byte10 0x84 = 1 shot, 0xA4 = 5 shots); set: 5 images 144x108; downlink 2024-05-12 19:30 pass",medium,"02_1stAOS day1~day3/00_02 RecData/GSSW_log/…/20240511_2026.txt (D2 line itself missing; BOSS ON 20:32:51 logged); 100_01 KASHIWA運用日報/2024年5月/20240511/…-2パス.docx; GS dump 2024-05-12 19:28 sizes [4460,4400,4667,4677,4740]; original 02_1stAOS day1~day3/00_02 RecData/CAM/画像/20240512_0.jpg (dup 20240514_1.jpg) (sha256 identical)",capture K3; image #1 (4460 B -> 74 pkts = 4514 B); original file 20240512_0.jpg (dup 20240514_1.jpg); D2 5A uplink not in GS log (only BOSS ON/OFF logged 20:32); 運用日報 records ACK; capture time = 20:32:51+~1 min + 90 min,7dcc431cdc843d6165df5a98f229963341aabd88c9d4392dbc3bd1bc1ca10af2
KASHIWA,CAM,,2024-05-16,2024-05-17,data/01_kashiwa/images/cam/kashiwa_20240516T1905_a0575d8550.jpg,144,108,4232,134.64,45.05,ok,2024-05-16T19:05:00+09:00,2024-05-16T19:08:00+09:00,uplink+timer,auto,auto,auto,"144x108 JPEG (last byte bits1-0=00); 5 shots (bits5-3=100) for 0xA4, 1 shot (000) for 0x84","cmd 4B 00 A0 D2 00 00 00 00 B0 00 A4 (uplinked 2024-05-16 19:05:20 JST, delay 0 min); D2 param bytes 00 00 00 B0 00 A4|84 = [grp=00][00][00][B0 fixed][00][quality|shots|RGB|resize]: 0xA4 = 80% JPEG quality, 5 shots, RGB, 144x108; 0x84 = 80%, 1 shot, RGB, 144x108 (KSW_EARTH_CMDMaker_v4.xlsx sheet 地球撮影cmd); byte10 0x84 = 1 shot, 0xA4 = 5 shots); set: 5 images 144x108; downlink 2024-05-17 16:27 pass (+re-restored 05-19)",high,"02_1stAOS day1~day3/00_02 RecData/GSSW_log/…/20240516_1900.txt; 100_01 KASHIWA運用日報/2024年5月/20240516/…-2パス.docx; GS dump 2024-05-17 16:28 sizes [4232,4238,4271,4370,4480]; original 02_1stAOS day1~day3/00_02 RecData/CAM/画像/024_KSW_CAMMIS_ダウンリンク復元画像_20240517.jpg (dup 027_..._20240519.jpg) (sha256 identical)",capture K4; image #1 (4232 B exact); original file 024_KSW_CAMMIS_ダウンリンク復元画像_20240517.jpg (dup 027_..._20240519.jpg),a0575d855095b8458e0c933ce437b71f0d339e60af3c1626f21487207815c49b
KASHIWA,CAM,,unknown,2024-05-22,data/01_kashiwa/images/cam/kashiwa_unknown_021a9a61d1.jpg,144,108,3721,182.79,50.87,ok,,,unresolved,auto,auto,auto,"144x108 JPEG thumbnail (SKR-mode set; 144x108 JPEG (last byte bits1-0=00); 5 shots (bits5-3=100) for 0xA4, 1 shot (000) for 0x84)","downlink 2024-05-22 14:52 pass; bright 3721-byte image does NOT match the dark set visible on 2024-05-21/23 (sizes 962-1024 B); probably stale flash content from an earlier set (candidates: K5 2024-05-19 16:36 JST cmd 4B 00 A0 D2 1A 00 00 00 B0 00 A4, or older). Capture unresolved.",low,02_1stAOS day1~day3/00_02 RecData/CAM/画像/20240522_5.jpg (sha256 identical); 100_01 KASHIWA運用日報/2024年5月/20240522/…-1パス.docx; 02_1stAOS day1~day3/00_02 RecData/GSSW_log/2024年5月/20240522_1452.txt,original file: 20240522_5.jpg; image index: unknown; read from flash 0x05F89000 labelled '5枚目',021a9a61d1a22c65870adcccd18f2bde6bb55a850d70159de6b5c704ef1858a5
KASHIWA,CAM,,2024-05-20,2024-05-23,data/01_kashiwa/images/cam/kashiwa_20240520T1739_59efc2e7c1.jpg,144,108,1037,0.17,4.19,dark,2024-05-20T17:39:00+09:00,2024-05-20T17:43:00+09:00,uplink+timer,auto,auto,auto,"144x108 JPEG (last byte bits1-0=00); 5 shots (bits5-3=100) for 0xA4, 1 shot (000) for 0x84","cmd 4B 00 A0 D2 2F 00 00 00 B0 00 A4 (uplinked 2024-05-20 16:52:49 .. 2024-05-20 16:53:40 JST, delay 47 min); D2 param bytes 00 00 00 B0 00 A4|84 = [grp=00][00][00][B0 fixed][00][quality|shots|RGB|resize]: 0xA4 = 80% JPEG quality, 5 shots, RGB, 144x108; 0x84 = 80%, 1 shot, RGB, 144x108 (KSW_EARTH_CMDMaker_v4.xlsx sheet 地球撮影cmd); byte10 0x84 = 1 shot, 0xA4 = 5 shots); set: 5 images 144x108 (dark); downlink 2024-05-23 13:54 pass",medium,"02_1stAOS day1~day3/00_02 RecData/GSSW_log/…/20240520_1648.txt; 100_01 KASHIWA運用日報/2024年5月/20240520/…-2パス.docx; GS dump 2024-05-21 15:50 sizes [993,1024,994,969,962] (night, dark); original 02_1stAOS day1~day3/00_02 RecData/CAM/画像/20240523_3.jpg (sha256 identical)",capture K6; image #3 (994 B -> 17 pkts = 1037 B); original file 20240523_3.jpg; dark night image; alternative capture K5 2024-05-19 16:36 JST cannot be fully excluded (no dump between 05-19 17:46 and 05-21 15:50); team meeting 2024-05-21 attributes to 5/20 night shot,59efc2e7c186334c6c0c49741d0e553dc9f03a83251577d19bf26748ab1019e9
KASHIWA,CAM,,2024-05-20,2024-05-23,data/01_kashiwa/images/cam/kashiwa_20240520T1739_858e3d2bd0.jpg,144,108,976,0.14,4.00,dark,2024-05-20T17:39:00+09:00,2024-05-20T17:43:00+09:00,uplink+timer,auto,auto,auto,"144x108 JPEG (last byte bits1-0=00); 5 shots (bits5-3=100) for 0xA4, 1 shot (000) for 0x84","cmd 4B 00 A0 D2 2F 00 00 00 B0 00 A4 (uplinked 2024-05-20 16:52:49 .. 2024-05-20 16:53:40 JST, delay 47 min); D2 param bytes 00 00 00 B0 00 A4|84 = [grp=00][00][00][B0 fixed][00][quality|shots|RGB|resize]: 0xA4 = 80% JPEG quality, 5 shots, RGB, 144x108; 0x84 = 80%, 1 shot, RGB, 144x108 (KSW_EARTH_CMDMaker_v4.xlsx sheet 地球撮影cmd); byte10 0x84 = 1 shot, 0xA4 = 5 shots); set: 5 images 144x108 (dark); downlink 2024-05-23 13:54 pass",medium,"02_1stAOS day1~day3/00_02 RecData/GSSW_log/…/20240520_1648.txt; 100_01 KASHIWA運用日報/2024年5月/20240520/…-2パス.docx; GS dump 2024-05-21 15:50 sizes [993,1024,994,969,962] (night, dark); original 02_1stAOS day1~day3/00_02 RecData/CAM/画像/20240523_5.jpg (sha256 identical)",capture K6; image #5 (962 B -> 16 pkts = 976 B); original file 20240523_5.jpg; see 20240523_3,858e3d2bd0efcabc4c1694299043dd21e70c05663750e7affa74f7eecafcd165
KASHIWA,CAM,,2024-05-23,2024-05-24,data/01_kashiwa/images/cam/kashiwa_20240523T1653_fa98c2dce8.jpg,144,108,4158,146.49,54.83,ok,2024-05-23T16:53:00+09:00,2024-05-23T16:56:00+09:00,uplink+timer,auto,auto,auto,"144x108 JPEG (last byte bits1-0=00); 5 shots (bits5-3=100) for 0xA4, 1 shot (000) for 0x84","cmd 4B 00 A0 D2 50 00 00 00 B0 00 A4 (uplinked 2024-05-23 15:33:49 JST, delay 80 min); D2 param bytes 00 00 00 B0 00 A4|84 = [grp=00][00][00][B0 fixed][00][quality|shots|RGB|resize]: 0xA4 = 80% JPEG quality, 5 shots, RGB, 144x108; 0x84 = 80%, 1 shot, RGB, 144x108 (KSW_EARTH_CMDMaker_v4.xlsx sheet 地球撮影cmd); byte10 0x84 = 1 shot, 0xA4 = 5 shots); set: 5 images 144x108; downlink 2024-05-24 14:31 pass",high,"02_1stAOS day1~day3/00_02 RecData/GSSW_log/…/20240523_1525.txt; 100_01 KASHIWA運用日報/2024年5月/20240523/…-2パス.docx; GS dump 2024-05-24 14:31 sizes [4158,4248,4510,4518,4631]; original 02_1stAOS day1~day3/00_02 RecData/CAM/画像/030_KSW_CAMMIS_ダウンリンク復元画像_20240524.jpg (sha256 identical)",capture K7; image #1 (4158 B exact); original file 030_KSW_CAMMIS_ダウンリンク復元画像_20240524.jpg,fa98c2dce80ce29bc0e4f708ae4dd7523b84d053bf3a59159fdb9e78fece2334
KASHIWA,CAM,,2024-05-23,2024-05-27,data/01_kashiwa/images/cam/kashiwa_20240523T1653_5ade14c89d.jpg,144,108,4453,116.92,55.97,ok,2024-05-23T16:53:00+09:00,2024-05-23T16:56:00+09:00,uplink+timer,auto,auto,auto,"144x108 JPEG (last byte bits1-0=00); 5 shots (bits5-3=100) for 0xA4, 1 shot (000) for 0x84","cmd 4B 00 A0 D2 50 00 00 00 B0 00 A4 (uplinked 2024-05-23 15:33:49 JST, delay 80 min); D2 param bytes 00 00 00 B0 00 A4|84 = [grp=00][00][00][B0 fixed][00][quality|shots|RGB|resize]: 0xA4 = 80% JPEG quality, 5 shots, RGB, 144x108; 0x84 = 80%, 1 shot, RGB, 144x108 (KSW_EARTH_CMDMaker_v4.xlsx sheet 地球撮影cmd); byte10 0x84 = 1 shot, 0xA4 = 5 shots); set: 5 images 144x108; downlink 2024-05-27 13:10 pass",high,"02_1stAOS day1~day3/00_02 RecData/GSSW_log/…/20240523_1525.txt; 100_01 KASHIWA運用日報/2024年5月/20240523/…-2パス.docx; GS dump 2024-05-24 14:31 sizes [4158,4248,4510,4518,4631]; original 02_1stAOS day1~day3/00_02 RecData/CAM/画像/2024_0527_3.jpg (sha256 identical)","capture K7; image #3 (4510 B; file 73 of 74 pkts); original file 2024_0527_3.jpg; restored 13:35 JST, before K8 uplink; dump 05-27 21:08 still shows K7 set",5ade14c89da78549d686f6343157eecf0112fa06bae09906b0e2c77ecb12f4af
KASHIWA,CAM,,2024-05-23,2024-05-27,data/01_kashiwa/images/cam/kashiwa_20240523T1653_63bb4c2a34.jpg,144,108,4575,176.98,53.79,ok,2024-05-23T16:53:00+09:00,2024-05-23T16:56:00+09:00,uplink+timer,auto,auto,auto,"144x108 JPEG (last byte bits1-0=00); 5 shots (bits5-3=100) for 0xA4, 1 shot (000) for 0x84","cmd 4B 00 A0 D2 50 00 00 00 B0 00 A4 (uplinked 2024-05-23 15:33:49 JST, delay 80 min); D2 param bytes 00 00 00 B0 00 A4|84 = [grp=00][00][00][B0 fixed][00][quality|shots|RGB|resize]: 0xA4 = 80% JPEG quality, 5 shots, RGB, 144x108; 0x84 = 80%, 1 shot, RGB, 144x108 (KSW_EARTH_CMDMaker_v4.xlsx sheet 地球撮影cmd); byte10 0x84 = 1 shot, 0xA4 = 5 shots); set: 5 images 144x108; downlink 2024-05-27 13:10 pass",high,"02_1stAOS day1~day3/00_02 RecData/GSSW_log/…/20240523_1525.txt; 100_01 KASHIWA運用日報/2024年5月/20240523/…-2パス.docx; GS dump 2024-05-24 14:31 sizes [4158,4248,4510,4518,4631]; original 02_1stAOS day1~day3/00_02 RecData/CAM/画像/2024_0527_5.jpg (sha256 identical)",capture K7; image #5 (4631 B; file 75 of 76 pkts); original file 2024_0527_5.jpg,63bb4c2a34a62a1ad3b2f96bda2ff87c1e2b1ee8122021e2527b2e367b3e16c1
KASHIWA,CAM,,2024-05-28,2024-05-29,data/01_kashiwa/images/cam/kashiwa_20240528T1551_fdfd053ce5.jpg,144,108,976,0.18,0.85,dark,2024-05-28T15:51:00+09:00,2024-05-28T15:54:00+09:00,uplink+timer,auto,auto,auto,"144x108 JPEG (last byte bits1-0=00); 5 shots (bits5-3=100) for 0xA4, 1 shot (000) for 0x84","cmd 4B 00 A0 D2 78 00 00 00 B0 00 A4 (uplinked 2024-05-28 13:51:59 JST, delay 120 min); D2 param bytes 00 00 00 B0 00 A4|84 = [grp=00][00][00][B0 fixed][00][quality|shots|RGB|resize]: 0xA4 = 80% JPEG quality, 5 shots, RGB, 144x108; 0x84 = 80%, 1 shot, RGB, 144x108 (KSW_EARTH_CMDMaker_v4.xlsx sheet 地球撮影cmd); byte10 0x84 = 1 shot, 0xA4 = 5 shots); set: 5 images 144x108 (dark); downlink 2024-05-29 12:47 pass",medium,"02_1stAOS day1~day3/00_02 RecData/GSSW_log/…/20240528_1346.txt; 100_01 KASHIWA運用日報/2024年5月/20240528/…-2パス.docx; GS dump 2024-05-29 12:49 sizes [917,879,879,879,879] (dark); original 02_1stAOS day1~day3/00_02 RecData/CAM/画像/2024_0529_1.jpg (sha256 identical)",capture K9; image #1 (917 B -> 16 pkts = 976 B); original file 2024_0529_1.jpg; alternative: K8 2024-05-27 16:14 JST (cmd 4B 00 A0 D2 55 00 00 00 B0 00 A4) - K8 set never seen in a dump (05-27 21:08 still K7),fdfd053ce5535dad5462965ef9cbd877cccdda4e1ddff0c69bbdf07e30b9454b
KASHIWA,CAM,,2024-06-01,2024-06-01,data/01_kashiwa/images/cam/kashiwa_20240601T1130_a87d425ef2.jpg,144,108,3904,128.34,72.36,ok,2024-06-01T11:30:00+09:00,2024-06-01T11:34:00+09:00,uplink+timer,auto,auto,auto,"144x108 JPEG (last byte bits1-0=00); 5 shots (bits5-3=100) for 0xA4, 1 shot (000) for 0x84","cmd 4B 00 A0 D2 05 00 00 00 B0 00 A4 (uplinked 2024-06-01 11:25:09 .. 2024-06-01 11:26:28 JST, delay 5 min); D2 param bytes 00 00 00 B0 00 A4|84 = [grp=00][00][00][B0 fixed][00][quality|shots|RGB|resize]: 0xA4 = 80% JPEG quality, 5 shots, RGB, 144x108; 0x84 = 80%, 1 shot, RGB, 144x108 (KSW_EARTH_CMDMaker_v4.xlsx sheet 地球撮影cmd); byte10 0x84 = 1 shot, 0xA4 = 5 shots); set: 5 images 144x108 (midday Japan, over-exposed per meeting 2024-06-03); downlink 2024-06-01 17:50 & 19:26 passes",high,"02_1stAOS day1~day3/00_02 RecData/GSSW_log/…/20240601_1122.txt; 100_01 KASHIWA運用日報/2024年6月/20240601/…-1パス.docx; GS dump 2024-06-01 17:54 sizes [3844,3786,3834,3822,3828]; original 02_1stAOS day1~day3/00_02 RecData/CAM/画像/20240601_1.jpg (sha256 identical)",capture K10; image #1 (3844 B -> 64 pkts = 3904 B); original file 20240601_1.jpg,a87d425ef2daf15156f6a37131de7703a863ab9ee38d7cc5222141dca6417bad
KASHIWA,CAM,,2024-06-01,2024-06-01,data/01_kashiwa/images/cam/kashiwa_20240601T1130_b87a5806eb.jpg,144,108,3843,157.75,73.95,ok,2024-06-01T11:30:00+09:00,2024-06-01T11:34:00+09:00,uplink+timer,auto,auto,auto,"144x108 JPEG (last byte bits1-0=00); 5 shots (bits5-3=100) for 0xA4, 1 shot (000) for 0x84","cmd 4B 00 A0 D2 05 00 00 00 B0 00 A4 (uplinked 2024-06-01 11:25:09 .. 2024-06-01 11:26:28 JST, delay 5 min); D2 param bytes 00 00 00 B0 00 A4|84 = [grp=00][00][00][B0 fixed][00][quality|shots|RGB|resize]: 0xA4 = 80% JPEG quality, 5 shots, RGB, 144x108; 0x84 = 80%, 1 shot, RGB, 144x108 (KSW_EARTH_CMDMaker_v4.xlsx sheet 地球撮影cmd); byte10 0x84 = 1 shot, 0xA4 = 5 shots); set: 5 images 144x108 (midday Japan, over-exposed per meeting 2024-06-03); downlink 2024-06-01 19:26 pass",high,"02_1stAOS day1~day3/00_02 RecData/GSSW_log/…/20240601_1122.txt; 100_01 KASHIWA運用日報/2024年6月/20240601/…-1パス.docx; GS dump 2024-06-01 17:54 sizes [3844,3786,3834,3822,3828]; original 02_1stAOS day1~day3/00_02 RecData/CAM/画像/20240601_4.jpg (sha256 identical)",capture K10; image #4 (3822 B -> 63 pkts = 3843 B); original file 20240601_4.jpg,b87a5806ebece9f36a9f7387db4578c41b2f84fd023e0eb5bf3f372da48f456e
KASHIWA,CAM,,2024-06-01,2024-06-02,data/01_kashiwa/images/cam/kashiwa_20240601T1130_74b7d8d037.jpg,144,108,3786,154.63,75.22,ok,2024-06-01T11:30:00+09:00,2024-06-01T11:34:00+09:00,uplink+timer,auto,auto,auto,"144x108 JPEG (last byte bits1-0=00); 5 shots (bits5-3=100) for 0xA4, 1 shot (000) for 0x84","cmd 4B 00 A0 D2 05 00 00 00 B0 00 A4 (uplinked 2024-06-01 11:25:09 .. 2024-06-01 11:26:28 JST, delay 5 min); D2 param bytes 00 00 00 B0 00 A4|84 = [grp=00][00][00][B0 fixed][00][quality|shots|RGB|resize]: 0xA4 = 80% JPEG quality, 5 shots, RGB, 144x108; 0x84 = 80%, 1 shot, RGB, 144x108 (KSW_EARTH_CMDMaker_v4.xlsx sheet 地球撮影cmd); byte10 0x84 = 1 shot, 0xA4 = 5 shots); set: 5 images 144x108 (midday Japan, over-exposed per meeting 2024-06-03); downlink 2024-06-02 10:22 pass",high,"02_1stAOS day1~day3/00_02 RecData/GSSW_log/…/20240601_1122.txt; 100_01 KASHIWA運用日報/2024年6月/20240601/…-1パス.docx; GS dump 2024-06-01 17:54 sizes [3844,3786,3834,3822,3828]; original 02_1stAOS day1~day3/00_02 RecData/CAM/画像/20240602_2.jpg (sha256 identical)",capture K10; image #2 (3786 B exact); original file 20240602_2.jpg,74b7d8d037d0bb4bdab76c2370a496bd9685310313ecbe849253f8f4beab39e8
KASHIWA,CAM,,2024-06-01,2024-06-02,data/01_kashiwa/images/cam/kashiwa_20240601T1130_e608a24a60.jpg,144,108,3834,157.87,74.01,ok,2024-06-01T11:30:00+09:00,2024-06-01T11:34:00+09:00,uplink+timer,auto,auto,auto,"144x108 JPEG (last byte bits1-0=00); 5 shots (bits5-3=100) for 0xA4, 1 shot (000) for 0x84","cmd 4B 00 A0 D2 05 00 00 00 B0 00 A4 (uplinked 2024-06-01 11:25:09 .. 2024-06-01 11:26:28 JST, delay 5 min); D2 param bytes 00 00 00 B0 00 A4|84 = [grp=00][00][00][B0 fixed][00][quality|shots|RGB|resize]: 0xA4 = 80% JPEG quality, 5 shots, RGB, 144x108; 0x84 = 80%, 1 shot, RGB, 144x108 (KSW_EARTH_CMDMaker_v4.xlsx sheet 地球撮影cmd); byte10 0x84 = 1 shot, 0xA4 = 5 shots); set: 5 images 144x108 (midday Japan, over-exposed per meeting 2024-06-03); downlink 2024-06-02 10:22 pass",high,"02_1stAOS day1~day3/00_02 RecData/GSSW_log/…/20240601_1122.txt; 100_01 KASHIWA運用日報/2024年6月/20240601/…-1パス.docx; GS dump 2024-06-01 17:54 sizes [3844,3786,3834,3822,3828]; original 02_1stAOS day1~day3/00_02 RecData/CAM/画像/20240602_3.jpg (sha256 identical)",capture K10; image #3 (3834 B exact); original file 20240602_3.jpg,e608a24a608d33c027eb88f9a1b5d52b201966389dc742abefe7f5814ea40927
KASHIWA,CAM,,2024-06-04,2024-06-04,data/01_kashiwa/images/cam/kashiwa_20240604T1137_1d9bf5db3b.jpg,144,108,3843,146.45,81.83,ok,2024-06-04T11:37:00+09:00,2024-06-04T11:40:00+09:00,uplink+timer,auto,auto,auto,"144x108 JPEG (last byte bits1-0=00); 5 shots (bits5-3=100) for 0xA4, 1 shot (000) for 0x84","cmd 4B 00 A0 D2 00 00 00 00 B0 00 A4 (uplinked 2024-06-04 11:37:47 JST, delay 0 min); D2 param bytes 00 00 00 B0 00 A4|84 = [grp=00][00][00][B0 fixed][00][quality|shots|RGB|resize]: 0xA4 = 80% JPEG quality, 5 shots, RGB, 144x108; 0x84 = 80%, 1 shot, RGB, 144x108 (KSW_EARTH_CMDMaker_v4.xlsx sheet 地球撮影cmd); byte10 0x84 = 1 shot, 0xA4 = 5 shots); set: 5 images 144x108; downlink 2024-06-04 18:00 pass",high,"02_1stAOS day1~day3/00_02 RecData/GSSW_log/…/20240604_1133.txt; 100_01 KASHIWA運用日報/2024年6月/20240604/…-2パス.docx; GS dump 2024-06-04 16:26 sizes [3708,3647,3646,3815,3790]; original 02_1stAOS day1~day3/00_02 RecData/CAM/画像/20240604_1800_5.jpg (sha256 identical)",capture K11; image #5 (3790 B -> 63 pkts = 3843 B); original file 20240604_1800_5.jpg,1d9bf5db3ba11a4e57707a6780f65cf59e92af65829d2f6ad8da21879005f334
KASHIWA,CAM,,2024-06-04,2024-06-04,data/01_kashiwa/images/cam/kashiwa_20240604T1137_5df2361024.jpg,144,108,3721,134.41,78.94,ok,2024-06-04T11:37:00+09:00,2024-06-04T11:40:00+09:00,uplink+timer,auto,auto,auto,"144x108 JPEG (last byte bits1-0=00); 5 shots (bits5-3=100) for 0xA4, 1 shot (000) for 0x84","cmd 4B 00 A0 D2 00 00 00 00 B0 00 A4 (uplinked 2024-06-04 11:37:47 JST, delay 0 min); D2 param bytes 00 00 00 B0 00 A4|84 = [grp=00][00][00][B0 fixed][00][quality|shots|RGB|resize]: 0xA4 = 80% JPEG quality, 5 shots, RGB, 144x108; 0x84 = 80%, 1 shot, RGB, 144x108 (KSW_EARTH_CMDMaker_v4.xlsx sheet 地球撮影cmd); byte10 0x84 = 1 shot, 0xA4 = 5 shots); set: 5 images 144x108; downlink 2024-06-04 18:00 pass",high,"02_1stAOS day1~day3/00_02 RecData/GSSW_log/…/20240604_1133.txt; 100_01 KASHIWA運用日報/2024年6月/20240604/…-2パス.docx; GS dump 2024-06-04 16:26 sizes [3708,3647,3646,3815,3790]; original 02_1stAOS day1~day3/00_02 RecData/CAM/画像/20240604_1800.jpg (sha256 identical)",capture K11; image #1 (3708 B -> 61 pkts = 3721 B); original file 20240604_1800.jpg; also present in CAM_dryrun_240410/20240604_1800.jpg,5df23610248956716b9ca82921043efc06977e54d4bb7de826cfa720f3f354ea
KASHIWA,CAM,,2024-06-04,2024-06-04,data/01_kashiwa/images/cam/kashiwa_20240604T1137_64abb37cde.jpg,144,108,3660,128.01,76.66,ok,2024-06-04T11:37:00+09:00,2024-06-04T11:40:00+09:00,uplink+timer,auto,auto,auto,"144x108 JPEG (last byte bits1-0=00); 5 shots (bits5-3=100) for 0xA4, 1 shot (000) for 0x84","cmd 4B 00 A0 D2 00 00 00 00 B0 00 A4 (uplinked 2024-06-04 11:37:47 JST, delay 0 min); D2 param bytes 00 00 00 B0 00 A4|84 = [grp=00][00][00][B0 fixed][00][quality|shots|RGB|resize]: 0xA4 = 80% JPEG quality, 5 shots, RGB, 144x108; 0x84 = 80%, 1 shot, RGB, 144x108 (KSW_EARTH_CMDMaker_v4.xlsx sheet 地球撮影cmd); byte10 0x84 = 1 shot, 0xA4 = 5 shots); set: 5 images 144x108; downlink 2024-06-04 18:00 pass",high,"02_1stAOS day1~day3/00_02 RecData/GSSW_log/…/20240604_1133.txt; 100_01 KASHIWA運用日報/2024年6月/20240604/…-2パス.docx; GS dump 2024-06-04 16:26 sizes [3708,3647,3646,3815,3790]; original 02_1stAOS day1~day3/00_02 RecData/CAM/画像/20240604_1800_2.jpg (sha256 identical)",capture K11; image #2 (3647 B -> 60 pkts = 3660 B); original file 20240604_1800_2.jpg,64abb37cdee42232f565aa2f5b6d18d6f03dc968950a1949fca2ce14c9038f87
KASHIWA,CAM,,2024-06-04,2024-06-06,data/01_kashiwa/images/cam/kashiwa_20240604T1137_41048ec1c9.jpg,144,108,3708,134.41,78.94,ok,2024-06-04T11:37:00+09:00,2024-06-04T11:40:00+09:00,uplink+timer,auto,auto,auto,"144x108 JPEG (last byte bits1-0=00); 5 shots (bits5-3=100) for 0xA4, 1 shot (000) for 0x84","cmd 4B 00 A0 D2 00 00 00 00 B0 00 A4 (uplinked 2024-06-04 11:37:47 JST, delay 0 min); D2 param bytes 00 00 00 B0 00 A4|84 = [grp=00][00][00][B0 fixed][00][quality|shots|RGB|resize]: 0xA4 = 80% JPEG quality, 5 shots, RGB, 144x108; 0x84 = 80%, 1 shot, RGB, 144x108 (KSW_EARTH_CMDMaker_v4.xlsx sheet 地球撮影cmd); byte10 0x84 = 1 shot, 0xA4 = 5 shots); set: 5 images 144x108; downlink 2024-06-06 09:29 pass",high,"02_1stAOS day1~day3/00_02 RecData/GSSW_log/…/20240604_1133.txt; 100_01 KASHIWA運用日報/2024年6月/20240604/…-2パス.docx; GS dump 2024-06-04 16:26 sizes [3708,3647,3646,3815,3790]; original 02_1stAOS day1~day3/00_02 RecData/CAM/画像/20240606_1.jpg (sha256 identical)",capture K11; image #1 (3708 B exact); original file 20240606_1.jpg; same image as 20240604_1800 (dump 06-06 09:30 = K11 set),41048ec1c96446e00a77539e8ed66a830672a7a01d0913e0ddaaeaab9a79f888
KASHIWA,CAM,,2024-06-06,2024-06-06,data/01_kashiwa/images/cam/kashiwa_20240606T1159_d92556e950.jpg,144,108,889,0.16,0.36,dark,2024-06-06T11:59:00+09:00,2024-06-06T12:02:00+09:00,uplink+timer,auto,auto,auto,"144x108 JPEG (last byte bits1-0=00); 5 shots (bits5-3=100) for 0xA4, 1 shot (000) for 0x84","cmd 4B 00 A0 D2 30 00 00 00 B0 00 A4 (uplinked 2024-06-06 11:11:11 JST, delay 48 min); D2 param bytes 00 00 00 B0 00 A4|84 = [grp=00][00][00][B0 fixed][00][quality|shots|RGB|resize]: 0xA4 = 80% JPEG quality, 5 shots, RGB, 144x108; 0x84 = 80%, 1 shot, RGB, 144x108 (KSW_EARTH_CMDMaker_v4.xlsx sheet 地球撮影cmd); byte10 0x84 = 1 shot, 0xA4 = 5 shots); set: 5 images 144x108 (dark); downlink 2024-06-06 15:57 pass",high,"02_1stAOS day1~day3/00_02 RecData/GSSW_log/…/20240606_1117.txt; 100_01 KASHIWA運用日報/2024年6月/20240606/…-2パス.docx; GS dump 2024-06-06 15:58 sizes [889,879,881,879,879] (dark); original 02_1stAOS day1~day3/00_02 RecData/CAM/画像/20240606_1620_1.jpg (sha256 identical)",capture K12; image #1 (889 B exact); original file 20240606_1620_1.jpg; dark,d92556e95031103d3fe74b57c36244b67208a6c8ead616695f20f8599d32f8ec
KASHIWA,CAM,,2024-06-07,2024-06-08,data/01_kashiwa/images/cam/kashiwa_20240607T1724_074326e427.jpg,144,108,1403,1.32,8.76,dark,2024-06-07T17:24:00+09:00,2024-06-07T17:27:00+09:00,uplink+timer,auto,auto,auto,"144x108 JPEG (last byte bits1-0=00); 5 shots (bits5-3=100) for 0xA4, 1 shot (000) for 0x84","cmd 4B 00 A0 D2 30 00 00 00 B0 00 A4 (uplinked 2024-06-07 16:36:16 JST, delay 48 min); D2 param bytes 00 00 00 B0 00 A4|84 = [grp=00][00][00][B0 fixed][00][quality|shots|RGB|resize]: 0xA4 = 80% JPEG quality, 5 shots, RGB, 144x108; 0x84 = 80%, 1 shot, RGB, 144x108 (KSW_EARTH_CMDMaker_v4.xlsx sheet 地球撮影cmd); byte10 0x84 = 1 shot, 0xA4 = 5 shots); set: 5 images 144x108 (dark); downlink 2024-06-08 09:02 pass",medium,"02_1stAOS day1~day3/00_02 RecData/GSSW_log/…/20240607_1631.txt; 100_01 KASHIWA運用日報/2024年6月/20240607/…-3パス.docx; GS dump 2024-06-08 09:03 sizes [1394,1610,1778,1778,2100] (dark); original 02_1stAOS day1~day3/00_02 RecData/CAM/画像/20240608_1.jpg (sha256 identical)","capture K14; image #1 (1394 B -> 23 pkts = 1403 B); original file 20240608_1.jpg; alternative K13 2024-06-07 12:47 JST (cmd 4B 00 A0 D2 9B 00 00 00 00 00 A4, byte8=00) not visible in 06-07 14:56 dump",074326e427bfb88f3338f3102ca17113c59a1c689b83b5613342c860271576e9
KASHIWA,CAM,,2024-06-08,2024-06-09,data/01_kashiwa/images/cam/kashiwa_20240608T1755_9894f8beec.jpg,144,108,884,0.04,0.19,dark,2024-06-08T17:55:00+09:00,2024-06-08T17:58:00+09:00,uplink+timer,auto,auto,auto,"144x108 JPEG (last byte bits1-0=00); 5 shots (bits5-3=100) for 0xA4, 1 shot (000) for 0x84","cmd 4B 00 A0 D2 2D 00 00 00 B0 00 A4 (uplinked 2024-06-08 17:10:13 .. 2024-06-08 17:10:23 JST, delay 45 min); D2 param bytes 00 00 00 B0 00 A4|84 = [grp=00][00][00][B0 fixed][00][quality|shots|RGB|resize]: 0xA4 = 80% JPEG quality, 5 shots, RGB, 144x108; 0x84 = 80%, 1 shot, RGB, 144x108 (KSW_EARTH_CMDMaker_v4.xlsx sheet 地球撮影cmd); byte10 0x84 = 1 shot, 0xA4 = 5 shots); set: 5 images 144x108 (dark); downlink 2024-06-09 09:36 pass",high,"02_1stAOS day1~day3/00_02 RecData/GSSW_log/…/20240608_1709.txt; 100_01 KASHIWA運用日報/2024年6月/20240608/…-3パス.docx; GS dump 2024-06-09 09:36 sizes [884,879,879,879,879] (dark); original 02_1stAOS day1~day3/00_02 RecData/CAM/画像/20240609_1.jpg (sha256 identical)",capture K15; image #1 (884 B exact); original file 20240609_1.jpg; dark,9894f8beece4c61d21de937b271986c9beca6333774a09fead9c6290fda62938
KASHIWA,CAM,,2024-06-13,2024-06-14,data/01_kashiwa/images/cam/kashiwa_20240613T1333_3dc5447a5a.jpg,80,45,2562,55.92,87.69,ok,2024-06-13T13:33:00+09:00,2024-06-13T13:38:00+09:00,uplink+timer,100,1 ms,manual,"40 shots, 80x45 JPEG thumbnails (documented)","cmd 4B 00 A0 D2 00 61 6D 00 00 00 00 (uplinked 2024-06-13 13:33:46 JST, delay 0 min); D2 param bytes 61 6D 00 00 00 00 ('ISS撮影モード'); byte layout undocumented - earth-family (C1) and YOMOGI A3/B3 layouts tested and rejected; set: 40 images 80x45; downlink 2024-06-14 05:55 pass",high,02_1stAOS day1~day3/00_02 RecData/GSSW_log/…/20240613_1326.txt; 100_01 KASHIWA運用日報/2024年6月/20240613/…-1パス.docx; GS dump 2024-06-13 15:05 (>=24 images ~2.5 KB; same set still on 2024-06-19 and 06-23); original 02_1stAOS day1~day3/00_02 RecData/CAM/画像/20240614_7.jpg (sha256 identical),capture K16; image #7 (2557 B -> 42 pkts = 2562 B); original file 20240614_7.jpg,3dc5447a5a4df6ea650917f5754a5d31b44a40fd3adb23a677356d606af2b994
KASHIWA,CAM,,2024-06-13,2024-06-14,data/01_kashiwa/images/cam/kashiwa_20240613T1333_da7787d65a.jpg,80,45,2575,49.22,83.32,ok,2024-06-13T13:33:00+09:00,2024-06-13T13:38:00+09:00,uplink+timer,100,1 ms,manual,"40 shots, 80x45 JPEG thumbnails (documented)","cmd 4B 00 A0 D2 00 61 6D 00 00 00 00 (uplinked 2024-06-13 13:33:46 JST, delay 0 min); D2 param bytes 61 6D 00 00 00 00 ('ISS撮影モード'); byte layout undocumented - earth-family (C1) and YOMOGI A3/B3 layouts tested and rejected; set: 40 images 80x45; downlink 2024-06-14 05:55 pass",high,02_1stAOS day1~day3/00_02 RecData/GSSW_log/…/20240613_1326.txt; 100_01 KASHIWA運用日報/2024年6月/20240613/…-1パス.docx; GS dump 2024-06-13 15:05 (>=24 images ~2.5 KB; same set still on 2024-06-19 and 06-23); original 02_1stAOS day1~day3/00_02 RecData/CAM/画像/20240614_2.jpg (sha256 identical),capture K16; image #2 (2575 B exact); original file 20240614_2.jpg,da7787d65aea76ec9c7aea3beebabbdf800605814e5474f12d9bf23967d1bd32
KASHIWA,CAM,,2024-06-13,2024-06-14,data/01_kashiwa/images/cam/kashiwa_20240613T1333_fe3313c7d0.jpg,80,45,2562,54.18,86.88,ok,2024-06-13T13:33:00+09:00,2024-06-13T13:38:00+09:00,uplink+timer,100,1 ms,manual,"40 shots, 80x45 JPEG thumbnails (documented)","cmd 4B 00 A0 D2 00 61 6D 00 00 00 00 (uplinked 2024-06-13 13:33:46 JST, delay 0 min); D2 param bytes 61 6D 00 00 00 00 ('ISS撮影モード'); byte layout undocumented - earth-family (C1) and YOMOGI A3/B3 layouts tested and rejected; set: 40 images 80x45; downlink 2024-06-14 05:55 pass",high,02_1stAOS day1~day3/00_02 RecData/GSSW_log/…/20240613_1326.txt; 100_01 KASHIWA運用日報/2024年6月/20240613/…-1パス.docx; GS dump 2024-06-13 15:05 (>=24 images ~2.5 KB; same set still on 2024-06-19 and 06-23); original 02_1stAOS day1~day3/00_02 RecData/CAM/画像/20240614_5.jpg (sha256 identical),capture K16; image #5 (2530 B -> 42 pkts = 2562 B); original file 20240614_5.jpg,fe3313c7d011817456c8ca387cb1a4d22e84b1e7d11172e8f3c7e5be7369d6dd
KASHIWA,CAM,,2024-06-13,2024-06-19,data/01_kashiwa/images/cam/kashiwa_20240613T1333_86b3bc9d96.jpg,80,45,2684,59.65,87.99,ok,2024-06-13T13:33:00+09:00,2024-06-13T13:38:00+09:00,uplink+timer,100,1 ms,manual,"40 shots, 80x45 JPEG thumbnails (documented)","cmd 4B 00 A0 D2 00 61 6D 00 00 00 00 (uplinked 2024-06-13 13:33:46 JST, delay 0 min); D2 param bytes 61 6D 00 00 00 00 ('ISS撮影モード'); byte layout undocumented - earth-family (C1) and YOMOGI A3/B3 layouts tested and rejected; set: 40 images 80x45; downlink 2024-06-19 11:46 pass",high,02_1stAOS day1~day3/00_02 RecData/GSSW_log/…/20240613_1326.txt; 100_01 KASHIWA運用日報/2024年6月/20240613/…-1パス.docx; GS dump 2024-06-13 15:05 (>=24 images ~2.5 KB; same set still on 2024-06-19 and 06-23); original 02_1stAOS day1~day3/00_02 RecData/CAM/画像/20240619_28.jpg (identical file 20240619_30.jpg) (sha256 identical),capture K16; image #28 (flash 0x05F9C000) or #30; original file 20240619_28.jpg (identical file 20240619_30.jpg); dumps 06-19 and 06-23 identical to 06-13 set,86b3bc9d965fb6aa9b9671d88fcd27c237825621791bd89dc30f000327d1f046
KASHIWA,CAM,,2024-06-26,2024-06-27,data/01_kashiwa/images/cam/kashiwa_20240626T0912_731c095660.jpg,80,45,2501,48.33,85.38,ok,2024-06-26T09:12:00+09:00,2024-06-26T09:17:00+09:00,uplink+timer,,,preset-day,7 shots saved as 640x480 JPEG ('サムネ高画質'),"cmd 4B 00 A0 D2 0F 76 6D 00 00 00 00 (uplinked 2024-06-26 08:57:15 .. 2024-06-26 08:57:28 JST, delay 15 min); D2 param bytes 76 6D 00 00 00 00 (schedule CMD一覧: CAM撮影(日中)); shares byte2=6D with the documented ISS-mode command (ISO 100 / 1 ms / EV -5), so exposure settings are plausibly identical to that mode - inference only; set: 40 images 80x45 (this instance of 76 6D produced small thumbnails); downlink 2024-06-27 09:19 pass (same pass in which K18 was uplinked, before it executed)",medium,"02_1stAOS day1~day3/00_02 RecData/GSSW_log/…/20240626_0850.txt; 100_01 KASHIWA運用日報/2024年6月/20240626/…-1パス.docx; GS dump 2024-06-27 09:25 (new set, >=24 images ~2.55-2.6 KB); original 02_1stAOS day1~day3/00_02 RecData/CAM/画像/20240627_1.jpg (sha256 identical)","capture K17; image #1 (2591 B -> 43 pkts; file 41 pkts); original file 20240627_1.jpg; 76 6D here produced 40 small thumbnails, unlike later 76 6D captures",731c095660f81a5f7e2ffb730e94be71220020bc36966509a1a36459d700d103
KASHIWA,CAM,,2024-06-29,2024-07-01,data/01_kashiwa/images/cam/kashiwa_20240629T0903_78f57e2d31.jpg,640,480,17995,126.26,37.15,ok,2024-06-29T09:03:00+09:00,2024-06-29T09:06:00+09:00,uplink+timer,,,preset-day,7 shots saved as 640x480 JPEG ('サムネ高画質'),"cmd 4B 00 A0 D2 14 76 6D 00 00 00 00 (uplinked 2024-06-29 08:43:32 JST, delay 20 min); D2 param bytes 76 6D 00 00 00 00 (schedule CMD一覧: CAM撮影(日中)); shares byte2=6D with the documented ISS-mode command (ISO 100 / 1 ms / EV -5), so exposure settings are plausibly identical to that mode - inference only; set: 7 images 640x480; downlink 2024-07-01 22:47 pass",high,"02_1stAOS day1~day3/00_02 RecData/GSSW_log/…/20240629_0839.txt; 100_01 KASHIWA運用日報/2024年6月/20240629/…-1パス.docx; GS dump 2024-07-01 22:40 sizes [83473,60376,27129,85907,54054,36746,84772]; original 02_1stAOS day1~day3/00_02 RecData/CAM/画像/20240701_1.jpg (sha256 identical)",capture K19; image #1 partial (295 of 1369 pkts; full size 83473 B); original file 20240701_1.jpg; team slides call this '7/1 22:47パス' by downlink date; no capture command was uplinked 06-30..07-08 except K19,78f57e2d31a85d6c0590914493f810bb263a7c6d44adea5d6073b8cbc06b28a1
KASHIWA,CAM,,2024-06-29,2024-07-03,data/01_kashiwa/images/cam/kashiwa_20240629T0903_7b736ee58d.jpg,640,480,18788,125.45,38.01,ok,2024-06-29T09:03:00+09:00,2024-06-29T09:06:00+09:00,uplink+timer,,,preset-day,7 shots saved as 640x480 JPEG ('サムネ高画質'),"cmd 4B 00 A0 D2 14 76 6D 00 00 00 00 (uplinked 2024-06-29 08:43:32 JST, delay 20 min); D2 param bytes 76 6D 00 00 00 00 (schedule CMD一覧: CAM撮影(日中)); shares byte2=6D with the documented ISS-mode command (ISO 100 / 1 ms / EV -5), so exposure settings are plausibly identical to that mode - inference only; set: 7 images 640x480; downlink 2024-07-01..07-03 passes",high,"02_1stAOS day1~day3/00_02 RecData/GSSW_log/…/20240629_0839.txt; 100_01 KASHIWA運用日報/2024年6月/20240629/…-1パス.docx; GS dump 2024-07-01 22:40 sizes [83473,60376,27129,85907,54054,36746,84772]; original 02_1stAOS day1~day3/00_02 RecData/CAM/画像/20240703_1.jpg (sha256 identical)",capture K19; image #1 partial; original file 20240703_1.jpg,7b736ee58d78698102d2f7e5fb4f531d8862960069eac8741f1de81eaf467653
KASHIWA,CAM,,2024-06-29,2024-07-04,data/01_kashiwa/images/cam/kashiwa_20240629T0903_5ad3a22627.jpg,640,480,44469,113.13,53.39,ok,2024-06-29T09:03:00+09:00,2024-06-29T09:06:00+09:00,uplink+timer,,,preset-day,7 shots saved as 640x480 JPEG ('サムネ高画質'),"cmd 4B 00 A0 D2 14 76 6D 00 00 00 00 (uplinked 2024-06-29 08:43:32 JST, delay 20 min); D2 param bytes 76 6D 00 00 00 00 (schedule CMD一覧: CAM撮影(日中)); shares byte2=6D with the documented ISS-mode command (ISO 100 / 1 ms / EV -5), so exposure settings are plausibly identical to that mode - inference only; set: 7 images 640x480; downlink 2024-07-01..07-04 passes",high,"02_1stAOS day1~day3/00_02 RecData/GSSW_log/…/20240629_0839.txt; 100_01 KASHIWA運用日報/2024年6月/20240629/…-1パス.docx; GS dump 2024-07-01 22:40 sizes [83473,60376,27129,85907,54054,36746,84772]; original 02_1stAOS day1~day3/00_02 RecData/CAM/画像/20240704_2.jpg (sha256 identical)",capture K19; image #1 partial; original file 20240704_2.jpg,5ad3a226273fd64d6a86e05134a6267383514112613f9364bfcc1cf665be13aa
KASHIWA,CAM,,2024-06-29,2024-07-04,data/01_kashiwa/images/cam/kashiwa_20240629T0903_6b142d0338.jpg,640,480,19215,126.19,38.43,ok,2024-06-29T09:03:00+09:00,2024-06-29T09:06:00+09:00,uplink+timer,,,preset-day,7 shots saved as 640x480 JPEG ('サムネ高画質'),"cmd 4B 00 A0 D2 14 76 6D 00 00 00 00 (uplinked 2024-06-29 08:43:32 JST, delay 20 min); D2 param bytes 76 6D 00 00 00 00 (schedule CMD一覧: CAM撮影(日中)); shares byte2=6D with the documented ISS-mode command (ISO 100 / 1 ms / EV -5), so exposure settings are plausibly identical to that mode - inference only; set: 7 images 640x480; downlink 2024-07-01..07-04 passes",high,"02_1stAOS day1~day3/00_02 RecData/GSSW_log/…/20240629_0839.txt; 100_01 KASHIWA運用日報/2024年6月/20240629/…-1パス.docx; GS dump 2024-07-01 22:40 sizes [83473,60376,27129,85907,54054,36746,84772]; original 02_1stAOS day1~day3/00_02 RecData/CAM/画像/20240704_1.jpg (dup 20240705_1.jpg) (sha256 identical)",capture K19; image #1 partial; original file 20240704_1.jpg (dup 20240705_1.jpg),6b142d03380ca0f7b1cc7f094e02be1452456e02b31a0d87a399c0d4dddfb6b9
KASHIWA,CAM,,2024-06-29,2024-07-05,data/01_kashiwa/images/cam/kashiwa_20240629T0903_63836947b6.jpg,640,480,46360,127.94,56.04,ok,2024-06-29T09:03:00+09:00,2024-06-29T09:06:00+09:00,uplink+timer,,,preset-day,7 shots saved as 640x480 JPEG ('サムネ高画質'),"cmd 4B 00 A0 D2 14 76 6D 00 00 00 00 (uplinked 2024-06-29 08:43:32 JST, delay 20 min); D2 param bytes 76 6D 00 00 00 00 (schedule CMD一覧: CAM撮影(日中)); shares byte2=6D with the documented ISS-mode command (ISO 100 / 1 ms / EV -5), so exposure settings are plausibly identical to that mode - inference only; set: 7 images 640x480; downlink 2024-07-01..07-05 passes",high,"02_1stAOS day1~day3/00_02 RecData/GSSW_log/…/20240629_0839.txt; 100_01 KASHIWA運用日報/2024年6月/20240629/…-1パス.docx; GS dump 2024-07-01 22:40 sizes [83473,60376,27129,85907,54054,36746,84772]; original 02_1stAOS day1~day3/00_02 RecData/CAM/画像/20240705_3.jpg (sha256 identical)",capture K19; image #1 partial; original file 20240705_3.jpg,63836947b631a006000a3ad24fe90d938db2f91bf496f9e36bd06ad7a52dba81
KASHIWA,CAM,,2024-06-29,2024-07-05,data/01_kashiwa/images/cam/kashiwa_20240629T0903_9c194b72bc.jpg,640,480,44713,111.68,48.37,ok,2024-06-29T09:03:00+09:00,2024-06-29T09:06:00+09:00,uplink+timer,,,preset-day,7 shots saved as 640x480 JPEG ('サムネ高画質'),"cmd 4B 00 A0 D2 14 76 6D 00 00 00 00 (uplinked 2024-06-29 08:43:32 JST, delay 20 min); D2 param bytes 76 6D 00 00 00 00 (schedule CMD一覧: CAM撮影(日中)); shares byte2=6D with the documented ISS-mode command (ISO 100 / 1 ms / EV -5), so exposure settings are plausibly identical to that mode - inference only; set: 7 images 640x480; downlink 2024-07-01..07-05 passes",high,"02_1stAOS day1~day3/00_02 RecData/GSSW_log/…/20240629_0839.txt; 100_01 KASHIWA運用日報/2024年6月/20240629/…-1パス.docx; GS dump 2024-07-01 22:40 sizes [83473,60376,27129,85907,54054,36746,84772]; original 02_1stAOS day1~day3/00_02 RecData/CAM/画像/20240705_2.jpg (sha256 identical)",capture K19; image #1 partial; original file 20240705_2.jpg,9c194b72bcb24f3af62be9bc57e11c56a03f3ffc7ffd54118f273f9e1aa5ef71
KASHIWA,CAM,,2024-06-29,2024-07-06,data/01_kashiwa/images/cam/kashiwa_20240629T0903_12da0cbd52.jpg,640,480,46543,124.60,51.80,ok,2024-06-29T09:03:00+09:00,2024-06-29T09:06:00+09:00,uplink+timer,,,preset-day,7 shots saved as 640x480 JPEG ('サムネ高画質'),"cmd 4B 00 A0 D2 14 76 6D 00 00 00 00 (uplinked 2024-06-29 08:43:32 JST, delay 20 min); D2 param bytes 76 6D 00 00 00 00 (schedule CMD一覧: CAM撮影(日中)); shares byte2=6D with the documented ISS-mode command (ISO 100 / 1 ms / EV -5), so exposure settings are plausibly identical to that mode - inference only; set: 7 images 640x480; downlink 2024-07-01..07-06 passes",high,"02_1stAOS day1~day3/00_02 RecData/GSSW_log/…/20240629_0839.txt; 100_01 KASHIWA運用日報/2024年6月/20240629/…-1パス.docx; GS dump 2024-07-01 22:40 sizes [83473,60376,27129,85907,54054,36746,84772]; original 02_1stAOS day1~day3/00_02 RecData/CAM/画像/20240706_1.jpg (dup 20240706_2.jpg) (sha256 identical)",capture K19; image #1 partial; original file 20240706_1.jpg (dup 20240706_2.jpg),12da0cbd52bc05db86be22d23199d575529fb03109e34e69f98db384571d99e2
KASHIWA,CAM,,2024-06-29,2024-07-06,data/01_kashiwa/images/cam/kashiwa_20240629T0903_1cd8eac917.jpg,640,480,16653,125.38,36.02,ok,2024-06-29T09:03:00+09:00,2024-06-29T09:06:00+09:00,uplink+timer,,,preset-day,7 shots saved as 640x480 JPEG ('サムネ高画質'),"cmd 4B 00 A0 D2 14 76 6D 00 00 00 00 (uplinked 2024-06-29 08:43:32 JST, delay 20 min); D2 param bytes 76 6D 00 00 00 00 (schedule CMD一覧: CAM撮影(日中)); shares byte2=6D with the documented ISS-mode command (ISO 100 / 1 ms / EV -5), so exposure settings are plausibly identical to that mode - inference only; set: 7 images 640x480; downlink 2024-07-01..07-06 passes",high,"02_1stAOS day1~day3/00_02 RecData/GSSW_log/…/20240629_0839.txt; 100_01 KASHIWA運用日報/2024年6月/20240629/…-1パス.docx; GS dump 2024-07-01 22:40 sizes [83473,60376,27129,85907,54054,36746,84772]; original 02_1stAOS day1~day3/00_02 RecData/CAM/画像/0706 demo2 010f.jpg (sha256 identical)",capture K19; image #1 partial (demo); original file 0706 demo2 010f.jpg,1cd8eac917efb41bcc8fbb37388b18d28a7d0b9c4fd6b31c3a1da465577c4ce4
KASHIWA,CAM,,2024-06-29,2024-07-06,data/01_kashiwa/images/cam/kashiwa_20240629T0903_21203cd515.jpg,640,480,31964,131.52,48.25,ok,2024-06-29T09:03:00+09:00,2024-06-29T09:06:00+09:00,uplink+timer,,,preset-day,7 shots saved as 640x480 JPEG ('サムネ高画質'),"cmd 4B 00 A0 D2 14 76 6D 00 00 00 00 (uplinked 2024-06-29 08:43:32 JST, delay 20 min); D2 param bytes 76 6D 00 00 00 00 (schedule CMD一覧: CAM撮影(日中)); shares byte2=6D with the documented ISS-mode command (ISO 100 / 1 ms / EV -5), so exposure settings are plausibly identical to that mode - inference only; set: 7 images 640x480; downlink 2024-07-01..07-06 passes",high,"02_1stAOS day1~day3/00_02 RecData/GSSW_log/…/20240629_0839.txt; 100_01 KASHIWA運用日報/2024年6月/20240629/…-1パス.docx; GS dump 2024-07-01 22:40 sizes [83473,60376,27129,85907,54054,36746,84772]; original 02_1stAOS day1~day3/00_02 RecData/CAM/画像/0706 demo2 02f1.jpg (sha256 identical)",capture K19; image #1 partial (demo); original file 0706 demo2 02f1.jpg,21203cd515908b58d36ff4befafaa3435e214ee47ebacc37d4f99ee3f8448de1
KASHIWA,CAM,,2024-06-29,2024-07-06,data/01_kashiwa/images/cam/kashiwa_20240629T0903_3a78a17034.jpg,640,480,17934,126.09,36.87,ok,2024-06-29T09:03:00+09:00,2024-06-29T09:06:00+09:00,uplink+timer,,,preset-day,7 shots saved as 640x480 JPEG ('サムネ高画質'),"cmd 4B 00 A0 D2 14 76 6D 00 00 00 00 (uplinked 2024-06-29 08:43:32 JST, delay 20 min); D2 param bytes 76 6D 00 00 00 00 (schedule CMD一覧: CAM撮影(日中)); shares byte2=6D with the documented ISS-mode command (ISO 100 / 1 ms / EV -5), so exposure settings are plausibly identical to that mode - inference only; set: 7 images 640x480; downlink 2024-07-01..07-06 passes",high,"02_1stAOS day1~day3/00_02 RecData/GSSW_log/…/20240629_0839.txt; 100_01 KASHIWA運用日報/2024年6月/20240629/…-1パス.docx; GS dump 2024-07-01 22:40 sizes [83473,60376,27129,85907,54054,36746,84772]; original 02_1stAOS day1~day3/00_02 RecData/CAM/画像/0706 demo2 0125.jpg (sha256 identical)",capture K19; image #1 partial (demo); original file 0706 demo2 0125.jpg,3a78a17034571ffbddaf7ae5ec51c0693f78542a9642d4b1a7708e2b61aaee37
KASHIWA,CAM,,2024-06-29,2024-07-06,data/01_kashiwa/images/cam/kashiwa_20240629T0903_6c11754088.jpg,640,480,17995,126.03,36.93,ok,2024-06-29T09:03:00+09:00,2024-06-29T09:06:00+09:00,uplink+timer,,,preset-day,7 shots saved as 640x480 JPEG ('サムネ高画質'),"cmd 4B 00 A0 D2 14 76 6D 00 00 00 00 (uplinked 2024-06-29 08:43:32 JST, delay 20 min); D2 param bytes 76 6D 00 00 00 00 (schedule CMD一覧: CAM撮影(日中)); shares byte2=6D with the documented ISS-mode command (ISO 100 / 1 ms / EV -5), so exposure settings are plausibly identical to that mode - inference only; set: 7 images 640x480; downlink 2024-07-01..07-06 passes",high,"02_1stAOS day1~day3/00_02 RecData/GSSW_log/…/20240629_0839.txt; 100_01 KASHIWA運用日報/2024年6月/20240629/…-1パス.docx; GS dump 2024-07-01 22:40 sizes [83473,60376,27129,85907,54054,36746,84772]; original 02_1stAOS day1~day3/00_02 RecData/CAM/画像/0706 demo2 0127.jpg (sha256 identical)",capture K19; image #1 partial (demo); original file 0706 demo2 0127.jpg,6c117540888a59d07cca58a4f43e1e15a498da07c3e1ffec4f80fb268eea0291
KASHIWA,CAM,,2024-06-29,2024-07-06,data/01_kashiwa/images/cam/kashiwa_20240629T0903_6cf47e58ed.jpg,640,480,20191,124.96,40.61,ok,2024-06-29T09:03:00+09:00,2024-06-29T09:06:00+09:00,uplink+timer,,,preset-day,7 shots saved as 640x480 JPEG ('サムネ高画質'),"cmd 4B 00 A0 D2 14 76 6D 00 00 00 00 (uplinked 2024-06-29 08:43:32 JST, delay 20 min); D2 param bytes 76 6D 00 00 00 00 (schedule CMD一覧: CAM撮影(日中)); shares byte2=6D with the documented ISS-mode command (ISO 100 / 1 ms / EV -5), so exposure settings are plausibly identical to that mode - inference only; set: 7 images 640x480; downlink 2024-07-01..07-06 passes",high,"02_1stAOS day1~day3/00_02 RecData/GSSW_log/…/20240629_0839.txt; 100_01 KASHIWA運用日報/2024年6月/20240629/…-1パス.docx; GS dump 2024-07-01 22:40 sizes [83473,60376,27129,85907,54054,36746,84772]; original 02_1stAOS day1~day3/00_02 RecData/CAM/画像/0706 demo2 016f.jpg (sha256 identical)",capture K19; image #1 partial (demo); original file 0706 demo2 016f.jpg,6cf47e58edfbcaf7861d4fb67dbb5b4106082bed35c2607f7e4e9c2816cd873f
KASHIWA,CAM,,2024-06-29,2024-07-06,data/01_kashiwa/images/cam/kashiwa_20240629T0903_7afd838f14.jpg,640,480,18056,125.98,36.97,ok,2024-06-29T09:03:00+09:00,2024-06-29T09:06:00+09:00,uplink+timer,,,preset-day,7 shots saved as 640x480 JPEG ('サムネ高画質'),"cmd 4B 00 A0 D2 14 76 6D 00 00 00 00 (uplinked 2024-06-29 08:43:32 JST, delay 20 min); D2 param bytes 76 6D 00 00 00 00 (schedule CMD一覧: CAM撮影(日中)); shares byte2=6D with the documented ISS-mode command (ISO 100 / 1 ms / EV -5), so exposure settings are plausibly identical to that mode - inference only; set: 7 images 640x480; downlink 2024-07-01..07-06 passes",high,"02_1stAOS day1~day3/00_02 RecData/GSSW_log/…/20240629_0839.txt; 100_01 KASHIWA運用日報/2024年6月/20240629/…-1パス.docx; GS dump 2024-07-01 22:40 sizes [83473,60376,27129,85907,54054,36746,84772]; original 02_1stAOS day1~day3/00_02 RecData/CAM/画像/0706 demo2 0128.jpg (dup 0129) (sha256 identical)",capture K19; image #1 partial (demo); original file 0706 demo2 0128.jpg (dup 0129),7afd838f1496f78a6a5651038662f445f725d77b3927dd23e3b7f05c5fa08f81
KASHIWA,CAM,,2024-06-29,2024-07-06,data/01_kashiwa/images/cam/kashiwa_20240629T0903_81d6a6f93b.jpg,640,480,24583,130.26,46.28,ok,2024-06-29T09:03:00+09:00,2024-06-29T09:06:00+09:00,uplink+timer,,,preset-day,7 shots saved as 640x480 JPEG ('サムネ高画質'),"cmd 4B 00 A0 D2 14 76 6D 00 00 00 00 (uplinked 2024-06-29 08:43:32 JST, delay 20 min); D2 param bytes 76 6D 00 00 00 00 (schedule CMD一覧: CAM撮影(日中)); shares byte2=6D with the documented ISS-mode command (ISO 100 / 1 ms / EV -5), so exposure settings are plausibly identical to that mode - inference only; set: 7 images 640x480; downlink 2024-07-01..07-06 passes",high,"02_1stAOS day1~day3/00_02 RecData/GSSW_log/…/20240629_0839.txt; 100_01 KASHIWA運用日報/2024年6月/20240629/…-1パス.docx; GS dump 2024-07-01 22:40 sizes [83473,60376,27129,85907,54054,36746,84772]; original 02_1stAOS day1~day3/00_02 RecData/CAM/画像/0706 demo2 01ff.jpg (sha256 identical)",capture K19; image #1 partial (demo); original file 0706 demo2 01ff.jpg,81d6a6f93b27356da5a15b1da1730ab75f0978b12910320db3ff6da5b09016db
KASHIWA,CAM,,2024-06-29,2024-07-06,data/01_kashiwa/images/cam/kashiwa_20240629T0903_859980c1ff.jpg,640,480,15616,124.96,35.52,ok,2024-06-29T09:03:00+09:00,2024-06-29T09:06:00+09:00,uplink+timer,,,preset-day,7 shots saved as 640x480 JPEG ('サムネ高画質'),"cmd 4B 00 A0 D2 14 76 6D 00 00 00 00 (uplinked 2024-06-29 08:43:32 JST, delay 20 min); D2 param bytes 76 6D 00 00 00 00 (schedule CMD一覧: CAM撮影(日中)); shares byte2=6D with the documented ISS-mode command (ISO 100 / 1 ms / EV -5), so exposure settings are plausibly identical to that mode - inference only; set: 7 images 640x480; downlink 2024-07-01..07-06 passes",high,"02_1stAOS day1~day3/00_02 RecData/GSSW_log/…/20240629_0839.txt; 100_01 KASHIWA運用日報/2024年6月/20240629/…-1パス.docx; GS dump 2024-07-01 22:40 sizes [83473,60376,27129,85907,54054,36746,84772]; original 02_1stAOS day1~day3/00_02 RecData/CAM/画像/0706 demo2 00ff.jpg (sha256 identical)","capture K19; image #1 partial (first 0xFF pkts, demo reconstruction); original file 0706 demo2 00ff.jpg; '0706 demo2 XXXX' files are progressive reconstructions of the same image with XXXX packets",859980c1fff4ee7f6e8246613928c216a27ed25296a1ed8bc469591ce0ec3398
KASHIWA,CAM,,2024-06-29,2024-07-06,data/01_kashiwa/images/cam/kashiwa_20240629T0903_ab46450af8.jpg,640,480,18239,125.72,37.24,ok,2024-06-29T09:03:00+09:00,2024-06-29T09:06:00+09:00,uplink+timer,,,preset-day,7 shots saved as 640x480 JPEG ('サムネ高画質'),"cmd 4B 00 A0 D2 14 76 6D 00 00 00 00 (uplinked 2024-06-29 08:43:32 JST, delay 20 min); D2 param bytes 76 6D 00 00 00 00 (schedule CMD一覧: CAM撮影(日中)); shares byte2=6D with the documented ISS-mode command (ISO 100 / 1 ms / EV -5), so exposure settings are plausibly identical to that mode - inference only; set: 7 images 640x480; downlink 2024-07-01..07-06 passes",high,"02_1stAOS day1~day3/00_02 RecData/GSSW_log/…/20240629_0839.txt; 100_01 KASHIWA運用日報/2024年6月/20240629/…-1パス.docx; GS dump 2024-07-01 22:40 sizes [83473,60376,27129,85907,54054,36746,84772]; original 02_1stAOS day1~day3/00_02 RecData/CAM/画像/0706 demo.jpg (dup 0706 demo2 012f.jpg) (sha256 identical)",capture K19; image #1 partial (demo); original file 0706 demo.jpg (dup 0706 demo2 012f.jpg),ab46450af8a438b36a267a2341803ca8651594cfddd67ce665700d1b1eb53942
KASHIWA,CAM,,2024-06-29,2024-07-06,data/01_kashiwa/images/cam/kashiwa_20240629T0903_f291a0a5c5.jpg,640,480,17568,125.82,36.49,ok,2024-06-29T09:03:00+09:00,2024-06-29T09:06:00+09:00,uplink+timer,,,preset-day,7 shots saved as 640x480 JPEG ('サムネ高画質'),"cmd 4B 00 A0 D2 14 76 6D 00 00 00 00 (uplinked 2024-06-29 08:43:32 JST, delay 20 min); D2 param bytes 76 6D 00 00 00 00 (schedule CMD一覧: CAM撮影(日中)); shares byte2=6D with the documented ISS-mode command (ISO 100 / 1 ms / EV -5), so exposure settings are plausibly identical to that mode - inference only; set: 7 images 640x480; downlink 2024-07-01..07-06 passes",high,"02_1stAOS day1~day3/00_02 RecData/GSSW_log/…/20240629_0839.txt; 100_01 KASHIWA運用日報/2024年6月/20240629/…-1パス.docx; GS dump 2024-07-01 22:40 sizes [83473,60376,27129,85907,54054,36746,84772]; original 02_1stAOS day1~day3/00_02 RecData/CAM/画像/0706 demo2 011f.jpg (sha256 identical)",capture K19; image #1 partial (demo); original file 0706 demo2 011f.jpg,f291a0a5c5ca655ac77cbb42717ae5fcca46696a1a8257fa9b59dfdd5de624af
KASHIWA,CAM,,2024-06-29,2024-07-07,data/01_kashiwa/images/cam/kashiwa_20240629T0903_1617bd3f01.jpg,640,480,83509,103.60,81.43,ok,2024-06-29T09:03:00+09:00,2024-06-29T09:06:00+09:00,uplink+timer,,,preset-day,7 shots saved as 640x480 JPEG ('サムネ高画質'),"cmd 4B 00 A0 D2 14 76 6D 00 00 00 00 (uplinked 2024-06-29 08:43:32 JST, delay 20 min); D2 param bytes 76 6D 00 00 00 00 (schedule CMD一覧: CAM撮影(日中)); shares byte2=6D with the documented ISS-mode command (ISO 100 / 1 ms / EV -5), so exposure settings are plausibly identical to that mode - inference only; set: 7 images 640x480; downlink 2024-07-01..07-07 passes",high,"02_1stAOS day1~day3/00_02 RecData/GSSW_log/…/20240629_0839.txt; 100_01 KASHIWA運用日報/2024年6月/20240629/…-1パス.docx; GS dump 2024-07-01 22:40 sizes [83473,60376,27129,85907,54054,36746,84772]; original 02_1stAOS day1~day3/00_02 RecData/CAM/画像/20240707_1.jpg (sha256 identical)",capture K19; image #1 complete (83509 B = 1369 pkts; true size 83473 B); original file 20240707_1.jpg; team: 85.7 KB 完成 (ミーティング資料_2024_07_12),1617bd3f01424aec5e52a4ef58515fec637573e2036cbbd6ea2ce8fd8f2b726e
KASHIWA,CAM,,2024-06-29,2024-07-07,data/01_kashiwa/images/cam/kashiwa_20240629T0903_2275e2c464.jpg,640,480,83509,99.92,81.87,ok,2024-06-29T09:03:00+09:00,2024-06-29T09:06:00+09:00,uplink+timer,,,preset-day,7 shots saved as 640x480 JPEG ('サムネ高画質'),"cmd 4B 00 A0 D2 14 76 6D 00 00 00 00 (uplinked 2024-06-29 08:43:32 JST, delay 20 min); D2 param bytes 76 6D 00 00 00 00 (schedule CMD一覧: CAM撮影(日中)); shares byte2=6D with the documented ISS-mode command (ISO 100 / 1 ms / EV -5), so exposure settings are plausibly identical to that mode - inference only; set: 7 images 640x480; downlink 2024-07-01..07-07 passes",high,"02_1stAOS day1~day3/00_02 RecData/GSSW_log/…/20240629_0839.txt; 100_01 KASHIWA運用日報/2024年6月/20240629/…-1パス.docx; GS dump 2024-07-01 22:40 sizes [83473,60376,27129,85907,54054,36746,84772]; original 02_1stAOS day1~day3/00_02 RecData/CAM/画像/20240707_Python復元.jpg (sha256 identical)",capture K19; image #1 complete (Python reconstruction); original file 20240707_Python復元.jpg,2275e2c4649602ac095a1058c84345efaeba1f53d9239637b4649713052d7e29
KASHIWA,CAM,,2024-06-29,2024-07-07,data/01_kashiwa/images/cam/kashiwa_20240629T0903_7e7aa5a80d.jpg,640,480,75030,104.11,78.77,ok,2024-06-29T09:03:00+09:00,2024-06-29T09:06:00+09:00,uplink+timer,,,preset-day,7 shots saved as 640x480 JPEG ('サムネ高画質'),"cmd 4B 00 A0 D2 14 76 6D 00 00 00 00 (uplinked 2024-06-29 08:43:32 JST, delay 20 min); D2 param bytes 76 6D 00 00 00 00 (schedule CMD一覧: CAM撮影(日中)); shares byte2=6D with the documented ISS-mode command (ISO 100 / 1 ms / EV -5), so exposure settings are plausibly identical to that mode - inference only; set: 7 images 640x480; downlink 2024-07-01..07-06 passes",high,"02_1stAOS day1~day3/00_02 RecData/GSSW_log/…/20240629_0839.txt; 100_01 KASHIWA運用日報/2024年6月/20240629/…-1パス.docx; GS dump 2024-07-01 22:40 sizes [83473,60376,27129,85907,54054,36746,84772]; original 02_1stAOS day1~day3/00_02 RecData/CAM/画像/20240707.jpg (sha256 identical)",capture K19; image #1 partial; original file 20240707.jpg,7e7aa5a80d354180c33aa826e58f7b37fa5f7a297df6b641cdb909ee2e5485c3
KASHIWA,CAM,,2024-06-29,2024-07-08,data/01_kashiwa/images/cam/kashiwa_20240629T0903_3c4512b628.jpg,640,480,87768,99.68,82.06,ok,2024-06-29T09:03:00+09:00,2024-06-29T09:06:00+09:00,uplink+timer,,,preset-day,7 shots saved as 640x480 JPEG ('サムネ高画質'),"cmd 4B 00 A0 D2 14 76 6D 00 00 00 00 (uplinked 2024-06-29 08:43:32 JST, delay 20 min); D2 param bytes 76 6D 00 00 00 00 (schedule CMD一覧: CAM撮影(日中)); shares byte2=6D with the documented ISS-mode command (ISO 100 / 1 ms / EV -5), so exposure settings are plausibly identical to that mode - inference only; set: 7 images 640x480; downlink 2024-07-01..07-08 passes",high,"02_1stAOS day1~day3/00_02 RecData/GSSW_log/…/20240629_0839.txt; 100_01 KASHIWA運用日報/2024年6月/20240629/…-1パス.docx; GS dump 2024-07-01 22:40 sizes [83473,60376,27129,85907,54054,36746,84772]; original 02_1stAOS day1~day3/00_02 RecData/CAM/画像/20240708_1.jpg (sha256 identical)",capture K19; image #1 (final tail packets recovered 07-08 19:20); original file 20240708_1.jpg,3c4512b628b5ae9893d86517ea113c58386c64b9d42e2b5b4289f571b7ee0f50
KASHIWA,CAM,,2024-07-09,2024-07-11,data/01_kashiwa/images/cam/kashiwa_20240709T2126_4fae163c97.jpg,640,480,3111,126.63,14.22,ok,2024-07-09T21:26:00+09:00,2024-07-09T21:29:00+09:00,uplink+timer,,,preset-night,7 shots saved as 640x480 JPEG ('サムネ高画質'),"cmd 4B 00 A0 D2 02 76 9F 01 00 00 00 (uplinked 2024-07-09 21:24:00 .. 2024-07-09 21:24:33 JST, delay 2 min); D2 param bytes 76 9F 01 00 00 00 (schedule CMD一覧: CAM撮影(夜間)); set: 7 images 640x480; downlink 2024-07-10..07-11 passes",medium,"02_1stAOS day1~day3/00_02 RecData/GSSW_log/…/20240709_2119.txt; 100_01 KASHIWA運用日報/2024年7月/20240709/…-3パス.docx; GS dump 2024-07-10 18:33 sizes [5428,26120,77781,5730,29193,5537,75569]; original 02_1stAOS day1~day3/00_02 RecData/CAM/画像/20240711_1.jpg (sha256 identical)","capture K21; image #3 partial (flash 0x05F8A000-; full size 77781 B); original file 20240711_1.jpg; alternative K20 2024-07-08 21:01 JST (same cmd, immediate) not visible in 07-09 18:13 dump; team slides attribute to 7/9 21:19 pass",4fae163c9780c1b72852af18e30a2ac28b2baa3971333750e502fa073b004634
KASHIWA,CAM,,2024-07-09,2024-07-11,data/01_kashiwa/images/cam/kashiwa_20240709T2126_52b2d9d0a5.jpg,640,480,15555,124.54,38.74,ok,2024-07-09T21:26:00+09:00,2024-07-09T21:29:00+09:00,uplink+timer,,,preset-night,7 shots saved as 640x480 JPEG ('サムネ高画質'),"cmd 4B 00 A0 D2 02 76 9F 01 00 00 00 (uplinked 2024-07-09 21:24:00 .. 2024-07-09 21:24:33 JST, delay 2 min); D2 param bytes 76 9F 01 00 00 00 (schedule CMD一覧: CAM撮影(夜間)); set: 7 images 640x480; downlink 2024-07-10..07-11 passes",medium,"02_1stAOS day1~day3/00_02 RecData/GSSW_log/…/20240709_2119.txt; 100_01 KASHIWA運用日報/2024年7月/20240709/…-3パス.docx; GS dump 2024-07-10 18:33 sizes [5428,26120,77781,5730,29193,5537,75569]; original 02_1stAOS day1~day3/00_02 RecData/CAM/画像/20240711_2.jpg (sha256 identical)",capture K21; image #3 partial; original file 20240711_2.jpg,52b2d9d0a59504ed5a2d36db285ce5460bf81655bd24890c50db35e3a5eebd2f
KASHIWA,CAM,,2024-07-09,2024-07-11,data/01_kashiwa/images/cam/kashiwa_20240709T2126_e298d91c8d.jpg,640,480,47397,121.84,61.10,ok,2024-07-09T21:26:00+09:00,2024-07-09T21:29:00+09:00,uplink+timer,,,preset-night,7 shots saved as 640x480 JPEG ('サムネ高画質'),"cmd 4B 00 A0 D2 02 76 9F 01 00 00 00 (uplinked 2024-07-09 21:24:00 .. 2024-07-09 21:24:33 JST, delay 2 min); D2 param bytes 76 9F 01 00 00 00 (schedule CMD一覧: CAM撮影(夜間)); set: 7 images 640x480; downlink 2024-07-10..07-11 passes",medium,"02_1stAOS day1~day3/00_02 RecData/GSSW_log/…/20240709_2119.txt; 100_01 KASHIWA運用日報/2024年7月/20240709/…-3パス.docx; GS dump 2024-07-10 18:33 sizes [5428,26120,77781,5730,29193,5537,75569]; original 02_1stAOS day1~day3/00_02 RecData/CAM/画像/20240711_2_Python.jpg (sha256 identical)","capture K21; image #3 partial (46.2 KB, 未完成 per meeting 07-12); original file 20240711_2_Python.jpg",e298d91c8d8039857b5f12154a2818cab98e4850f618410de1b7612e061a3dad
KASHIWA,CAM,,2024-07-09,2024-07-13,data/01_kashiwa/images/cam/kashiwa_20240709T2126_1a417f5b7b.jpg,640,480,19093,118.50,45.81,ok,2024-07-09T21:26:00+09:00,2024-07-09T21:29:00+09:00,uplink+timer,,,preset-night,7 shots saved as 640x480 JPEG ('サムネ高画質'),"cmd 4B 00 A0 D2 02 76 9F 01 00 00 00 (uplinked 2024-07-09 21:24:00 .. 2024-07-09 21:24:33 JST, delay 2 min); D2 param bytes 76 9F 01 00 00 00 (schedule CMD一覧: CAM撮影(夜間)); set: 7 images 640x480; downlink 2024-07-10..07-13 03:15 passes",medium,"02_1stAOS day1~day3/00_02 RecData/GSSW_log/…/20240709_2119.txt; 100_01 KASHIWA運用日報/2024年7月/20240709/…-3パス.docx; GS dump 2024-07-10 18:33 sizes [5428,26120,77781,5730,29193,5537,75569]; original 02_1stAOS day1~day3/00_02 RecData/CAM/画像/20240713_1.jpg (sha256 identical)",capture K21; image #3 partial; original file 20240713_1.jpg,1a417f5b7b77b790c8a12c90e6d90bfd13b159af6aa5852a92cbe7f59c9811e6
KASHIWA,CAM,,2024-07-09,2024-07-13,data/01_kashiwa/images/cam/kashiwa_20240709T2126_ad7b6f96d0.jpg,640,480,31476,109.69,52.82,ok,2024-07-09T21:26:00+09:00,2024-07-09T21:29:00+09:00,uplink+timer,,,preset-night,7 shots saved as 640x480 JPEG ('サムネ高画質'),"cmd 4B 00 A0 D2 02 76 9F 01 00 00 00 (uplinked 2024-07-09 21:24:00 .. 2024-07-09 21:24:33 JST, delay 2 min); D2 param bytes 76 9F 01 00 00 00 (schedule CMD一覧: CAM撮影(夜間)); set: 7 images 640x480; downlink 2024-07-10..07-14 00:26 passes",medium,"02_1stAOS day1~day3/00_02 RecData/GSSW_log/…/20240709_2119.txt; 100_01 KASHIWA運用日報/2024年7月/20240709/…-3パス.docx; GS dump 2024-07-10 18:33 sizes [5428,26120,77781,5730,29193,5537,75569]; original 02_1stAOS day1~day3/00_02 RecData/CAM/画像/20240713_2.jpg (dup 20240714_1.jpg) (sha256 identical)",capture K21; image #3 partial; original file 20240713_2.jpg (dup 20240714_1.jpg),ad7b6f96d09de20d52ef0bbb617392e8bdd3f98dbcedd6909516b8874c2b47f8
KASHIWA,CAM,,2024-07-09,2024-07-14,data/01_kashiwa/images/cam/kashiwa_20240709T2126_46b376b0eb.jpg,640,480,71492,53.45,64.34,ok,2024-07-09T21:26:00+09:00,2024-07-09T21:29:00+09:00,uplink+timer,,,preset-night,7 shots saved as 640x480 JPEG ('サムネ高画質'),"cmd 4B 00 A0 D2 02 76 9F 01 00 00 00 (uplinked 2024-07-09 21:24:00 .. 2024-07-09 21:24:33 JST, delay 2 min); D2 param bytes 76 9F 01 00 00 00 (schedule CMD一覧: CAM撮影(夜間)); set: 7 images 640x480; downlink 2024-07-10..07-14 18:23 passes",medium,"02_1stAOS day1~day3/00_02 RecData/GSSW_log/…/20240709_2119.txt; 100_01 KASHIWA運用日報/2024年7月/20240709/…-3パス.docx; GS dump 2024-07-10 18:33 sizes [5428,26120,77781,5730,29193,5537,75569]; original 02_1stAOS day1~day3/00_02 RecData/CAM/画像/20240714_4.jpg (sha256 identical)",capture K21; image #3 near-complete; original file 20240714_4.jpg,46b376b0eb87b9a93a49e3cd2d5d8c2809f02e49d57ffc95865e1044b1aca55f
KASHIWA,CAM,,2024-07-09,2024-07-14,data/01_kashiwa/images/cam/kashiwa_20240709T2126_71b6ccb10f.jpg,640,480,74359,73.27,69.41,ok,2024-07-09T21:26:00+09:00,2024-07-09T21:29:00+09:00,uplink+timer,,,preset-night,7 shots saved as 640x480 JPEG ('サムネ高画質'),"cmd 4B 00 A0 D2 02 76 9F 01 00 00 00 (uplinked 2024-07-09 21:24:00 .. 2024-07-09 21:24:33 JST, delay 2 min); D2 param bytes 76 9F 01 00 00 00 (schedule CMD一覧: CAM撮影(夜間)); set: 7 images 640x480; downlink 2024-07-10..07-14 18:23 passes",medium,"02_1stAOS day1~day3/00_02 RecData/GSSW_log/…/20240709_2119.txt; 100_01 KASHIWA運用日報/2024年7月/20240709/…-3パス.docx; GS dump 2024-07-10 18:33 sizes [5428,26120,77781,5730,29193,5537,75569]; original 02_1stAOS day1~day3/00_02 RecData/CAM/画像/20240714_4_Python.jpg (sha256 identical)","capture K21; image #3 (72.6 KB, 完成 per meeting 07-18); original file 20240714_4_Python.jpg",71b6ccb10fc871f697933545ed0413e9808a67c01f633ac8c0de7f07e503c936
KASHIWA,CAM,,2024-07-09,2024-07-14,data/01_kashiwa/images/cam/kashiwa_20240709T2126_acf6f5185a.jpg,640,480,43127,92.93,60.63,ok,2024-07-09T21:26:00+09:00,2024-07-09T21:29:00+09:00,uplink+timer,,,preset-night,7 shots saved as 640x480 JPEG ('サムネ高画質'),"cmd 4B 00 A0 D2 02 76 9F 01 00 00 00 (uplinked 2024-07-09 21:24:00 .. 2024-07-09 21:24:33 JST, delay 2 min); D2 param bytes 76 9F 01 00 00 00 (schedule CMD一覧: CAM撮影(夜間)); set: 7 images 640x480; downlink 2024-07-10..07-14 16:49 passes",medium,"02_1stAOS day1~day3/00_02 RecData/GSSW_log/…/20240709_2119.txt; 100_01 KASHIWA運用日報/2024年7月/20240709/…-3パス.docx; GS dump 2024-07-10 18:33 sizes [5428,26120,77781,5730,29193,5537,75569]; original 02_1stAOS day1~day3/00_02 RecData/CAM/画像/20240714_3.jpg (sha256 identical)",capture K21; image #3 partial; original file 20240714_3.jpg,acf6f5185a0f40857dc43630b89d00a9984f4aa0d4a5213d5155b0a1d5b8b52a
KASHIWA,CAM,,2024-07-09,2024-07-14,data/01_kashiwa/images/cam/kashiwa_20240709T2126_e6645b0e7f.jpg,640,480,39162,98.59,58.75,ok,2024-07-09T21:26:00+09:00,2024-07-09T21:29:00+09:00,uplink+timer,,,preset-night,7 shots saved as 640x480 JPEG ('サムネ高画質'),"cmd 4B 00 A0 D2 02 76 9F 01 00 00 00 (uplinked 2024-07-09 21:24:00 .. 2024-07-09 21:24:33 JST, delay 2 min); D2 param bytes 76 9F 01 00 00 00 (schedule CMD一覧: CAM撮影(夜間)); set: 7 images 640x480; downlink 2024-07-10..07-14 02:01 passes",medium,"02_1stAOS day1~day3/00_02 RecData/GSSW_log/…/20240709_2119.txt; 100_01 KASHIWA運用日報/2024年7月/20240709/…-3パス.docx; GS dump 2024-07-10 18:33 sizes [5428,26120,77781,5730,29193,5537,75569]; original 02_1stAOS day1~day3/00_02 RecData/CAM/画像/20240714_2.jpg (sha256 identical)",capture K21; image #3 partial; original file 20240714_2.jpg,e6645b0e7ffe98adbb66cd207877c449829f7fd2479a95bc662c62e65a1bf1e0
KASHIWA,CAM,,2024-07-14,2024-07-15,data/01_kashiwa/images/cam/kashiwa_20240714T2140_88b7843bd0.jpg,640,480,32940,7.12,26.36,dark,2024-07-14T21:40:00+09:00,2024-07-14T21:43:00+09:00,uplink+timer,,,preset-night,7 shots saved as 640x480 JPEG ('サムネ高画質'),"cmd 4B 00 A0 D2 02 76 9F 01 00 00 00 (uplinked 2024-07-14 21:38:39 JST, delay 2 min); D2 param bytes 76 9F 01 00 00 00 (schedule CMD一覧: CAM撮影(夜間)); set: 7 images 640x480; downlink 2024-07-14 23:13..07-15 21:58 passes",high,"02_1stAOS day1~day3/00_02 RecData/GSSW_log/…/20240714_2143.txt; 100_01 KASHIWA運用日報/2024年7月/20240714/…-6パス.docx; GS dump 2024-07-14 23:13 sizes [34415,40514,11611,18188,89131,83990,20693]; original 02_1stAOS day1~day3/00_02 RecData/CAM/画像/20240715 test .jpg (sha256 identical)","capture K22; image #1 (32.1 KB, 完成 per meeting 07-18); original file 20240715 test .jpg; dark (night mode)",88b7843bd0918a04902e907a116fe6f06052f5e18a4b607abb5b7893a89e66c4
KASHIWA,CAM,,2024-07-14,2024-07-15,data/01_kashiwa/images/cam/kashiwa_20240714T2140_a2a0555326.jpg,640,480,28731,41.51,57.80,ok,2024-07-14T21:40:00+09:00,2024-07-14T21:43:00+09:00,uplink+timer,,,preset-night,7 shots saved as 640x480 JPEG ('サムネ高画質'),"cmd 4B 00 A0 D2 02 76 9F 01 00 00 00 (uplinked 2024-07-14 21:38:39 JST, delay 2 min); D2 param bytes 76 9F 01 00 00 00 (schedule CMD一覧: CAM撮影(夜間)); set: 7 images 640x480; downlink 2024-07-14 23:13 & 07-15 00:47/02:23 passes",high,"02_1stAOS day1~day3/00_02 RecData/GSSW_log/…/20240714_2143.txt; 100_01 KASHIWA運用日報/2024年7月/20240714/…-6パス.docx; GS dump 2024-07-14 23:13 sizes [34415,40514,11611,18188,89131,83990,20693]; original 02_1stAOS day1~day3/00_02 RecData/CAM/画像/20240715_0247_Python.jpg (sha256 identical)",capture K22; image #1 partial (full size 34415 B); original file 20240715_0247_Python.jpg,a2a0555326d387c08c8415f936dd1c0e921aeccdcb09be04c5c17496b26015c0
KASHIWA,CAM,,2024-07-14,2024-07-15,data/01_kashiwa/images/cam/kashiwa_20240714T2140_c2a58e7bd6.jpg,,,121,,,unreadable,2024-07-14T21:40:00+09:00,2024-07-14T21:43:00+09:00,uplink+timer,,,preset-night,7 shots saved as 640x480 JPEG ('サムネ高画質'),"cmd 4B 00 A0 D2 02 76 9F 01 00 00 00 (uplinked 2024-07-14 21:38:39 JST, delay 2 min); D2 param bytes 76 9F 01 00 00 00 (schedule CMD一覧: CAM撮影(夜間)); set: 7 images 640x480; downlink 2024-07-15 passes",high,"02_1stAOS day1~day3/00_02 RecData/GSSW_log/…/20240714_2143.txt; 100_01 KASHIWA運用日報/2024年7月/20240714/…-6パス.docx; GS dump 2024-07-14 23:13 sizes [34415,40514,11611,18188,89131,83990,20693]; original 02_1stAOS day1~day3/00_02 RecData/CAM/画像/20240715_2211.jpg (sha256 identical)","capture K22; image #1 fragment (121 B, unreadable); original file 20240715_2211.jpg; broken reconstruction",c2a58e7bd64b9dae10776642b727ab28c11559a6a1af9aa8b19e390f80d2a99d
KASHIWA,CAM,,2024-07-16,2024-07-16,data/01_kashiwa/images/cam/kashiwa_20240716T0113_a54ff6fa7f.jpg,640,480,13908,63.33,53.81,ok,2024-07-16T01:13:00+09:00,2024-07-16T01:16:00+09:00,uplink+timer,,,preset-night,7 shots saved as 640x480 JPEG ('サムネ高画質'),"cmd 4B 00 A0 D2 01 76 9F 01 00 00 00 (uplinked 2024-07-16 01:12:00 JST, delay 1 min); D2 param bytes 76 9F 01 00 00 00 (schedule CMD一覧: CAM撮影(夜間)); set: 7 images 640x480; downlink 2024-07-16 01:07, 15:55, 17:29, 20:43 passes",high,"02_1stAOS day1~day3/00_02 RecData/GSSW_log/…/20240716_0118.txt; 100_01 KASHIWA運用日報/2024年7月/20240716/…-1パス.docx; GS dump 2024-07-16 01:16 sizes [23194,18161,23928,22980,24046,21050,22392]; original 02_1stAOS day1~day3/00_02 RecData/CAM/画像/0716.jpg (sha256 identical)","capture K24; image #1 partial (full size 23194 B; downlinked in thirds 1/3,2/3,3/3); original file 0716.jpg; K23 (07-15 23:34 JST, same cmd) produced no new set; K24 re-shot at 01:12 within the 01:07 pass",a54ff6fa7f386d9fde6eef0ea0106e065700c14c9ea470f707fcb895a063fdf6
KASHIWA,CAM,,2024-07-16,2024-07-17,data/01_kashiwa/images/cam/kashiwa_20240716T2221_1e553be831.jpg,640,480,30317,2.27,3.76,dark,2024-07-16T22:21:00+09:00,2024-07-16T22:26:00+09:00,uplink+timer,,,preset-night,7 shots saved as 640x480 JPEG ('サムネ高画質'),"cmd 4B 00 A0 D2 02 76 9F 01 00 00 00 (uplinked 2024-07-16 22:19:09 .. 2024-07-16 22:21:39 JST, delay 2 min); D2 param bytes 76 9F 01 00 00 00 (schedule CMD一覧: CAM撮影(夜間)); set: 7 images 640x480; downlink 2024-07-16 23:52 & 07-17 01:27/16:13 passes",high,"02_1stAOS day1~day3/00_02 RecData/GSSW_log/…/20240716_2218.txt; 100_01 KASHIWA運用日報/2024年7月/20240716/…-6パス.docx; GS dump 2024-07-16 22:23 sizes [34840,25095,24184,32094,24664,22627,28060] (new set already visible 4 min after uplink); original 02_1stAOS day1~day3/00_02 RecData/CAM/画像/20240717_1718.jpg (sha256 identical)",capture K25; image #1 (full size 34840 B; 572 pkts); original file 20240717_1718.jpg; dark; schedule planned this shot for 23:54 JST but actual uplink was 22:19 with 2-min delay (GS log),1e553be831c434e8f7c171edefa9c6bbe4e2307fe76921f3f729d43b0c0e3d02
KASHIWA,CAM,,2024-07-16,2024-07-17,data/01_kashiwa/images/cam/kashiwa_20240716T2221_b6caeebedb.jpg,640,480,27999,24.02,31.86,ok,2024-07-16T22:21:00+09:00,2024-07-16T22:26:00+09:00,uplink+timer,,,preset-night,7 shots saved as 640x480 JPEG ('サムネ高画質'),"cmd 4B 00 A0 D2 02 76 9F 01 00 00 00 (uplinked 2024-07-16 22:19:09 .. 2024-07-16 22:21:39 JST, delay 2 min); D2 param bytes 76 9F 01 00 00 00 (schedule CMD一覧: CAM撮影(夜間)); set: 7 images 640x480; downlink 2024-07-16 23:52 & 07-17 passes",high,"02_1stAOS day1~day3/00_02 RecData/GSSW_log/…/20240716_2218.txt; 100_01 KASHIWA運用日報/2024年7月/20240716/…-6パス.docx; GS dump 2024-07-16 22:23 sizes [34840,25095,24184,32094,24664,22627,28060] (new set already visible 4 min after uplink); original 02_1stAOS day1~day3/00_02 RecData/CAM/画像/20240717_3.jpg (sha256 identical)",capture K25; image #1 partial; original file 20240717_3.jpg,b6caeebedbbd45c46f970d09a89fd300e1f2ea0591ddab94b20a8f66a8bd57e3
KASHIWA,CAM,,2024-07-18,2024-07-18,data/01_kashiwa/images/cam/kashiwa_20240718T1501_2b16114f89.jpg,640,480,4453,119.65,31.57,ok,2024-07-18T15:01:00+09:00,2024-07-18T15:04:00+09:00,uplink+timer,,,preset-day,7 shots saved as 640x480 JPEG ('サムネ高画質'),"cmd 4B 00 A0 D2 02 76 6D 00 00 00 00 (uplinked 2024-07-18 14:59:22 JST, delay 2 min); D2 param bytes 76 6D 00 00 00 00 (schedule CMD一覧: CAM撮影(日中)); shares byte2=6D with the documented ISS-mode command (ISO 100 / 1 ms / EV -5), so exposure settings are plausibly identical to that mode - inference only; set: 7 images 640x480; downlink 2024-07-18 16:32 pass",high,"02_1stAOS day1~day3/00_02 RecData/GSSW_log/…/20240718_1459.txt; 100_01 KASHIWA運用日報/2024年7月/20240718/…-1パス.docx; GS dump 2024-07-18 16:34 sizes [61147,35388,75801,67665,59503,45225,77550]; original 02_1stAOS day1~day3/00_02 RecData/CAM/画像/20240718_1908.jpg (dup 20240718_1908_2.jpg) (sha256 identical)",capture K26; image #1 partial (4453 B of 61147 B; poor decode); original file 20240718_1908.jpg (dup 20240718_1908_2.jpg); 運用日報 07-18 typo 'A0 A0 D2'; GS log has the correct command,2b16114f897be8947c7b51cb66c8deb98197c22d7e87b0da855822f8a4d17153
KASHIWA,CAM,,2024-07-18,2024-07-20,data/01_kashiwa/images/cam/kashiwa_20240718T1501_9b1d23b5c2.jpg,640,480,49593,79.19,65.54,ok,2024-07-18T15:01:00+09:00,2024-07-18T15:04:00+09:00,uplink+timer,,,preset-day,7 shots saved as 640x480 JPEG ('サムネ高画質'),"cmd 4B 00 A0 D2 02 76 6D 00 00 00 00 (uplinked 2024-07-18 14:59:22 JST, delay 2 min); D2 param bytes 76 6D 00 00 00 00 (schedule CMD一覧: CAM撮影(日中)); shares byte2=6D with the documented ISS-mode command (ISO 100 / 1 ms / EV -5), so exposure settings are plausibly identical to that mode - inference only; set: 7 images 640x480; downlink 2024-07-18..07-20 passes",high,"02_1stAOS day1~day3/00_02 RecData/GSSW_log/…/20240718_1459.txt; 100_01 KASHIWA運用日報/2024年7月/20240718/…-1パス.docx; GS dump 2024-07-18 16:34 sizes [61147,35388,75801,67665,59503,45225,77550]; original 02_1stAOS day1~day3/00_02 RecData/CAM/画像/20240720_1.jpg (sha256 identical)",capture K26; image #1 partial; original file 20240720_1.jpg,9b1d23b5c26417992bc55e8eddc9f07244fbba936a18fe3aaa40e9edf2645b5e
KASHIWA,CAM,,2024-07-18,2024-07-20,data/01_kashiwa/images/cam/kashiwa_20240718T1501_d62b20ce39.jpg,640,480,54046,114.90,90.53,ok,2024-07-18T15:01:00+09:00,2024-07-18T15:04:00+09:00,uplink+timer,,,preset-day,7 shots saved as 640x480 JPEG ('サムネ高画質'),"cmd 4B 00 A0 D2 02 76 6D 00 00 00 00 (uplinked 2024-07-18 14:59:22 JST, delay 2 min); D2 param bytes 76 6D 00 00 00 00 (schedule CMD一覧: CAM撮影(日中)); shares byte2=6D with the documented ISS-mode command (ISO 100 / 1 ms / EV -5), so exposure settings are plausibly identical to that mode - inference only; set: 7 images 640x480; downlink 2024-07-18..07-20 passes",high,"02_1stAOS day1~day3/00_02 RecData/GSSW_log/…/20240718_1459.txt; 100_01 KASHIWA運用日報/2024年7月/20240718/…-1パス.docx; GS dump 2024-07-18 16:34 sizes [61147,35388,75801,67665,59503,45225,77550]; original 02_1stAOS day1~day3/00_02 RecData/CAM/画像/20240720_3.jpg (sha256 identical)",capture K26; image #1 partial; original file 20240720_3.jpg,d62b20ce39810f4b0258701af88a812c092cd8713e491bd37d59d101bd649fd2
KASHIWA,CAM,,2024-07-18,2024-07-20,data/01_kashiwa/images/cam/kashiwa_20240718T1501_ddca4b0f44.jpg,640,480,53558,109.98,90.87,ok,2024-07-18T15:01:00+09:00,2024-07-18T15:04:00+09:00,uplink+timer,,,preset-day,7 shots saved as 640x480 JPEG ('サムネ高画質'),"cmd 4B 00 A0 D2 02 76 6D 00 00 00 00 (uplinked 2024-07-18 14:59:22 JST, delay 2 min); D2 param bytes 76 6D 00 00 00 00 (schedule CMD一覧: CAM撮影(日中)); shares byte2=6D with the documented ISS-mode command (ISO 100 / 1 ms / EV -5), so exposure settings are plausibly identical to that mode - inference only; set: 7 images 640x480; downlink 2024-07-18..07-20 passes",high,"02_1stAOS day1~day3/00_02 RecData/GSSW_log/…/20240718_1459.txt; 100_01 KASHIWA運用日報/2024年7月/20240718/…-1パス.docx; GS dump 2024-07-18 16:34 sizes [61147,35388,75801,67665,59503,45225,77550]; original 02_1stAOS day1~day3/00_02 RecData/CAM/画像/20240720_2.jpg (sha256 identical)",capture K26; image #1 partial; original file 20240720_2.jpg,ddca4b0f445ad07b23efb7f4d1ebf25085e7e0287be315b4d831508d7be4506e
KASHIWA,CAM,,2024-07-18,2024-07-21,data/01_kashiwa/images/cam/kashiwa_20240718T1501_0017f9226a.jpg,640,480,61183,62.08,90.43,ok,2024-07-18T15:01:00+09:00,2024-07-18T15:04:00+09:00,uplink+timer,,,preset-day,7 shots saved as 640x480 JPEG ('サムネ高画質'),"cmd 4B 00 A0 D2 02 76 6D 00 00 00 00 (uplinked 2024-07-18 14:59:22 JST, delay 2 min); D2 param bytes 76 6D 00 00 00 00 (schedule CMD一覧: CAM撮影(日中)); shares byte2=6D with the documented ISS-mode command (ISO 100 / 1 ms / EV -5), so exposure settings are plausibly identical to that mode - inference only; set: 7 images 640x480; downlink 2024-07-18..07-21 passes",high,"02_1stAOS day1~day3/00_02 RecData/GSSW_log/…/20240718_1459.txt; 100_01 KASHIWA運用日報/2024年7月/20240718/…-1パス.docx; GS dump 2024-07-18 16:34 sizes [61147,35388,75801,67665,59503,45225,77550]; original 02_1stAOS day1~day3/00_02 RecData/CAM/画像/20240721_2.jpg (sha256 identical)",capture K26; image #1 complete (61183 B; true 61147 B = 59.7 KB); original file 20240721_2.jpg; meeting 07-31 lists this 59.6 KB image under '7/16 22:18' column (label inconsistent),0017f9226a074f1c522abb45e450f9553dfe92ad4cce317757b0f5fa0c9a16b2
KASHIWA,CAM,,2024-07-18,2024-07-21,data/01_kashiwa/images/cam/kashiwa_20240718T1501_86235ebddf.jpg,640,480,61061,58.17,88.98,ok,2024-07-18T15:01:00+09:00,2024-07-18T15:04:00+09:00,uplink+timer,,,preset-day,7 shots saved as 640x480 JPEG ('サムネ高画質'),"cmd 4B 00 A0 D2 02 76 6D 00 00 00 00 (uplinked 2024-07-18 14:59:22 JST, delay 2 min); D2 param bytes 76 6D 00 00 00 00 (schedule CMD一覧: CAM撮影(日中)); shares byte2=6D with the documented ISS-mode command (ISO 100 / 1 ms / EV -5), so exposure settings are plausibly identical to that mode - inference only; set: 7 images 640x480; downlink 2024-07-18..07-21 passes",high,"02_1stAOS day1~day3/00_02 RecData/GSSW_log/…/20240718_1459.txt; 100_01 KASHIWA運用日報/2024年7月/20240718/…-1パス.docx; GS dump 2024-07-18 16:34 sizes [61147,35388,75801,67665,59503,45225,77550]; original 02_1stAOS day1~day3/00_02 RecData/CAM/画像/20240721_1.jpg (sha256 identical)",capture K26; image #1 near-complete; original file 20240721_1.jpg,86235ebddfb54d3e0ad63270120103b9297a5d86599ca0365f9b6ae20c524c7d
KASHIWA,CAM,,2024-07-22,2024-07-23,data/01_kashiwa/images/cam/kashiwa_20240722T1726_0177b8f109.jpg,640,480,29158,128.69,51.09,ok,2024-07-22T17:26:00+09:00,2024-07-22T17:31:00+09:00,uplink+timer,,,preset-day,7 shots saved as 640x480 JPEG ('サムネ高画質'),"cmd 4B 00 A0 D2 50 76 6D 00 00 00 00 (uplinked 2024-07-22 16:06:54 .. 2024-07-22 16:08:08 JST, delay 80 min); D2 param bytes 76 6D 00 00 00 00 (schedule CMD一覧: CAM撮影(日中)); shares byte2=6D with the documented ISS-mode command (ISO 100 / 1 ms / EV -5), so exposure settings are plausibly identical to that mode - inference only; set: 7 images 640x480; downlink 2024-07-22..07-23 passes",high,"02_1stAOS day1~day3/00_02 RecData/GSSW_log/…/20240722_1605.txt; 100_01 KASHIWA運用日報/2024年7月/20240722/…-2パス.docx; GS dump 2024-07-22 20:54 sizes [80022,78345,47187,50263,51842,63624,77029]; original 02_1stAOS day1~day3/00_02 RecData/CAM/画像/20240723_4.jpg (sha256 identical)",capture K27; image #1 partial; original file 20240723_4.jpg,0177b8f10963d057754af27b7a13f187567c1f48a8a7bdaa5478fdd78fad1329
KASHIWA,CAM,,2024-07-22,2024-07-23,data/01_kashiwa/images/cam/kashiwa_20240722T1726_5a3d225a3f.jpg,640,480,28792,130.40,31.05,ok,2024-07-22T17:26:00+09:00,2024-07-22T17:31:00+09:00,uplink+timer,,,preset-day,7 shots saved as 640x480 JPEG ('サムネ高画質'),"cmd 4B 00 A0 D2 50 76 6D 00 00 00 00 (uplinked 2024-07-22 16:06:54 .. 2024-07-22 16:08:08 JST, delay 80 min); D2 param bytes 76 6D 00 00 00 00 (schedule CMD一覧: CAM撮影(日中)); shares byte2=6D with the documented ISS-mode command (ISO 100 / 1 ms / EV -5), so exposure settings are plausibly identical to that mode - inference only; set: 7 images 640x480; downlink 2024-07-22..07-23 passes",high,"02_1stAOS day1~day3/00_02 RecData/GSSW_log/…/20240722_1605.txt; 100_01 KASHIWA運用日報/2024年7月/20240722/…-2パス.docx; GS dump 2024-07-22 20:54 sizes [80022,78345,47187,50263,51842,63624,77029]; original 02_1stAOS day1~day3/00_02 RecData/CAM/画像/20240723_3.jpg (sha256 identical)",capture K27; image #1 partial; original file 20240723_3.jpg,5a3d225a3f276dca1c5c14343f1b3ac72a9348feeb2506b8f5d9b76297a3ad10
KASHIWA,CAM,,2024-07-22,2024-07-23,data/01_kashiwa/images/cam/kashiwa_20240722T1726_ae4b16aec8.jpg,640,480,10553,131.36,32.39,ok,2024-07-22T17:26:00+09:00,2024-07-22T17:31:00+09:00,uplink+timer,,,preset-day,7 shots saved as 640x480 JPEG ('サムネ高画質'),"cmd 4B 00 A0 D2 50 76 6D 00 00 00 00 (uplinked 2024-07-22 16:06:54 .. 2024-07-22 16:08:08 JST, delay 80 min); D2 param bytes 76 6D 00 00 00 00 (schedule CMD一覧: CAM撮影(日中)); shares byte2=6D with the documented ISS-mode command (ISO 100 / 1 ms / EV -5), so exposure settings are plausibly identical to that mode - inference only; set: 7 images 640x480; downlink 2024-07-22 20:52 & 07-23 passes",high,"02_1stAOS day1~day3/00_02 RecData/GSSW_log/…/20240722_1605.txt; 100_01 KASHIWA運用日報/2024年7月/20240722/…-2パス.docx; GS dump 2024-07-22 20:54 sizes [80022,78345,47187,50263,51842,63624,77029]; original 02_1stAOS day1~day3/00_02 RecData/CAM/画像/20240723_1.jpg (sha256 identical)",capture K27; image #1 partial (full size 80022 B); original file 20240723_1.jpg,ae4b16aec805f1f992cd44776930c835b05c3d5b82f91404f29b9a3bffcbd344
KASHIWA,CAM,,2024-07-22,2024-07-23,data/01_kashiwa/images/cam/kashiwa_20240722T1726_cc81bbcd2d.jpg,640,480,37088,125.86,62.78,ok,2024-07-22T17:26:00+09:00,2024-07-22T17:31:00+09:00,uplink+timer,,,preset-day,7 shots saved as 640x480 JPEG ('サムネ高画質'),"cmd 4B 00 A0 D2 50 76 6D 00 00 00 00 (uplinked 2024-07-22 16:06:54 .. 2024-07-22 16:08:08 JST, delay 80 min); D2 param bytes 76 6D 00 00 00 00 (schedule CMD一覧: CAM撮影(日中)); shares byte2=6D with the documented ISS-mode command (ISO 100 / 1 ms / EV -5), so exposure settings are plausibly identical to that mode - inference only; set: 7 images 640x480; downlink 2024-07-22..07-23 passes",high,"02_1stAOS day1~day3/00_02 RecData/GSSW_log/…/20240722_1605.txt; 100_01 KASHIWA運用日報/2024年7月/20240722/…-2パス.docx; GS dump 2024-07-22 20:54 sizes [80022,78345,47187,50263,51842,63624,77029]; original 02_1stAOS day1~day3/00_02 RecData/CAM/画像/20240723_5.jpg (sha256 identical)",capture K27; image #1 partial; original file 20240723_5.jpg,cc81bbcd2d585ceaf9b45831e2b26f531082737d48b13ac2fd60ee7eabc25575
KASHIWA,CAM,,2024-07-22,2024-07-23,data/01_kashiwa/images/cam/kashiwa_20240722T1726_dee88c6a2f.jpg,640,480,27145,130.40,31.05,ok,2024-07-22T17:26:00+09:00,2024-07-22T17:31:00+09:00,uplink+timer,,,preset-day,7 shots saved as 640x480 JPEG ('サムネ高画質'),"cmd 4B 00 A0 D2 50 76 6D 00 00 00 00 (uplinked 2024-07-22 16:06:54 .. 2024-07-22 16:08:08 JST, delay 80 min); D2 param bytes 76 6D 00 00 00 00 (schedule CMD一覧: CAM撮影(日中)); shares byte2=6D with the documented ISS-mode command (ISO 100 / 1 ms / EV -5), so exposure settings are plausibly identical to that mode - inference only; set: 7 images 640x480; downlink 2024-07-22..07-23 passes",high,"02_1stAOS day1~day3/00_02 RecData/GSSW_log/…/20240722_1605.txt; 100_01 KASHIWA運用日報/2024年7月/20240722/…-2パス.docx; GS dump 2024-07-22 20:54 sizes [80022,78345,47187,50263,51842,63624,77029]; original 02_1stAOS day1~day3/00_02 RecData/CAM/画像/20240723_2.jpg (sha256 identical)",capture K27; image #1 partial; original file 20240723_2.jpg,dee88c6a2f9264f0d3acd91c94187883ce80379bf4065fff4876f76f6f4d9206
KASHIWA,CAM,,2024-07-22,2024-07-24,data/01_kashiwa/images/cam/kashiwa_20240722T1726_91f202fb0c.jpg,640,480,61793,115.66,59.40,ok,2024-07-22T17:26:00+09:00,2024-07-22T17:31:00+09:00,uplink+timer,,,preset-day,7 shots saved as 640x480 JPEG ('サムネ高画質'),"cmd 4B 00 A0 D2 50 76 6D 00 00 00 00 (uplinked 2024-07-22 16:06:54 .. 2024-07-22 16:08:08 JST, delay 80 min); D2 param bytes 76 6D 00 00 00 00 (schedule CMD一覧: CAM撮影(日中)); shares byte2=6D with the documented ISS-mode command (ISO 100 / 1 ms / EV -5), so exposure settings are plausibly identical to that mode - inference only; set: 7 images 640x480; downlink 2024-07-22..07-24 passes",high,"02_1stAOS day1~day3/00_02 RecData/GSSW_log/…/20240722_1605.txt; 100_01 KASHIWA運用日報/2024年7月/20240722/…-2パス.docx; GS dump 2024-07-22 20:54 sizes [80022,78345,47187,50263,51842,63624,77029]; original 02_1stAOS day1~day3/00_02 RecData/CAM/画像/20240724_3.jpg (sha256 identical)",capture K27; image #1 partial; original file 20240724_3.jpg,91f202fb0cc358ace219bdc182cb4381f6208d4c340bd4c2021aca788ea7af8c
KASHIWA,CAM,,2024-07-22,2024-07-24,data/01_kashiwa/images/cam/kashiwa_20240722T1726_d1b8351b1c.jpg,640,480,61671,120.41,65.52,ok,2024-07-22T17:26:00+09:00,2024-07-22T17:31:00+09:00,uplink+timer,,,preset-day,7 shots saved as 640x480 JPEG ('サムネ高画質'),"cmd 4B 00 A0 D2 50 76 6D 00 00 00 00 (uplinked 2024-07-22 16:06:54 .. 2024-07-22 16:08:08 JST, delay 80 min); D2 param bytes 76 6D 00 00 00 00 (schedule CMD一覧: CAM撮影(日中)); shares byte2=6D with the documented ISS-mode command (ISO 100 / 1 ms / EV -5), so exposure settings are plausibly identical to that mode - inference only; set: 7 images 640x480; downlink 2024-07-22..07-24 passes",high,"02_1stAOS day1~day3/00_02 RecData/GSSW_log/…/20240722_1605.txt; 100_01 KASHIWA運用日報/2024年7月/20240722/…-2パス.docx; GS dump 2024-07-22 20:54 sizes [80022,78345,47187,50263,51842,63624,77029]; original 02_1stAOS day1~day3/00_02 RecData/CAM/画像/20240724_1.jpg (sha256 identical)",capture K27; image #1 partial; original file 20240724_1.jpg,d1b8351b1cddc8ef4adaeca13d80d578acdc1ff1c42348083aac5c352f0f6d53
KASHIWA,CAM,,2024-07-22,2024-07-24,data/01_kashiwa/images/cam/kashiwa_20240722T1726_d5640c172b.jpg,640,480,63135,127.05,10.02,ok,2024-07-22T17:26:00+09:00,2024-07-22T17:31:00+09:00,uplink+timer,,,preset-day,7 shots saved as 640x480 JPEG ('サムネ高画質'),"cmd 4B 00 A0 D2 50 76 6D 00 00 00 00 (uplinked 2024-07-22 16:06:54 .. 2024-07-22 16:08:08 JST, delay 80 min); D2 param bytes 76 6D 00 00 00 00 (schedule CMD一覧: CAM撮影(日中)); shares byte2=6D with the documented ISS-mode command (ISO 100 / 1 ms / EV -5), so exposure settings are plausibly identical to that mode - inference only; set: 7 images 640x480; downlink 2024-07-22..07-24 passes",high,"02_1stAOS day1~day3/00_02 RecData/GSSW_log/…/20240722_1605.txt; 100_01 KASHIWA運用日報/2024年7月/20240722/…-2パス.docx; GS dump 2024-07-22 20:54 sizes [80022,78345,47187,50263,51842,63624,77029]; original 02_1stAOS day1~day3/00_02 RecData/CAM/画像/20240724_2_hkにより破損.jpg (sha256 identical)",capture K27; image #1 partial (corrupted by HK packets per file name); original file 20240724_2_hkにより破損.jpg,d5640c172b9855d9445b88eab5669349da084ade7d5bf13a51ea61dd6c207941
KASHIWA,CAM,,2024-07-22,2024-07-24,data/01_kashiwa/images/cam/kashiwa_20240722T1726_d8cbdd2661.jpg,640,480,67771,75.03,54.67,ok,2024-07-22T17:26:00+09:00,2024-07-22T17:31:00+09:00,uplink+timer,,,preset-day,7 shots saved as 640x480 JPEG ('サムネ高画質'),"cmd 4B 00 A0 D2 50 76 6D 00 00 00 00 (uplinked 2024-07-22 16:06:54 .. 2024-07-22 16:08:08 JST, delay 80 min); D2 param bytes 76 6D 00 00 00 00 (schedule CMD一覧: CAM撮影(日中)); shares byte2=6D with the documented ISS-mode command (ISO 100 / 1 ms / EV -5), so exposure settings are plausibly identical to that mode - inference only; set: 7 images 640x480; downlink 2024-07-22..07-24 passes",high,"02_1stAOS day1~day3/00_02 RecData/GSSW_log/…/20240722_1605.txt; 100_01 KASHIWA運用日報/2024年7月/20240722/…-2パス.docx; GS dump 2024-07-22 20:54 sizes [80022,78345,47187,50263,51842,63624,77029]; original 02_1stAOS day1~day3/00_02 RecData/CAM/画像/20240724_5.jpg (sha256 identical)",capture K27; image #1 partial; original file 20240724_5.jpg,d8cbdd2661f9a0402836979c4fd19285c373aeee795c10411df8eea2415cc8fb
KASHIWA,CAM,,2024-07-22,2024-07-24,data/01_kashiwa/images/cam/kashiwa_20240722T1726_ed0d4d8ae3.jpg,640,480,63135,114.06,73.31,ok,2024-07-22T17:26:00+09:00,2024-07-22T17:31:00+09:00,uplink+timer,,,preset-day,7 shots saved as 640x480 JPEG ('サムネ高画質'),"cmd 4B 00 A0 D2 50 76 6D 00 00 00 00 (uplinked 2024-07-22 16:06:54 .. 2024-07-22 16:08:08 JST, delay 80 min); D2 param bytes 76 6D 00 00 00 00 (schedule CMD一覧: CAM撮影(日中)); shares byte2=6D with the documented ISS-mode command (ISO 100 / 1 ms / EV -5), so exposure settings are plausibly identical to that mode - inference only; set: 7 images 640x480; downlink 2024-07-22..07-24 passes",high,"02_1stAOS day1~day3/00_02 RecData/GSSW_log/…/20240722_1605.txt; 100_01 KASHIWA運用日報/2024年7月/20240722/…-2パス.docx; GS dump 2024-07-22 20:54 sizes [80022,78345,47187,50263,51842,63624,77029]; original 02_1stAOS day1~day3/00_02 RecData/CAM/画像/20240724_4.jpg (sha256 identical)",capture K27; image #1 partial; original file 20240724_4.jpg,ed0d4d8ae3f207f62f67a0fae812c2a24315c1515e54718d9cde1d989db9c2e8
KASHIWA,CAM,,2024-07-22,2024-07-25,data/01_kashiwa/images/cam/kashiwa_20240722T1726_26e5db1850.jpg,640,480,64233,106.25,61.01,ok,2024-07-22T17:26:00+09:00,2024-07-22T17:31:00+09:00,uplink+timer,,,preset-day,7 shots saved as 640x480 JPEG ('サムネ高画質'),"cmd 4B 00 A0 D2 50 76 6D 00 00 00 00 (uplinked 2024-07-22 16:06:54 .. 2024-07-22 16:08:08 JST, delay 80 min); D2 param bytes 76 6D 00 00 00 00 (schedule CMD一覧: CAM撮影(日中)); shares byte2=6D with the documented ISS-mode command (ISO 100 / 1 ms / EV -5), so exposure settings are plausibly identical to that mode - inference only; set: 7 images 640x480; downlink 2024-07-22..07-25 passes",high,"02_1stAOS day1~day3/00_02 RecData/GSSW_log/…/20240722_1605.txt; 100_01 KASHIWA運用日報/2024年7月/20240722/…-2パス.docx; GS dump 2024-07-22 20:54 sizes [80022,78345,47187,50263,51842,63624,77029]; original 02_1stAOS day1~day3/00_02 RecData/CAM/画像/20240725_3.jpg (sha256 identical)",capture K27; image #1 partial; original file 20240725_3.jpg,26e5db1850e5ed8b7f9a3a426042cc4ae0c6c58d88100912b3d8cb68a9846f41
KASHIWA,CAM,,2024-07-22,2024-07-25,data/01_kashiwa/images/cam/kashiwa_20240722T1726_a2dc37e757.jpg,640,480,70638,156.93,77.64,ok,2024-07-22T17:26:00+09:00,2024-07-22T17:31:00+09:00,uplink+timer,,,preset-day,7 shots saved as 640x480 JPEG ('サムネ高画質'),"cmd 4B 00 A0 D2 50 76 6D 00 00 00 00 (uplinked 2024-07-22 16:06:54 .. 2024-07-22 16:08:08 JST, delay 80 min); D2 param bytes 76 6D 00 00 00 00 (schedule CMD一覧: CAM撮影(日中)); shares byte2=6D with the documented ISS-mode command (ISO 100 / 1 ms / EV -5), so exposure settings are plausibly identical to that mode - inference only; set: 7 images 640x480; downlink 2024-07-22..07-25 passes",high,"02_1stAOS day1~day3/00_02 RecData/GSSW_log/…/20240722_1605.txt; 100_01 KASHIWA運用日報/2024年7月/20240722/…-2パス.docx; GS dump 2024-07-22 20:54 sizes [80022,78345,47187,50263,51842,63624,77029]; original 02_1stAOS day1~day3/00_02 RecData/CAM/画像/20240725_1.jpg (sha256 identical)",capture K27; image #1 partial; original file 20240725_1.jpg,a2dc37e75747366e06096ac444d88522e3f48049c14c94cad732936a0639b601
KASHIWA,CAM,,2024-07-22,2024-07-25,data/01_kashiwa/images/cam/kashiwa_20240722T1726_bf635e4ee2.jpg,640,480,71309,85.55,63.62,ok,2024-07-22T17:26:00+09:00,2024-07-22T17:31:00+09:00,uplink+timer,,,preset-day,7 shots saved as 640x480 JPEG ('サムネ高画質'),"cmd 4B 00 A0 D2 50 76 6D 00 00 00 00 (uplinked 2024-07-22 16:06:54 .. 2024-07-22 16:08:08 JST, delay 80 min); D2 param bytes 76 6D 00 00 00 00 (schedule CMD一覧: CAM撮影(日中)); shares byte2=6D with the documented ISS-mode command (ISO 100 / 1 ms / EV -5), so exposure settings are plausibly identical to that mode - inference only; set: 7 images 640x480; downlink 2024-07-22..07-25 passes",high,"02_1stAOS day1~day3/00_02 RecData/GSSW_log/…/20240722_1605.txt; 100_01 KASHIWA運用日報/2024年7月/20240722/…-2パス.docx; GS dump 2024-07-22 20:54 sizes [80022,78345,47187,50263,51842,63624,77029]; original 02_1stAOS day1~day3/00_02 RecData/CAM/画像/20240725_2.jpg (sha256 identical)",capture K27; image #1 partial; original file 20240725_2.jpg,bf635e4ee23975208cc06f5e24e92667e03b8b112927ef663cb19f370b0ad1aa
KASHIWA,CAM,,2024-07-22,2024-07-25,data/01_kashiwa/images/cam/kashiwa_20240722T1726_e7bb78129d.jpg,640,480,71858,102.86,65.64,ok,2024-07-22T17:26:00+09:00,2024-07-22T17:31:00+09:00,uplink+timer,,,preset-day,7 shots saved as 640x480 JPEG ('サムネ高画質'),"cmd 4B 00 A0 D2 50 76 6D 00 00 00 00 (uplinked 2024-07-22 16:06:54 .. 2024-07-22 16:08:08 JST, delay 80 min); D2 param bytes 76 6D 00 00 00 00 (schedule CMD一覧: CAM撮影(日中)); shares byte2=6D with the documented ISS-mode command (ISO 100 / 1 ms / EV -5), so exposure settings are plausibly identical to that mode - inference only; set: 7 images 640x480; downlink 2024-07-22..07-25 passes",high,"02_1stAOS day1~day3/00_02 RecData/GSSW_log/…/20240722_1605.txt; 100_01 KASHIWA運用日報/2024年7月/20240722/…-2パス.docx; GS dump 2024-07-22 20:54 sizes [80022,78345,47187,50263,51842,63624,77029]; original 02_1stAOS day1~day3/00_02 RecData/CAM/画像/20240725_4.jpg (sha256 identical)",capture K27; image #1 partial; original file 20240725_4.jpg,e7bb78129dea2640443b5f6ce69ee72cbd173c8187f7379ee36e300ea02e6954
KASHIWA,CAM,,2024-07-22,2024-07-26,data/01_kashiwa/images/cam/kashiwa_20240722T1726_2f2fb45101.jpg,640,480,80032,97.48,68.83,ok,2024-07-22T17:26:00+09:00,2024-07-22T17:31:00+09:00,uplink+timer,,,preset-day,7 shots saved as 640x480 JPEG ('サムネ高画質'),"cmd 4B 00 A0 D2 50 76 6D 00 00 00 00 (uplinked 2024-07-22 16:06:54 .. 2024-07-22 16:08:08 JST, delay 80 min); D2 param bytes 76 6D 00 00 00 00 (schedule CMD一覧: CAM撮影(日中)); shares byte2=6D with the documented ISS-mode command (ISO 100 / 1 ms / EV -5), so exposure settings are plausibly identical to that mode - inference only; set: 7 images 640x480; downlink 2024-07-22..07-26 12:15 passes",high,"02_1stAOS day1~day3/00_02 RecData/GSSW_log/…/20240722_1605.txt; 100_01 KASHIWA運用日報/2024年7月/20240722/…-2パス.docx; GS dump 2024-07-22 20:54 sizes [80022,78345,47187,50263,51842,63624,77029]; original 02_1stAOS day1~day3/00_02 RecData/CAM/画像/20240726_1.jpg (sha256 identical)",capture K27; image #1 complete (80032 B; true 80022 B = 78.1 KB); original file 20240726_1.jpg; meeting 07-31 lists 78.1 KB under '7/20 14:02' column (no capture was uplinked on 7/20 per GS logs),2f2fb45101ee63ad38aeb3aa6fceb3b441ecb77b61e4059934493e46b9f12c43
KASHIWA,CAM,,2024-07-26,2024-07-26,data/01_kashiwa/images/cam/kashiwa_20240726T1223_fae6f35d54.jpg,640,480,8479,117.41,33.63,ok,2024-07-26T12:23:00+09:00,2024-07-26T12:26:00+09:00,uplink+timer,,,preset-day,7 shots saved as 640x480 JPEG ('サムネ高画質'),"cmd 4B 00 A0 D2 02 76 6D 00 00 00 00 (uplinked 2024-07-26 12:21:10 JST, delay 2 min); D2 param bytes 76 6D 00 00 00 00 (schedule CMD一覧: CAM撮影(日中)); shares byte2=6D with the documented ISS-mode command (ISO 100 / 1 ms / EV -5), so exposure settings are plausibly identical to that mode - inference only; set: 7 images 640x480; downlink 2024-07-26 13:49 pass",high,"02_1stAOS day1~day3/00_02 RecData/GSSW_log/…/20240726_1215.txt; 100_01 KASHIWA運用日報/2024年7月/20240726/…-1パス.docx; GS dump 2024-07-26 13:51 sizes [34846,53193,68277,43158,51274,64178,47069]; original 02_1stAOS day1~day3/00_02 RecData/CAM/画像/20240726__1215_1.jpg (sha256 identical)",capture K28; image #1 partial (full size 34846 B); original file 20240726__1215_1.jpg,fae6f35d5466138332da9b0431e79cf25f21af30fc98af310bbbd025b6019123
KASHIWA,CAM,,2024-07-26,2024-07-26,data/01_kashiwa/images/cam/kashiwa_20240726T1223_ff60cf71a8.jpg,640,480,22021,119.11,36.90,ok,2024-07-26T12:23:00+09:00,2024-07-26T12:26:00+09:00,uplink+timer,,,preset-day,7 shots saved as 640x480 JPEG ('サムネ高画質'),"cmd 4B 00 A0 D2 02 76 6D 00 00 00 00 (uplinked 2024-07-26 12:21:10 JST, delay 2 min); D2 param bytes 76 6D 00 00 00 00 (schedule CMD一覧: CAM撮影(日中)); shares byte2=6D with the documented ISS-mode command (ISO 100 / 1 ms / EV -5), so exposure settings are plausibly identical to that mode - inference only; set: 7 images 640x480; downlink 2024-07-26 13:49 & 20:10 passes",high,"02_1stAOS day1~day3/00_02 RecData/GSSW_log/…/20240726_1215.txt; 100_01 KASHIWA運用日報/2024年7月/20240726/…-1パス.docx; GS dump 2024-07-26 13:51 sizes [34846,53193,68277,43158,51274,64178,47069]; original 02_1stAOS day1~day3/00_02 RecData/CAM/画像/20240726_3.jpg (sha256 identical)",capture K28; image #1 partial; original file 20240726_3.jpg,ff60cf71a8cf6c3ba4413d210ed18efb2bb68e4d1d88ce71b3139494906d5333
KASHIWA,CAM,,2024-07-27,2024-07-27,data/01_kashiwa/images/cam/kashiwa_20240727T2009_19ac3930fa.jpg,640,480,7808,115.99,38.40,ok,2024-07-27T20:09:00+09:00,2024-07-27T20:12:00+09:00,uplink+timer,,,preset-day,7 shots saved as 640x480 JPEG ('サムネ高画質'),"cmd 4B 00 A0 D2 50 76 6D 00 00 00 00 (uplinked 2024-07-27 18:49:03 .. 2024-07-27 18:49:31 JST, delay 80 min); D2 param bytes 76 6D 00 00 00 00 (schedule CMD一覧: CAM撮影(日中)); shares byte2=6D with the documented ISS-mode command (ISO 100 / 1 ms / EV -5), so exposure settings are plausibly identical to that mode - inference only; set: 7 images 640x480; downlink 2024-07-27 20:22 pass",high,"02_1stAOS day1~day3/00_02 RecData/GSSW_log/…/20240727_1847.txt; 100_01 KASHIWA運用日報/2024年7月/20240727/…-4パス.docx; GS dump 2024-07-27 20:22 sizes [48677,47396,70351,65593,47561,71557,66061]; original 02_1stAOS day1~day3/00_02 RecData/CAM/画像/20240727_2022_1.jpg (sha256 identical)",capture K29; image #1 partial (full size 48677 B); original file 20240727_2022_1.jpg; meeting 08-08: 撮影時間 JST 7/27 20:07 (uplink 18:49 + 80 min = 20:09),19ac3930fa40d614672c5540bea4dd0943e67655c8d044f3ef74637137fd5205
KASHIWA,CAM,,2024-07-26,2024-07-27,data/01_kashiwa/images/cam/kashiwa_20240726T1223_2359af9ab5.jpg,640,480,34648,25.81,65.83,ok,2024-07-26T12:23:00+09:00,2024-07-26T12:26:00+09:00,uplink+timer,,,preset-day,7 shots saved as 640x480 JPEG ('サムネ高画質'),"cmd 4B 00 A0 D2 02 76 6D 00 00 00 00 (uplinked 2024-07-26 12:21:10 JST, delay 2 min); D2 param bytes 76 6D 00 00 00 00 (schedule CMD一覧: CAM撮影(日中)); shares byte2=6D with the documented ISS-mode command (ISO 100 / 1 ms / EV -5), so exposure settings are plausibly identical to that mode - inference only; set: 7 images 640x480; downlink 2024-07-26..07-27 14:01 passes",high,"02_1stAOS day1~day3/00_02 RecData/GSSW_log/…/20240726_1215.txt; 100_01 KASHIWA運用日報/2024年7月/20240726/…-1パス.docx; GS dump 2024-07-26 13:51 sizes [34846,53193,68277,43158,51274,64178,47069]; original 02_1stAOS day1~day3/00_02 RecData/CAM/画像/20240727_2.jpg (sha256 identical)",capture K28; image #1 near-complete; original file 20240727_2.jpg,2359af9ab528f933948cfbe06de57614fc03ba58ddedbfd9e4a7b09840fcfa8b
KASHIWA,CAM,,2024-07-26,2024-07-27,data/01_kashiwa/images/cam/kashiwa_20240726T1223_e0407bb5ad.jpg,640,480,34099,113.52,41.21,ok,2024-07-26T12:23:00+09:00,2024-07-26T12:26:00+09:00,uplink+timer,,,preset-day,7 shots saved as 640x480 JPEG ('サムネ高画質'),"cmd 4B 00 A0 D2 02 76 6D 00 00 00 00 (uplinked 2024-07-26 12:21:10 JST, delay 2 min); D2 param bytes 76 6D 00 00 00 00 (schedule CMD一覧: CAM撮影(日中)); shares byte2=6D with the documented ISS-mode command (ISO 100 / 1 ms / EV -5), so exposure settings are plausibly identical to that mode - inference only; set: 7 images 640x480; downlink 2024-07-26..07-27 12:26 passes",high,"02_1stAOS day1~day3/00_02 RecData/GSSW_log/…/20240726_1215.txt; 100_01 KASHIWA運用日報/2024年7月/20240726/…-1パス.docx; GS dump 2024-07-26 13:51 sizes [34846,53193,68277,43158,51274,64178,47069]; original 02_1stAOS day1~day3/00_02 RecData/CAM/画像/20240727_1.jpg (sha256 identical)",capture K28; image #1 partial; original file 20240727_1.jpg,e0407bb5ad860169491f1ef078071dccf9b8accacede64ae7351eb0597c6c427
KASHIWA,CAM,,2024-07-26,2024-07-27,data/01_kashiwa/images/cam/kashiwa_20240726T1223_e870406604.jpg,640,480,34770,26.36,66.06,ok,2024-07-26T12:23:00+09:00,2024-07-26T12:26:00+09:00,uplink+timer,,,preset-day,7 shots saved as 640x480 JPEG ('サムネ高画質'),"cmd 4B 00 A0 D2 02 76 6D 00 00 00 00 (uplinked 2024-07-26 12:21:10 JST, delay 2 min); D2 param bytes 76 6D 00 00 00 00 (schedule CMD一覧: CAM撮影(日中)); shares byte2=6D with the documented ISS-mode command (ISO 100 / 1 ms / EV -5), so exposure settings are plausibly identical to that mode - inference only; set: 7 images 640x480; downlink 2024-07-26..07-27 15:38 passes",high,"02_1stAOS day1~day3/00_02 RecData/GSSW_log/…/20240726_1215.txt; 100_01 KASHIWA運用日報/2024年7月/20240726/…-1パス.docx; GS dump 2024-07-26 13:51 sizes [34846,53193,68277,43158,51274,64178,47069]; original 02_1stAOS day1~day3/00_02 RecData/CAM/画像/20240727_3.jpg (sha256 identical)",capture K28; image #1 complete (34770 B; 33.9 KB per meeting 07-31); original file 20240727_3.jpg,e870406604e2f6cf5a5c14a4cf2983049a9203824662de67ca45bbe8f26903da
KASHIWA,CAM,,2024-07-27,2024-07-28,data/01_kashiwa/images/cam/kashiwa_20240727T2009_476e6e15f3.jpg,640,480,39589,61.42,72.21,ok,2024-07-27T20:09:00+09:00,2024-07-27T20:12:00+09:00,uplink+timer,,,preset-day,7 shots saved as 640x480 JPEG ('サムネ高画質'),"cmd 4B 00 A0 D2 50 76 6D 00 00 00 00 (uplinked 2024-07-27 18:49:03 .. 2024-07-27 18:49:31 JST, delay 80 min); D2 param bytes 76 6D 00 00 00 00 (schedule CMD一覧: CAM撮影(日中)); shares byte2=6D with the documented ISS-mode command (ISO 100 / 1 ms / EV -5), so exposure settings are plausibly identical to that mode - inference only; set: 7 images 640x480; downlink 2024-07-27..07-28 18:58 passes",high,"02_1stAOS day1~day3/00_02 RecData/GSSW_log/…/20240727_1847.txt; 100_01 KASHIWA運用日報/2024年7月/20240727/…-4パス.docx; GS dump 2024-07-27 20:22 sizes [48677,47396,70351,65593,47561,71557,66061]; original 02_1stAOS day1~day3/00_02 RecData/CAM/画像/20240728_3.jpg (sha256 identical)",capture K29; image #1 partial; original file 20240728_3.jpg,476e6e15f38107d6b54388efe86f676980520af0f125d2e5d998223db4046c1f
KASHIWA,CAM,,2024-07-27,2024-07-28,data/01_kashiwa/images/cam/kashiwa_20240727T2009_85bfd8ed84.jpg,640,480,46543,80.64,104.85,ok,2024-07-27T20:09:00+09:00,2024-07-27T20:12:00+09:00,uplink+timer,,,preset-day,7 shots saved as 640x480 JPEG ('サムネ高画質'),"cmd 4B 00 A0 D2 50 76 6D 00 00 00 00 (uplinked 2024-07-27 18:49:03 .. 2024-07-27 18:49:31 JST, delay 80 min); D2 param bytes 76 6D 00 00 00 00 (schedule CMD一覧: CAM撮影(日中)); shares byte2=6D with the documented ISS-mode command (ISO 100 / 1 ms / EV -5), so exposure settings are plausibly identical to that mode - inference only; set: 7 images 640x480; downlink 2024-07-27..07-28 20:32 passes",high,"02_1stAOS day1~day3/00_02 RecData/GSSW_log/…/20240727_1847.txt; 100_01 KASHIWA運用日報/2024年7月/20240727/…-4パス.docx; GS dump 2024-07-27 20:22 sizes [48677,47396,70351,65593,47561,71557,66061]; original 02_1stAOS day1~day3/00_02 RecData/CAM/画像/20240728_4.jpg (sha256 identical)",capture K29; image #1 partial; original file 20240728_4.jpg,85bfd8ed8467e056794eb0cce9186b50ca645c56babce4275e3b1da390ec3d45
KASHIWA,CAM,,2024-07-27,2024-07-28,data/01_kashiwa/images/cam/kashiwa_20240727T2009_a30e7b78f4.jpg,640,480,32269,77.15,72.25,ok,2024-07-27T20:09:00+09:00,2024-07-27T20:12:00+09:00,uplink+timer,,,preset-day,7 shots saved as 640x480 JPEG ('サムネ高画質'),"cmd 4B 00 A0 D2 50 76 6D 00 00 00 00 (uplinked 2024-07-27 18:49:03 .. 2024-07-27 18:49:31 JST, delay 80 min); D2 param bytes 76 6D 00 00 00 00 (schedule CMD一覧: CAM撮影(日中)); shares byte2=6D with the documented ISS-mode command (ISO 100 / 1 ms / EV -5), so exposure settings are plausibly identical to that mode - inference only; set: 7 images 640x480; downlink 2024-07-27..07-28 11:03 passes",high,"02_1stAOS day1~day3/00_02 RecData/GSSW_log/…/20240727_1847.txt; 100_01 KASHIWA運用日報/2024年7月/20240727/…-4パス.docx; GS dump 2024-07-27 20:22 sizes [48677,47396,70351,65593,47561,71557,66061]; original 02_1stAOS day1~day3/00_02 RecData/CAM/画像/20240728_1.jpg (sha256 identical)",capture K29; image #1 partial; original file 20240728_1.jpg,a30e7b78f4ff5e770518730071f7e2223a29163ed69df63fb33c981ec94f503f
KASHIWA,CAM,,2024-07-27,2024-07-28,data/01_kashiwa/images/cam/kashiwa_20240727T2009_ab6621c177.jpg,640,480,33489,74.96,73.01,ok,2024-07-27T20:09:00+09:00,2024-07-27T20:12:00+09:00,uplink+timer,,,preset-day,7 shots saved as 640x480 JPEG ('サムネ高画質'),"cmd 4B 00 A0 D2 50 76 6D 00 00 00 00 (uplinked 2024-07-27 18:49:03 .. 2024-07-27 18:49:31 JST, delay 80 min); D2 param bytes 76 6D 00 00 00 00 (schedule CMD一覧: CAM撮影(日中)); shares byte2=6D with the documented ISS-mode command (ISO 100 / 1 ms / EV -5), so exposure settings are plausibly identical to that mode - inference only; set: 7 images 640x480; downlink 2024-07-27..07-28 12:37 passes",high,"02_1stAOS day1~day3/00_02 RecData/GSSW_log/…/20240727_1847.txt; 100_01 KASHIWA運用日報/2024年7月/20240727/…-4パス.docx; GS dump 2024-07-27 20:22 sizes [48677,47396,70351,65593,47561,71557,66061]; original 02_1stAOS day1~day3/00_02 RecData/CAM/画像/20240728_2.jpg (sha256 identical)",capture K29; image #1 partial; original file 20240728_2.jpg,ab6621c177a7e4ca94006dc011cf60ada4a3343883aea48e5df49776bb7214c5
KASHIWA,CAM,,2024-07-27,2024-07-29,data/01_kashiwa/images/cam/kashiwa_20240727T2009_026cd723b7.jpg,640,480,48678,53.45,86.95,ok,2024-07-27T20:09:00+09:00,2024-07-27T20:12:00+09:00,uplink+timer,,,preset-day,7 shots saved as 640x480 JPEG ('サムネ高画質'),"cmd 4B 00 A0 D2 50 76 6D 00 00 00 00 (uplinked 2024-07-27 18:49:03 .. 2024-07-27 18:49:31 JST, delay 80 min); D2 param bytes 76 6D 00 00 00 00 (schedule CMD一覧: CAM撮影(日中)); shares byte2=6D with the documented ISS-mode command (ISO 100 / 1 ms / EV -5), so exposure settings are plausibly identical to that mode - inference only; set: 7 images 640x480; downlink 2024-07-27..07-29 11:12 passes",high,"02_1stAOS day1~day3/00_02 RecData/GSSW_log/…/20240727_1847.txt; 100_01 KASHIWA運用日報/2024年7月/20240727/…-4パス.docx; GS dump 2024-07-27 20:22 sizes [48677,47396,70351,65593,47561,71557,66061]; original 02_1stAOS day1~day3/00_02 RecData/CAM/画像/20240729_1_完了.jpg (sha256 identical)",capture K29; image #1 complete (48678 B; true 48677 B = 47.5 KB); original file 20240729_1_完了.jpg,026cd723b793c0a11971c2d50249e515732cec5f34e678d7a0ba5affa8a1c6d3
KASHIWA,CAM,,2024-07-29,2024-07-29,data/01_kashiwa/images/cam/kashiwa_20240729T1252_ff97951374.jpg,640,480,21228,99.86,51.18,ok,2024-07-29T12:52:00+09:00,2024-07-29T12:56:00+09:00,uplink+timer,,,preset-day,7 shots saved as 640x480 JPEG ('サムネ高画質'),"cmd 4B 00 A0 D2 02 76 6D 00 00 00 00 (uplinked 2024-07-29 12:50:03 .. 2024-07-29 12:51:05 JST, delay 2 min); D2 param bytes 76 6D 00 00 00 00 (schedule CMD一覧: CAM撮影(日中)); shares byte2=6D with the documented ISS-mode command (ISO 100 / 1 ms / EV -5), so exposure settings are plausibly identical to that mode - inference only; set: 7 images 640x480; downlink 2024-07-29 17:33 & 19:07 passes",high,"02_1stAOS day1~day3/00_02 RecData/GSSW_log/…/20240729_1247.txt; 100_01 KASHIWA運用日報/2024年7月/20240729/…-2パス.docx; GS dump 2024-07-29 17:35 sizes [55575,51256,48517,53836,52949,46375,52678]; original 02_1stAOS day1~day3/00_02 RecData/CAM/画像/2024_0729_2.jpg (sha256 identical)",capture K30; image #1 partial (full size 55575 B); original file 2024_0729_2.jpg,ff97951374daa9030e66a53e48bfdc642573b9bad4f1729dd7f48b08a35ec0f0
KASHIWA,CAM,,2024-07-29,2024-07-30,data/01_kashiwa/images/cam/kashiwa_20240729T1252_096e109423.jpg,640,480,46360,126.80,77.46,ok,2024-07-29T12:52:00+09:00,2024-07-29T12:56:00+09:00,uplink+timer,,,preset-day,7 shots saved as 640x480 JPEG ('サムネ高画質'),"cmd 4B 00 A0 D2 02 76 6D 00 00 00 00 (uplinked 2024-07-29 12:50:03 .. 2024-07-29 12:51:05 JST, delay 2 min); D2 param bytes 76 6D 00 00 00 00 (schedule CMD一覧: CAM撮影(日中)); shares byte2=6D with the documented ISS-mode command (ISO 100 / 1 ms / EV -5), so exposure settings are plausibly identical to that mode - inference only; set: 7 images 640x480; downlink 2024-07-29..07-30 17:41 passes",high,"02_1stAOS day1~day3/00_02 RecData/GSSW_log/…/20240729_1247.txt; 100_01 KASHIWA運用日報/2024年7月/20240729/…-2パス.docx; GS dump 2024-07-29 17:35 sizes [55575,51256,48517,53836,52949,46375,52678]; original 02_1stAOS day1~day3/00_02 RecData/CAM/画像/20240730_3.jpg (sha256 identical)",capture K30; image #1 partial; original file 20240730_3.jpg,096e109423298d3a77829c3e6b7e3b0f5c7686eed360eee7c4431f21842cc244
KASHIWA,CAM,,2024-07-29,2024-07-30,data/01_kashiwa/images/cam/kashiwa_20240729T1252_2ff074753b.jpg,640,480,46482,126.43,77.63,ok,2024-07-29T12:52:00+09:00,2024-07-29T12:56:00+09:00,uplink+timer,,,preset-day,7 shots saved as 640x480 JPEG ('サムネ高画質'),"cmd 4B 00 A0 D2 02 76 6D 00 00 00 00 (uplinked 2024-07-29 12:50:03 .. 2024-07-29 12:51:05 JST, delay 2 min); D2 param bytes 76 6D 00 00 00 00 (schedule CMD一覧: CAM撮影(日中)); shares byte2=6D with the documented ISS-mode command (ISO 100 / 1 ms / EV -5), so exposure settings are plausibly identical to that mode - inference only; set: 7 images 640x480; downlink 2024-07-29..07-30 19:16 passes",high,"02_1stAOS day1~day3/00_02 RecData/GSSW_log/…/20240729_1247.txt; 100_01 KASHIWA運用日報/2024年7月/20240729/…-2パス.docx; GS dump 2024-07-29 17:35 sizes [55575,51256,48517,53836,52949,46375,52678]; original 02_1stAOS day1~day3/00_02 RecData/CAM/20240730_4.jpg (sha256 identical)",capture K30; image #1 partial; original file (RecData/CAM root) 20240730_4.jpg,2ff074753b6ef0c979fe894a7868373fcbb45274f5b54bf5e9f9517574705b81
KASHIWA,CAM,,2024-07-29,2024-07-30,data/01_kashiwa/images/cam/kashiwa_20240729T1252_9f374b7bce.jpg,640,480,44591,119.78,73.27,ok,2024-07-29T12:52:00+09:00,2024-07-29T12:56:00+09:00,uplink+timer,,,preset-day,7 shots saved as 640x480 JPEG ('サムネ高画質'),"cmd 4B 00 A0 D2 02 76 6D 00 00 00 00 (uplinked 2024-07-29 12:50:03 .. 2024-07-29 12:51:05 JST, delay 2 min); D2 param bytes 76 6D 00 00 00 00 (schedule CMD一覧: CAM撮影(日中)); shares byte2=6D with the documented ISS-mode command (ISO 100 / 1 ms / EV -5), so exposure settings are plausibly identical to that mode - inference only; set: 7 images 640x480; downlink 2024-07-29..07-30 11:21 passes",high,"02_1stAOS day1~day3/00_02 RecData/GSSW_log/…/20240729_1247.txt; 100_01 KASHIWA運用日報/2024年7月/20240729/…-2パス.docx; GS dump 2024-07-29 17:35 sizes [55575,51256,48517,53836,52949,46375,52678]; original 02_1stAOS day1~day3/00_02 RecData/CAM/画像/20240730_1.jpg (sha256 identical)",capture K30; image #1 partial; original file 20240730_1.jpg,9f374b7bcea54b8355256c4e5a5a8f23b9d9af6081f1f78616ec0e785e3436ea
KASHIWA,CAM,,2024-07-29,2024-07-30,data/01_kashiwa/images/cam/kashiwa_20240729T1252_d53ff975dc.jpg,640,480,44957,117.35,76.30,ok,2024-07-29T12:52:00+09:00,2024-07-29T12:56:00+09:00,uplink+timer,,,preset-day,7 shots saved as 640x480 JPEG ('サムネ高画質'),"cmd 4B 00 A0 D2 02 76 6D 00 00 00 00 (uplinked 2024-07-29 12:50:03 .. 2024-07-29 12:51:05 JST, delay 2 min); D2 param bytes 76 6D 00 00 00 00 (schedule CMD一覧: CAM撮影(日中)); shares byte2=6D with the documented ISS-mode command (ISO 100 / 1 ms / EV -5), so exposure settings are plausibly identical to that mode - inference only; set: 7 images 640x480; downlink 2024-07-29..07-30 17:41 passes",high,"02_1stAOS day1~day3/00_02 RecData/GSSW_log/…/20240729_1247.txt; 100_01 KASHIWA運用日報/2024年7月/20240729/…-2パス.docx; GS dump 2024-07-29 17:35 sizes [55575,51256,48517,53836,52949,46375,52678]; original 02_1stAOS day1~day3/00_02 RecData/CAM/画像/20240730_2.jpg (sha256 identical)",capture K30; image #1 partial; original file 20240730_2.jpg,d53ff975dcf508168b38c37723095edb13ee575f65ef64aed7a2b27547f5c14f
KASHIWA,CAM,,2024-07-29,2024-07-31,data/01_kashiwa/images/cam/kashiwa_20240729T1252_e5c5e0c8e4.jpg,640,480,49105,130.51,82.71,ok,2024-07-29T12:52:00+09:00,2024-07-29T12:56:00+09:00,uplink+timer,,,preset-day,7 shots saved as 640x480 JPEG ('サムネ高画質'),"cmd 4B 00 A0 D2 02 76 6D 00 00 00 00 (uplinked 2024-07-29 12:50:03 .. 2024-07-29 12:51:05 JST, delay 2 min); D2 param bytes 76 6D 00 00 00 00 (schedule CMD一覧: CAM撮影(日中)); shares byte2=6D with the documented ISS-mode command (ISO 100 / 1 ms / EV -5), so exposure settings are plausibly identical to that mode - inference only; set: 7 images 640x480; downlink 2024-07-29..07-31 passes",high,"02_1stAOS day1~day3/00_02 RecData/GSSW_log/…/20240729_1247.txt; 100_01 KASHIWA運用日報/2024年7月/20240729/…-2パス.docx; GS dump 2024-07-29 17:35 sizes [55575,51256,48517,53836,52949,46375,52678]; original 02_1stAOS day1~day3/00_02 RecData/CAM/20240731_1.jpg (sha256 identical)",capture K30; image #1 partial; original file (RecData/CAM root) 20240731_1.jpg,e5c5e0c8e42d5ed2a1ac540607b69c94fc9029e38f208fdcad23d467ee4ba413
KASHIWA,CAM,,2024-07-29,2024-08-01,data/01_kashiwa/images/cam/kashiwa_20240729T1252_4faccedff6.jpg,640,480,55632,94.22,96.76,ok,2024-07-29T12:52:00+09:00,2024-07-29T12:56:00+09:00,uplink+timer,,,preset-day,7 shots saved as 640x480 JPEG ('サムネ高画質'),"cmd 4B 00 A0 D2 02 76 6D 00 00 00 00 (uplinked 2024-07-29 12:50:03 .. 2024-07-29 12:51:05 JST, delay 2 min); D2 param bytes 76 6D 00 00 00 00 (schedule CMD一覧: CAM撮影(日中)); shares byte2=6D with the documented ISS-mode command (ISO 100 / 1 ms / EV -5), so exposure settings are plausibly identical to that mode - inference only; set: 7 images 640x480; downlink 2024-07-29..08-01 passes",high,"02_1stAOS day1~day3/00_02 RecData/GSSW_log/…/20240729_1247.txt; 100_01 KASHIWA運用日報/2024年7月/20240729/…-2パス.docx; GS dump 2024-07-29 17:35 sizes [55575,51256,48517,53836,52949,46375,52678]; original 02_1stAOS day1~day3/00_02 RecData/CAM/20240801_2.jpg (sha256 identical)",capture K30; image #1 complete (55632 B; true 55575 B = 54.3 KB); original file (RecData/CAM root) 20240801_2.jpg; meeting 08-08 lists 54.3 KB under '7/27 18:47' column; dump sizes tie it to the 07-29 12:50 capture,4faccedff605b2f9e558e620f636ab40653b061fe5fa6d978a4cbcb56448868d
KASHIWA,CAM,,2024-07-29,2024-08-01,data/01_kashiwa/images/cam/kashiwa_20240729T1252_6a58c684e4.jpg,640,480,54900,122.21,91.32,ok,2024-07-29T12:52:00+09:00,2024-07-29T12:56:00+09:00,uplink+timer,,,preset-day,7 shots saved as 640x480 JPEG ('サムネ高画質'),"cmd 4B 00 A0 D2 02 76 6D 00 00 00 00 (uplinked 2024-07-29 12:50:03 .. 2024-07-29 12:51:05 JST, delay 2 min); D2 param bytes 76 6D 00 00 00 00 (schedule CMD一覧: CAM撮影(日中)); shares byte2=6D with the documented ISS-mode command (ISO 100 / 1 ms / EV -5), so exposure settings are plausibly identical to that mode - inference only; set: 7 images 640x480; downlink 2024-07-29..08-01 10:01 passes",high,"02_1stAOS day1~day3/00_02 RecData/GSSW_log/…/20240729_1247.txt; 100_01 KASHIWA運用日報/2024年7月/20240729/…-2パス.docx; GS dump 2024-07-29 17:35 sizes [55575,51256,48517,53836,52949,46375,52678]; original 02_1stAOS day1~day3/00_02 RecData/CAM/20240801_1.jpg (sha256 identical)",capture K30; image #1 near-complete; original file (RecData/CAM root) 20240801_1.jpg,6a58c684e4d2408d350cdc6352fd8f8ae847d8be2c4aeb22f8dd1e49743230a9
SAKURA,ECAM,,2024-08-30,2024-08-30,data/02_sakura/images/ecam/sakura_ecam_20240830T0302_2ef9add1db.jpg,240,135,1281,0.42,1.77,dark,2024-08-30T03:02:52+09:00,2024-08-30T03:06:14+09:00,satlog,auto,auto,auto,240x135 (thumbnail resize code 0),JPEG quality 80%; 5 frames; RGB; group 1; reservation delay 51 min; cmd 53 00 A0 B0 33 01 00 00 00 00 A4,high,"original file: 02_SKR運用/03_Operation Log/05_ECAM/jpg復元マクロとダウンリンク画像データ/20240830_0700_TMB_1.jpg | uplink: 02_SKR運用/03_Operation Log/01_GS Monitor Log/20240830_0216.txt (ACK 02:12:21 JST) | onboard exec/end: 02_SKR運用/03_Operation Log/04_SATLOG/SKR_SATLOG_評価_20241128.xlsm (解析データ) | daily report: 02_SKR運用/04_運用日報/初期運用/運用日報_20240829.docx | cmd decoding: 02_SKR運用/05_software/CAM/SKR_EARTH_SUN_CMDMaker_v3.xlsx | exposure policy: 02_SKR運用/01_文書/06_成果報告会資料/SAKURA成果報告会20250206.pptx slide 52,78","orig=20240830_0700_TMB_1.jpg. downlinked in 08-30 07:00 pass; ECAM group 1 frame 1. SATLOG mission exec 2024-08-30 03:03:45 - end 03:05:07 (fixed-epoch JST, boot 2024-08-29 18:45:00 JST); onboard clock ran slow, drift correction +0.1 min applied (anchored on GS ACK times), range widened by ±1 min. Frames within a group are ~1 s apart; the group's frames were all taken in this window.",2ef9add1db0774838b56f20e0da81f22508ea17926a6073ce2d498a6f56d34b3
SAKURA,ECAM,,2024-08-30,2024-08-30,data/02_sakura/images/ecam/sakura_ecam_20240830T0302_ba923884db.jpg,240,135,854,92.33,56.74,ok,2024-08-30T03:02:52+09:00,2024-08-30T03:06:14+09:00,satlog,auto,auto,auto,240x135 (thumbnail resize code 0),JPEG quality 80%; 5 frames; RGB; group 1; reservation delay 51 min; cmd 53 00 A0 B0 33 01 00 00 00 00 A4,high,"original file: 02_SKR運用/03_Operation Log/05_ECAM/jpg復元マクロとダウンリンク画像データ/20240830_0700_TMB_2.jpg | uplink: 02_SKR運用/03_Operation Log/01_GS Monitor Log/20240830_0216.txt (ACK 02:12:21 JST) | onboard exec/end: 02_SKR運用/03_Operation Log/04_SATLOG/SKR_SATLOG_評価_20241128.xlsm (解析データ) | daily report: 02_SKR運用/04_運用日報/初期運用/運用日報_20240829.docx | cmd decoding: 02_SKR運用/05_software/CAM/SKR_EARTH_SUN_CMDMaker_v3.xlsx | exposure policy: 02_SKR運用/01_文書/06_成果報告会資料/SAKURA成果報告会20250206.pptx slide 52,78","orig=20240830_0700_TMB_2.jpg. downlinked in 08-30 07:00 pass; group 1 frame 2. SATLOG mission exec 2024-08-30 03:03:45 - end 03:05:07 (fixed-epoch JST, boot 2024-08-29 18:45:00 JST); onboard clock ran slow, drift correction +0.1 min applied (anchored on GS ACK times), range widened by ±1 min. Frames within a group are ~1 s apart; the group's frames were all taken in this window.",ba923884db8513997858bae8140c30b03b7f118581656b39bdd0e198b6ac8b07
SAKURA,ECAM,,2024-08-30,2024-08-30,data/02_sakura/images/ecam/sakura_ecam_20240830T0302_cd445303c5.jpg,240,135,2684,231.35,35.15,ok,2024-08-30T03:02:52+09:00,2024-08-30T03:06:14+09:00,satlog,auto,auto,auto,240x135 (thumbnail resize code 0),JPEG quality 80%; 5 frames; RGB; group 1; reservation delay 51 min; cmd 53 00 A0 B0 33 01 00 00 00 00 A4,high,"original file: 02_SKR運用/03_Operation Log/05_ECAM/jpg復元マクロとダウンリンク画像データ/20240830_TMB_4.jpg | uplink: 02_SKR運用/03_Operation Log/01_GS Monitor Log/20240830_0216.txt (ACK 02:12:21 JST) | onboard exec/end: 02_SKR運用/03_Operation Log/04_SATLOG/SKR_SATLOG_評価_20241128.xlsm (解析データ) | daily report: 02_SKR運用/04_運用日報/初期運用/運用日報_20240829.docx | cmd decoding: 02_SKR運用/05_software/CAM/SKR_EARTH_SUN_CMDMaker_v3.xlsx | exposure policy: 02_SKR運用/01_文書/06_成果報告会資料/SAKURA成果報告会20250206.pptx slide 52,78","orig=20240830_TMB_4.jpg. group 1 frame 4 (first on-orbit ECAM shot, Brazil daytime target). SATLOG mission exec 2024-08-30 03:03:45 - end 03:05:07 (fixed-epoch JST, boot 2024-08-29 18:45:00 JST); onboard clock ran slow, drift correction +0.1 min applied (anchored on GS ACK times), range widened by ±1 min. Frames within a group are ~1 s apart; the group's frames were all taken in this window.",cd445303c555d360bdccf10b49cc083820fbca72503b1cf66d25f46f4c02341e
SAKURA,ECAM,,2024-08-31,2024-08-31,data/02_sakura/images/ecam/sakura_ecam_20240831T0025_31b6c26290.jpg,240,135,2074,55.60,35.76,ok,2024-08-31T00:25:02+09:00,2024-08-31T00:28:23+09:00,satlog,auto,auto,auto,240x135 (thumbnail resize code 0),JPEG quality 80%; 5 frames; RGB; group 1; reservation delay 44 min; cmd 53 00 A0 B0 2C 01 00 00 00 00 A4,medium,"original file: 02_SKR運用/03_Operation Log/05_ECAM/jpg復元マクロとダウンリンク画像データ/20240831_0028_TMB_5.jpg | uplink: 02_SKR運用/03_Operation Log/01_GS Monitor Log/20240830_2351.txt | onboard exec/end: 02_SKR運用/03_Operation Log/04_SATLOG/SKR_SATLOG_評価_20241128.xlsm (解析データ) | daily report: 02_SKR運用/04_運用日報/初期運用/運用日報_20240830.docx | cmd decoding: 02_SKR運用/05_software/CAM/SKR_EARTH_SUN_CMDMaker_v3.xlsx | exposure policy: 02_SKR運用/01_文書/06_成果報告会資料/SAKURA成果報告会20250206.pptx slide 52,78","orig=20240831_0028_TMB_5.jpg. filename 0028 = planned shot time (uplink 23:44 + 44 min); South America midday shot (MTG slide: white-out); thumbnails 2-5 downlinked 08-31 01:18 pass. SATLOG mission exec 2024-08-31 00:24:52 - end 00:26:13 (fixed-epoch JST, boot 2024-08-29 18:45:00 JST); onboard clock ran slow, drift correction +1.2 min applied (anchored on GS ACK times), range widened by ±1 min. Frames within a group are ~1 s apart; the group's frames were all taken in this window.",31b6c26290770962571af12be1a65719bbd78f0756658fe104d6932794365451
SAKURA,ECAM,,2024-08-31,2024-08-31,data/02_sakura/images/ecam/sakura_ecam_20240831T0025_5f61aae435.jpg,240,135,2684,36.39,48.96,ok,2024-08-31T00:25:02+09:00,2024-08-31T00:28:23+09:00,satlog,auto,auto,auto,240x135 (thumbnail resize code 0),JPEG quality 80%; 5 frames; RGB; group 1; reservation delay 44 min; cmd 53 00 A0 B0 2C 01 00 00 00 00 A4,medium,"original file: 02_SKR運用/03_Operation Log/05_ECAM/jpg復元マクロとダウンリンク画像データ/20240831_0028_TMB_3.jpg | uplink: 02_SKR運用/03_Operation Log/01_GS Monitor Log/20240830_2351.txt | onboard exec/end: 02_SKR運用/03_Operation Log/04_SATLOG/SKR_SATLOG_評価_20241128.xlsm (解析データ) | daily report: 02_SKR運用/04_運用日報/初期運用/運用日報_20240830.docx | cmd decoding: 02_SKR運用/05_software/CAM/SKR_EARTH_SUN_CMDMaker_v3.xlsx | exposure policy: 02_SKR運用/01_文書/06_成果報告会資料/SAKURA成果報告会20250206.pptx slide 52,78","orig=20240831_0028_TMB_3.jpg. as above, frame 3. SATLOG mission exec 2024-08-31 00:24:52 - end 00:26:13 (fixed-epoch JST, boot 2024-08-29 18:45:00 JST); onboard clock ran slow, drift correction +1.2 min applied (anchored on GS ACK times), range widened by ±1 min. Frames within a group are ~1 s apart; the group's frames were all taken in this window.",5f61aae435e21cf498d1cfc4f78b926e0ce9a581fa7e998c72f33d3039dfa3ea
SAKURA,ECAM,,2024-08-31,2024-08-31,data/02_sakura/images/ecam/sakura_ecam_20240831T0613_751731624f.jpg,240,135,3172,248.78,7.34,low_contrast,2024-08-31T06:13:07+09:00,2024-08-31T06:16:29+09:00,satlog,auto,auto,auto,240x135 (thumbnail resize code 0),JPEG quality 80%; 5 frames; RGB; group 1; reservation delay 0 min; cmd 53 00 A0 B0 00 01 00 00 00 00 A4,high,"original file: 02_SKR運用/03_Operation Log/05_ECAM/jpg復元マクロとダウンリンク画像データ/20240831_0615_TMB_5.jpg | uplink: 02_SKR運用/03_Operation Log/01_GS Monitor Log/20240831_0622.txt (ACK 06:13:52 JST) | onboard exec/end: 02_SKR運用/03_Operation Log/04_SATLOG/SKR_SATLOG_評価_20241128.xlsm (解析データ) | daily report: 02_SKR運用/04_運用日報/初期運用/運用日報_20240830.docx | cmd decoding: 02_SKR運用/05_software/CAM/SKR_EARTH_SUN_CMDMaker_v3.xlsx | exposure policy: 02_SKR運用/01_文書/06_成果報告会資料/SAKURA成果報告会20250206.pptx slide 52,78","orig=20240831_0615_TMB_5.jpg. delay-0 shot during the 06:12-06:22 pass, thumbnail downlinked immediately (Japan, morning); frame 5. SATLOG mission exec 2024-08-31 06:12:40 - end 06:14:02 (fixed-epoch JST, boot 2024-08-29 18:45:00 JST); onboard clock ran slow, drift correction +1.5 min applied (anchored on GS ACK times), range widened by ±1 min. Frames within a group are ~1 s apart; the group's frames were all taken in this window.",751731624fb51cdc5af3140c403240e16b4c06fc991f2b5491f99b0caf301424
SAKURA,ECAM,,2024-08-31,2024-08-31,data/02_sakura/images/ecam/sakura_ecam_20240831T0025_86b6fe24e5.jpg,240,135,2196,57.63,52.82,ok,2024-08-31T00:25:02+09:00,2024-08-31T00:28:23+09:00,satlog,auto,auto,auto,240x135 (thumbnail resize code 0),JPEG quality 80%; 5 frames; RGB; group 1; reservation delay 44 min; cmd 53 00 A0 B0 2C 01 00 00 00 00 A4,medium,"original file: 02_SKR運用/03_Operation Log/05_ECAM/jpg復元マクロとダウンリンク画像データ/20240831_0028_TMB_4.jpg | uplink: 02_SKR運用/03_Operation Log/01_GS Monitor Log/20240830_2351.txt | onboard exec/end: 02_SKR運用/03_Operation Log/04_SATLOG/SKR_SATLOG_評価_20241128.xlsm (解析データ) | daily report: 02_SKR運用/04_運用日報/初期運用/運用日報_20240830.docx | cmd decoding: 02_SKR運用/05_software/CAM/SKR_EARTH_SUN_CMDMaker_v3.xlsx | exposure policy: 02_SKR運用/01_文書/06_成果報告会資料/SAKURA成果報告会20250206.pptx slide 52,78","orig=20240831_0028_TMB_4.jpg. as above, frame 4. SATLOG mission exec 2024-08-31 00:24:52 - end 00:26:13 (fixed-epoch JST, boot 2024-08-29 18:45:00 JST); onboard clock ran slow, drift correction +1.2 min applied (anchored on GS ACK times), range widened by ±1 min. Frames within a group are ~1 s apart; the group's frames were all taken in this window.",86b6fe24e52137864a75f7b29f598503bfaf13ca4f0d823ad1b61864cc320ce9
SAKURA,ECAM,,2024-08-31,2024-08-31,data/02_sakura/images/ecam/sakura_ecam_20240831T0613_d399b6b5be.jpg,240,135,3518,160.41,5.35,low_contrast,2024-08-31T06:13:07+09:00,2024-08-31T06:16:29+09:00,satlog,auto,auto,auto,240x135 (thumbnail resize code 0),JPEG quality 80%; 5 frames; RGB; group 1; reservation delay 0 min; cmd 53 00 A0 B0 00 01 00 00 00 00 A4,high,"original file: 02_SKR運用/03_Operation Log/05_ECAM/jpg復元マクロとダウンリンク画像データ/20240831_0615_TMB_5_明るさ調整.jpg | uplink: 02_SKR運用/03_Operation Log/01_GS Monitor Log/20240831_0622.txt (ACK 06:13:52 JST) | onboard exec/end: 02_SKR運用/03_Operation Log/04_SATLOG/SKR_SATLOG_評価_20241128.xlsm (解析データ) | daily report: 02_SKR運用/04_運用日報/初期運用/運用日報_20240830.docx | cmd decoding: 02_SKR運用/05_software/CAM/SKR_EARTH_SUN_CMDMaker_v3.xlsx | exposure policy: 02_SKR運用/01_文書/06_成果報告会資料/SAKURA成果報告会20250206.pptx slide 52,78","orig=20240831_0615_TMB_5_明るさ調整.jpg. ground-side brightness-adjusted copy of 0615_TMB_5 (not an original downlink). SATLOG mission exec 2024-08-31 06:12:40 - end 06:14:02 (fixed-epoch JST, boot 2024-08-29 18:45:00 JST); onboard clock ran slow, drift correction +1.5 min applied (anchored on GS ACK times), range widened by ±1 min. Frames within a group are ~1 s apart; the group's frames were all taken in this window.",d399b6b5be7ac52ae5802a19b88e46413730a63f68280c0e6974c8717657a35f
SAKURA,ECAM,,2024-09-01,2024-09-01,data/02_sakura/images/ecam/sakura_ecam_20240901T0527_2d927073e3.jpg,240,135,3842,63.89,24.25,ok,2024-09-01T05:27:09+09:00,2024-09-01T05:30:31+09:00,satlog,auto,auto,auto,240x135 (thumbnail resize code 0),JPEG quality 80%; 5 frames; RGB; group 2; reservation delay 0 min; cmd 53 00 A0 B0 00 02 00 00 00 00 A4,high,"original file: 02_SKR運用/03_Operation Log/05_ECAM/jpg復元マクロとダウンリンク画像データ/20240901_0724_02_TMB_1.jpg | uplink: 02_SKR運用/03_Operation Log/01_GS Monitor Log/20240901_0533.txt (ACK 05:27:54 JST) | onboard exec/end: 02_SKR運用/03_Operation Log/04_SATLOG/SKR_SATLOG_評価_20241128.xlsm (解析データ) | daily report: 02_SKR運用/04_運用日報/初期運用/運用日報_20240831.docx | cmd decoding: 02_SKR運用/05_software/CAM/SKR_EARTH_SUN_CMDMaker_v3.xlsx | exposure policy: 02_SKR運用/01_文書/06_成果報告会資料/SAKURA成果報告会20250206.pptx slide 52,78","orig=20240901_0724_02_TMB_1.jpg. delay-0 shot in 05:27 pass; group 2 frame 1; downlinked 07:00-07:10 pass. SATLOG mission exec 2024-09-01 05:25:46 - end 05:27:08 (fixed-epoch JST, boot 2024-08-29 18:45:00 JST); onboard clock ran slow, drift correction +2.4 min applied (anchored on GS ACK times), range widened by ±1 min. Frames within a group are ~1 s apart; the group's frames were all taken in this window.",2d927073e30c88cb998cf669a2931777598457c237043194a6dd8c90a2058bf0
SAKURA,ECAM,,2024-08-31,2024-09-01,data/02_sakura/images/ecam/sakura_ecam_20240831T0613_650266f1f0.jpg,240,160,7259,237.18,35.46,ok,2024-08-31T06:13:07+09:00,2024-08-31T06:16:29+09:00,satlog,auto,auto,auto,240x160 crop from main image (native 3280x2464),"JPEG quality 80%; 5 frames; RGB; group 1; reservation delay 0 min; cmd 53 00 A0 B0 00 01 00 00 00 00 A4; crop cmd 53 00 A0 B1 28 01 05 00 00 01 56 (image #5, cell args 00 00 01 56)",medium,"original file: 02_SKR運用/03_Operation Log/05_ECAM/jpg復元マクロとダウンリンク画像データ/ECAM01_Main_5_20240901_0102.jpg | uplink: 02_SKR運用/03_Operation Log/01_GS Monitor Log/20240831_0622.txt (ACK 06:13:52 JST) | onboard exec/end: 02_SKR運用/03_Operation Log/04_SATLOG/SKR_SATLOG_評価_20241128.xlsm (解析データ) | daily report: 02_SKR運用/04_運用日報/初期運用/運用日報_20240830.docx | cmd decoding: 02_SKR運用/05_software/CAM/SKR_EARTH_SUN_CMDMaker_v3.xlsx | exposure policy: 02_SKR運用/01_文書/06_成果報告会資料/SAKURA成果報告会20250206.pptx slide 52,78","orig=ECAM01_Main_5_20240901_0102.jpg. 240x160 crop of MAIN image #5 of group 1 produced onboard by crop cmd 53 00 A0 B1 28 01 05 00 00 01 56 (ACK 08-31 22:54:54, executed 23:32:48-23:34:00 fixed-epoch); group-1 folder held the latest group-1 shot (06:12 JST) at crop time; alternative origin = 08-31 00:24 shot. SATLOG mission exec 2024-08-31 06:12:40 - end 06:14:02 (fixed-epoch JST, boot 2024-08-29 18:45:00 JST); onboard clock ran slow, drift correction +1.5 min applied (anchored on GS ACK times), range widened by ±1 min. Frames within a group are ~1 s apart; the group's frames were all taken in this window.",650266f1f06e575981f05592f223ff34601dc81ffb4b802d59897ad85ff18c5f
SAKURA,ECAM,,2024-08-31,2024-09-01,data/02_sakura/images/ecam/sakura_ecam_20240831T0613_accade24fd.jpg,240,160,7808,235.10,25.03,ok,2024-08-31T06:13:07+09:00,2024-08-31T06:16:29+09:00,satlog,auto,auto,auto,240x160 crop from main image (native 3280x2464),"JPEG quality 80%; 5 frames; RGB; group 1; reservation delay 0 min; cmd 53 00 A0 B0 00 01 00 00 00 00 A4; crop cmd 53 00 A0 B1 28 01 05 00 00 01 56 (image #5, cell args 00 00 01 56)",medium,"original file: 02_SKR運用/03_Operation Log/05_ECAM/jpg復元マクロとダウンリンク画像データ/ECAM01_Main_5_20240901_0228.jpg | uplink: 02_SKR運用/03_Operation Log/01_GS Monitor Log/20240831_0622.txt (ACK 06:13:52 JST) | onboard exec/end: 02_SKR運用/03_Operation Log/04_SATLOG/SKR_SATLOG_評価_20241128.xlsm (解析データ) | daily report: 02_SKR運用/04_運用日報/初期運用/運用日報_20240830.docx | cmd decoding: 02_SKR運用/05_software/CAM/SKR_EARTH_SUN_CMDMaker_v3.xlsx | exposure policy: 02_SKR運用/01_文書/06_成果報告会資料/SAKURA成果報告会20250206.pptx slide 52,78","orig=ECAM01_Main_5_20240901_0228.jpg. second downlink/restoration of the same crop (packet recovery 09-01 02:08 pass); see 0102 note. SATLOG mission exec 2024-08-31 06:12:40 - end 06:14:02 (fixed-epoch JST, boot 2024-08-29 18:45:00 JST); onboard clock ran slow, drift correction +1.5 min applied (anchored on GS ACK times), range widened by ±1 min. Frames within a group are ~1 s apart; the group's frames were all taken in this window.",accade24fd6377b2dac855446379ff6af9ede3b6a7d77df116c2313d9db267cb
SAKURA,ECAM,,2024-09-02,2024-09-02,data/02_sakura/images/ecam/sakura_ecam_20240902T2146_20f94ede4e.jpg,480,270,5964,150.89,65.93,ok,2024-09-02T21:46:24+09:00,2024-09-02T21:49:49+09:00,satlog,auto,auto,auto,480x270 (thumbnail resize code 1),JPEG quality 80%; 5 frames; RGB; group 2; reservation delay 26 min; cmd 53 00 A0 B0 1A 02 00 00 00 00 A5,high,"original file: 02_SKR運用/03_Operation Log/05_ECAM/jpg復元マクロとダウンリンク画像データ/02_ECAM_TMB_05_240902_3.jpg | uplink: 02_SKR運用/03_Operation Log/01_GS Monitor Log/20240902_2124.txt (ACK 21:20:22 JST) | onboard exec/end: 02_SKR運用/03_Operation Log/04_SATLOG/SKR_SATLOG_評価_20241128.xlsm (解析データ) | daily report: 02_SKR運用/04_運用日報/初期運用/運用日報_20240902.docx | cmd decoding: 02_SKR運用/05_software/CAM/SKR_EARTH_SUN_CMDMaker_v3.xlsx | exposure policy: 02_SKR運用/01_文書/06_成果報告会資料/SAKURA成果報告会20250206.pptx slide 52,78","orig=02_ECAM_TMB_05_240902_3.jpg. group 2 frame 5 (variant restoration). SATLOG mission exec 2024-09-02 21:44:11 - end 21:45:36 (fixed-epoch JST, boot 2024-08-29 18:45:00 JST); onboard clock ran slow, drift correction +3.2 min applied (anchored on GS ACK times), range widened by ±1 min. Frames within a group are ~1 s apart; the group's frames were all taken in this window.",20f94ede4e88cb27c1e61fb484358c0997272d6aa7c6765fc432db1c226c1abb
SAKURA,ECAM,,2024-09-02,2024-09-02,data/02_sakura/images/ecam/sakura_ecam_20240902T2146_32851627d0.jpg,480,270,5872,69.11,18.37,ok,2024-09-02T21:46:24+09:00,2024-09-02T21:49:49+09:00,satlog,auto,auto,auto,480x270 (thumbnail resize code 1),JPEG quality 80%; 5 frames; RGB; group 2; reservation delay 26 min; cmd 53 00 A0 B0 1A 02 00 00 00 00 A5,high,"original file: 02_SKR運用/03_Operation Log/05_ECAM/jpg復元マクロとダウンリンク画像データ/02_ECAM_TMB_04_20240902.jpg | uplink: 02_SKR運用/03_Operation Log/01_GS Monitor Log/20240902_2124.txt (ACK 21:20:22 JST) | onboard exec/end: 02_SKR運用/03_Operation Log/04_SATLOG/SKR_SATLOG_評価_20241128.xlsm (解析データ) | daily report: 02_SKR運用/04_運用日報/初期運用/運用日報_20240902.docx | cmd decoding: 02_SKR運用/05_software/CAM/SKR_EARTH_SUN_CMDMaker_v3.xlsx | exposure policy: 02_SKR運用/01_文書/06_成果報告会資料/SAKURA成果報告会20250206.pptx slide 52,78","orig=02_ECAM_TMB_04_20240902.jpg. group 2 frame 4. SATLOG mission exec 2024-09-02 21:44:11 - end 21:45:36 (fixed-epoch JST, boot 2024-08-29 18:45:00 JST); onboard clock ran slow, drift correction +3.2 min applied (anchored on GS ACK times), range widened by ±1 min. Frames within a group are ~1 s apart; the group's frames were all taken in this window.",32851627d084d7d606f74a94cbc3b0e34dce12ea1f631e5854f7fe38c0fa10ab
SAKURA,ECAM,,2024-09-02,2024-09-02,data/02_sakura/images/ecam/sakura_ecam_20240902T2146_b322f47690.jpg,480,270,4355,157.12,44.16,ok,2024-09-02T21:46:24+09:00,2024-09-02T21:49:49+09:00,satlog,auto,auto,auto,480x270 (thumbnail resize code 1),JPEG quality 80%; 5 frames; RGB; group 2; reservation delay 26 min; cmd 53 00 A0 B0 1A 02 00 00 00 00 A5,high,"original file: 02_SKR運用/03_Operation Log/05_ECAM/jpg復元マクロとダウンリンク画像データ/02_ECAM_TMB_05_20240902.jpg | uplink: 02_SKR運用/03_Operation Log/01_GS Monitor Log/20240902_2124.txt (ACK 21:20:22 JST) | onboard exec/end: 02_SKR運用/03_Operation Log/04_SATLOG/SKR_SATLOG_評価_20241128.xlsm (解析データ) | daily report: 02_SKR運用/04_運用日報/初期運用/運用日報_20240902.docx | cmd decoding: 02_SKR運用/05_software/CAM/SKR_EARTH_SUN_CMDMaker_v3.xlsx | exposure policy: 02_SKR運用/01_文書/06_成果報告会資料/SAKURA成果報告会20250206.pptx slide 52,78","orig=02_ECAM_TMB_05_20240902.jpg. group 2 frame 5. SATLOG mission exec 2024-09-02 21:44:11 - end 21:45:36 (fixed-epoch JST, boot 2024-08-29 18:45:00 JST); onboard clock ran slow, drift correction +3.2 min applied (anchored on GS ACK times), range widened by ±1 min. Frames within a group are ~1 s apart; the group's frames were all taken in this window.",b322f476900a32708718e4d6b13b3709e0695673bb3d2d3a7c0c296cf9843b6a
SAKURA,ECAM,,2024-09-02,2024-09-03,data/02_sakura/images/ecam/sakura_ecam_20240902T2146_6aff3d74ee.jpg,480,270,3844,26.20,15.59,ok,2024-09-02T21:46:24+09:00,2024-09-02T21:49:49+09:00,satlog,auto,auto,auto,480x270 (thumbnail resize code 1),JPEG quality 80%; 5 frames; RGB; group 2; reservation delay 26 min; cmd 53 00 A0 B0 1A 02 00 00 00 00 A5,medium,"original file: 02_SKR運用/03_Operation Log/05_ECAM/jpg復元マクロとダウンリンク画像データ/20240903_TMB.jpg | uplink: 02_SKR運用/03_Operation Log/01_GS Monitor Log/20240902_2124.txt (ACK 21:20:22 JST) | onboard exec/end: 02_SKR運用/03_Operation Log/04_SATLOG/SKR_SATLOG_評価_20241128.xlsm (解析データ) | daily report: 02_SKR運用/04_運用日報/初期運用/運用日報_20240902.docx | cmd decoding: 02_SKR運用/05_software/CAM/SKR_EARTH_SUN_CMDMaker_v3.xlsx | exposure policy: 02_SKR運用/01_文書/06_成果報告会資料/SAKURA成果報告会20250206.pptx slide 52,78","orig=20240903_TMB.jpg. 480x270 -> only 480x270 shot before 09-03 downlink is group 2 (09-02); frame index unknown. SATLOG mission exec 2024-09-02 21:44:11 - end 21:45:36 (fixed-epoch JST, boot 2024-08-29 18:45:00 JST); onboard clock ran slow, drift correction +3.2 min applied (anchored on GS ACK times), range widened by ±1 min. Frames within a group are ~1 s apart; the group's frames were all taken in this window.",6aff3d74ee2ae4f33d326fd5e3bdee587b166c5deb2abef796230a692d419f5e
SAKURA,ECAM,,2024-09-04,2024-09-04,data/02_sakura/images/ecam/sakura_ecam_20240904T0444_25bcb31b33.jpg,480,270,6487,143.40,79.08,ok,2024-09-04T04:44:09+09:00,2024-09-04T04:47:47+09:00,satlog,auto,auto,auto,480x270 (thumbnail resize code 1),JPEG quality 80%; 8 frames; RGB; group 4; reservation delay 10 min; cmd 53 00 A0 B0 0A 04 00 00 00 00 BD,high,"original file: 02_SKR運用/03_Operation Log/05_ECAM/jpg復元マクロとダウンリンク画像データ/20240904_0610_TMB_3.jpg | uplink: 02_SKR運用/03_Operation Log/01_GS Monitor Log/20240904_0443.txt (ACK 04:34:27 JST) | onboard exec/end: 02_SKR運用/03_Operation Log/04_SATLOG/SKR_SATLOG_評価_20241128.xlsm (解析データ) | daily report: 02_SKR運用/04_運用日報/初期運用/運用日報_20240903.docx | cmd decoding: 02_SKR運用/05_software/CAM/SKR_EARTH_SUN_CMDMaker_v3.xlsx | exposure policy: 02_SKR運用/01_文書/06_成果報告会資料/SAKURA成果報告会20250206.pptx slide 52,78","orig=20240904_0610_TMB_3.jpg. group 4 frame 3, downlinked 06:10 pass. SATLOG mission exec 2024-09-04 04:40:48 - end 04:42:26 (fixed-epoch JST, boot 2024-08-29 18:45:00 JST); onboard clock ran slow, drift correction +4.4 min applied (anchored on GS ACK times), range widened by ±1 min. Frames within a group are ~1 s apart; the group's frames were all taken in this window.",25bcb31b3399cc3d93a457bd09616c59c4d7defbfc66b9cbd4db6f3b37fe9519
SAKURA,ECAM,,2024-09-04,2024-09-04,data/02_sakura/images/ecam/sakura_ecam_20240904T0444_5a176493e1.jpg,480,270,4213,166.66,42.63,ok,2024-09-04T04:44:09+09:00,2024-09-04T04:47:47+09:00,satlog,auto,auto,auto,480x270 (thumbnail resize code 1),JPEG quality 80%; 8 frames; RGB; group 4; reservation delay 10 min; cmd 53 00 A0 B0 0A 04 00 00 00 00 BD,high,"original file: 02_SKR運用/03_Operation Log/05_ECAM/jpg復元マクロとダウンリンク画像データ/20240904_0610_TMB_2.jpg | uplink: 02_SKR運用/03_Operation Log/01_GS Monitor Log/20240904_0443.txt (ACK 04:34:27 JST) | onboard exec/end: 02_SKR運用/03_Operation Log/04_SATLOG/SKR_SATLOG_評価_20241128.xlsm (解析データ) | daily report: 02_SKR運用/04_運用日報/初期運用/運用日報_20240903.docx | cmd decoding: 02_SKR運用/05_software/CAM/SKR_EARTH_SUN_CMDMaker_v3.xlsx | exposure policy: 02_SKR運用/01_文書/06_成果報告会資料/SAKURA成果報告会20250206.pptx slide 52,78","orig=20240904_0610_TMB_2.jpg. group 4 frame 2. SATLOG mission exec 2024-09-04 04:40:48 - end 04:42:26 (fixed-epoch JST, boot 2024-08-29 18:45:00 JST); onboard clock ran slow, drift correction +4.4 min applied (anchored on GS ACK times), range widened by ±1 min. Frames within a group are ~1 s apart; the group's frames were all taken in this window.",5a176493e1969a26a73b6777a43a1429039e10ae5c7724f4838bde1ee39acff9
SAKURA,ECAM,,2024-09-05,2024-09-05,data/02_sakura/images/ecam/sakura_ecam_20240905T2052_005b1b9885.jpg,480,270,2695,6.24,27.46,dark,2024-09-05T20:52:42+09:00,2024-09-05T20:56:12+09:00,satlog,auto,auto,auto,480x270 (thumbnail resize code 1),JPEG quality 80%; 5 frames; RGB; group 0; reservation delay 25 min; cmd 53 00 A0 B0 19 00 00 00 00 00 A5,high,"original file: 02_SKR運用/03_Operation Log/05_ECAM/jpg復元マクロとダウンリンク画像データ/20240905_2020_ECAMTMB4.jpg | uplink: 02_SKR運用/03_Operation Log/01_GS Monitor Log/20240905_2023.txt (ACK 20:28:10 JST) | onboard exec/end: 02_SKR運用/03_Operation Log/04_SATLOG/SKR_SATLOG_評価_20241128.xlsm (解析データ) | daily report: 02_SKR運用/04_運用日報/定常運用/9月/運用日報_20240905.docx | cmd decoding: 02_SKR運用/05_software/CAM/SKR_EARTH_SUN_CMDMaker_v3.xlsx | exposure policy: 02_SKR運用/01_文書/06_成果報告会資料/SAKURA成果報告会20250206.pptx slide 52,78","orig=20240905_2020_ECAMTMB4.jpg. group 0 frame 4 (filename = shooting pass 20:23). SATLOG mission exec 2024-09-05 20:48:23 - end 20:49:53 (fixed-epoch JST, boot 2024-08-29 18:45:00 JST); onboard clock ran slow, drift correction +5.3 min applied (anchored on GS ACK times), range widened by ±1 min. Frames within a group are ~1 s apart; the group's frames were all taken in this window.",005b1b988571a8be60b62cbe098572c0a1aa45d24b5cd9a1879699406ff6479d
SAKURA,ECAM,,2024-09-05,2024-09-05,data/02_sakura/images/ecam/sakura_ecam_20240905T2052_0961c0349e.jpg,480,270,8027,48.37,61.33,ok,2024-09-05T20:52:42+09:00,2024-09-05T20:56:12+09:00,satlog,auto,auto,auto,480x270 (thumbnail resize code 1),JPEG quality 80%; 5 frames; RGB; group 0; reservation delay 25 min; cmd 53 00 A0 B0 19 00 00 00 00 00 A5,high,"original file: 02_SKR運用/03_Operation Log/05_ECAM/jpg復元マクロとダウンリンク画像データ/20240905_2020_ECAMTMB3.jpg | uplink: 02_SKR運用/03_Operation Log/01_GS Monitor Log/20240905_2023.txt (ACK 20:28:10 JST) | onboard exec/end: 02_SKR運用/03_Operation Log/04_SATLOG/SKR_SATLOG_評価_20241128.xlsm (解析データ) | daily report: 02_SKR運用/04_運用日報/定常運用/9月/運用日報_20240905.docx | cmd decoding: 02_SKR運用/05_software/CAM/SKR_EARTH_SUN_CMDMaker_v3.xlsx | exposure policy: 02_SKR運用/01_文書/06_成果報告会資料/SAKURA成果報告会20250206.pptx slide 52,78","orig=20240905_2020_ECAMTMB3.jpg. group 0 frame 3. SATLOG mission exec 2024-09-05 20:48:23 - end 20:49:53 (fixed-epoch JST, boot 2024-08-29 18:45:00 JST); onboard clock ran slow, drift correction +5.3 min applied (anchored on GS ACK times), range widened by ±1 min. Frames within a group are ~1 s apart; the group's frames were all taken in this window.",0961c0349e73ea7ecd71eda68438c9d7e10f4979bd1cec7c636c8f5e9ceab76f
SAKURA,ECAM,,2024-09-05,2024-09-05,data/02_sakura/images/ecam/sakura_ecam_20240905T2052_26e23c1e21.jpg,480,270,7133,165.50,89.02,ok,2024-09-05T20:52:42+09:00,2024-09-05T20:56:12+09:00,satlog,auto,auto,auto,480x270 (thumbnail resize code 1),JPEG quality 80%; 5 frames; RGB; group 0; reservation delay 25 min; cmd 53 00 A0 B0 19 00 00 00 00 00 A5,high,"original file: 02_SKR運用/03_Operation Log/05_ECAM/jpg復元マクロとダウンリンク画像データ/20240905_2020_ECAMTMB2.jpg | uplink: 02_SKR運用/03_Operation Log/01_GS Monitor Log/20240905_2023.txt (ACK 20:28:10 JST) | onboard exec/end: 02_SKR運用/03_Operation Log/04_SATLOG/SKR_SATLOG_評価_20241128.xlsm (解析データ) | daily report: 02_SKR運用/04_運用日報/定常運用/9月/運用日報_20240905.docx | cmd decoding: 02_SKR運用/05_software/CAM/SKR_EARTH_SUN_CMDMaker_v3.xlsx | exposure policy: 02_SKR運用/01_文書/06_成果報告会資料/SAKURA成果報告会20250206.pptx slide 52,78","orig=20240905_2020_ECAMTMB2.jpg. group 0 frame 2. SATLOG mission exec 2024-09-05 20:48:23 - end 20:49:53 (fixed-epoch JST, boot 2024-08-29 18:45:00 JST); onboard clock ran slow, drift correction +5.3 min applied (anchored on GS ACK times), range widened by ±1 min. Frames within a group are ~1 s apart; the group's frames were all taken in this window.",26e23c1e21b43e88b3f76dfebaaaa81bb2a54ca183032bb6894d1d866a21e112
SAKURA,ECAM,,2024-09-05,2024-09-05,data/02_sakura/images/ecam/sakura_ecam_20240905T2052_34fa83d723.jpg,480,270,4924,240.12,35.36,ok,2024-09-05T20:52:42+09:00,2024-09-05T20:56:12+09:00,satlog,auto,auto,auto,480x270 (thumbnail resize code 1),JPEG quality 80%; 5 frames; RGB; group 0; reservation delay 25 min; cmd 53 00 A0 B0 19 00 00 00 00 00 A5,high,"original file: 02_SKR運用/03_Operation Log/05_ECAM/jpg復元マクロとダウンリンク画像データ/20240905_2020_ECAMTMB1.jpg | uplink: 02_SKR運用/03_Operation Log/01_GS Monitor Log/20240905_2023.txt (ACK 20:28:10 JST) | onboard exec/end: 02_SKR運用/03_Operation Log/04_SATLOG/SKR_SATLOG_評価_20241128.xlsm (解析データ) | daily report: 02_SKR運用/04_運用日報/定常運用/9月/運用日報_20240905.docx | cmd decoding: 02_SKR運用/05_software/CAM/SKR_EARTH_SUN_CMDMaker_v3.xlsx | exposure policy: 02_SKR運用/01_文書/06_成果報告会資料/SAKURA成果報告会20250206.pptx slide 52,78","orig=20240905_2020_ECAMTMB1.jpg. group 0 frame 1. SATLOG mission exec 2024-09-05 20:48:23 - end 20:49:53 (fixed-epoch JST, boot 2024-08-29 18:45:00 JST); onboard clock ran slow, drift correction +5.3 min applied (anchored on GS ACK times), range widened by ±1 min. Frames within a group are ~1 s apart; the group's frames were all taken in this window.",34fa83d7233b1bca1872e1db788df24b269096ae519e9b2118cc2c2c92408268
SAKURA,ECAM,,2024-09-05,2024-09-05,data/02_sakura/images/ecam/sakura_ecam_20240905T2052_780e043477.jpg,480,270,4983,236.94,38.25,ok,2024-09-05T20:52:42+09:00,2024-09-05T20:56:12+09:00,satlog,auto,auto,auto,480x270 (thumbnail resize code 1),JPEG quality 80%; 5 frames; RGB; group 0; reservation delay 25 min; cmd 53 00 A0 B0 19 00 00 00 00 00 A5,medium,"original file: 02_SKR運用/03_Operation Log/05_ECAM/jpg復元マクロとダウンリンク画像データ/20240905_TMB_1.jpg | uplink: 02_SKR運用/03_Operation Log/01_GS Monitor Log/20240905_2023.txt (ACK 20:28:10 JST) | onboard exec/end: 02_SKR運用/03_Operation Log/04_SATLOG/SKR_SATLOG_評価_20241128.xlsm (解析データ) | daily report: 02_SKR運用/04_運用日報/定常運用/9月/運用日報_20240905.docx | cmd decoding: 02_SKR運用/05_software/CAM/SKR_EARTH_SUN_CMDMaker_v3.xlsx | exposure policy: 02_SKR運用/01_文書/06_成果報告会資料/SAKURA成果報告会20250206.pptx slide 52,78","orig=20240905_TMB_1.jpg. size 4983 B vs 4924 B of 2020_ECAMTMB1 -> same frame, different packet completeness; alternative origin = 09-04 04:40 group-4 shot. SATLOG mission exec 2024-09-05 20:48:23 - end 20:49:53 (fixed-epoch JST, boot 2024-08-29 18:45:00 JST); onboard clock ran slow, drift correction +5.3 min applied (anchored on GS ACK times), range widened by ±1 min. Frames within a group are ~1 s apart; the group's frames were all taken in this window.",780e04347777f628d12d74b977835df39c5313c84db7c240fae8e12d14c30168
SAKURA,ECAM,,2024-09-05,2024-09-05,data/02_sakura/images/ecam/sakura_ecam_20240905T2052_872b2870b0.jpg,480,270,2667,0.00,0.00,dark,2024-09-05T20:52:42+09:00,2024-09-05T20:56:12+09:00,satlog,auto,auto,auto,480x270 (thumbnail resize code 1),JPEG quality 80%; 5 frames; RGB; group 0; reservation delay 25 min; cmd 53 00 A0 B0 19 00 00 00 00 00 A5,low,"original file: 02_SKR運用/03_Operation Log/05_ECAM/jpg復元マクロとダウンリンク画像データ/20240906_TMB_3.jpg | uplink: 02_SKR運用/03_Operation Log/01_GS Monitor Log/20240905_2023.txt (ACK 20:28:10 JST) | onboard exec/end: 02_SKR運用/03_Operation Log/04_SATLOG/SKR_SATLOG_評価_20241128.xlsm (解析データ) | daily report: 02_SKR運用/04_運用日報/定常運用/9月/運用日報_20240905.docx | cmd decoding: 02_SKR運用/05_software/CAM/SKR_EARTH_SUN_CMDMaker_v3.xlsx | exposure policy: 02_SKR運用/01_文書/06_成果報告会資料/SAKURA成果報告会20250206.pptx slide 52,78","orig=20240906_TMB_3.jpg; 20240905_TMB_3.jpg. 2667 B all-black restoration (heavy packet loss); duplicate name 20240906_TMB_3.jpg; alternative origin = 09-04 04:40 group-4 shot. SATLOG mission exec 2024-09-05 20:48:23 - end 20:49:53 (fixed-epoch JST, boot 2024-08-29 18:45:00 JST); onboard clock ran slow, drift correction +5.3 min applied (anchored on GS ACK times), range widened by ±1 min. Frames within a group are ~1 s apart; the group's frames were all taken in this window.",872b2870b086c1b99dbffeb98e68312d23ac816b65dbba676a73b9494a45fc52
SAKURA,ECAM,,2024-09-05,2024-09-05,data/02_sakura/images/ecam/sakura_ecam_20240905T2052_fe49682e9c.jpg,480,270,2727,0.67,9.19,dark,2024-09-05T20:52:42+09:00,2024-09-05T20:56:12+09:00,satlog,auto,auto,auto,480x270 (thumbnail resize code 1),JPEG quality 80%; 5 frames; RGB; group 0; reservation delay 25 min; cmd 53 00 A0 B0 19 00 00 00 00 00 A5,high,"original file: 02_SKR運用/03_Operation Log/05_ECAM/jpg復元マクロとダウンリンク画像データ/20240905_2020_ECAMTMB5.jpg | uplink: 02_SKR運用/03_Operation Log/01_GS Monitor Log/20240905_2023.txt (ACK 20:28:10 JST) | onboard exec/end: 02_SKR運用/03_Operation Log/04_SATLOG/SKR_SATLOG_評価_20241128.xlsm (解析データ) | daily report: 02_SKR運用/04_運用日報/定常運用/9月/運用日報_20240905.docx | cmd decoding: 02_SKR運用/05_software/CAM/SKR_EARTH_SUN_CMDMaker_v3.xlsx | exposure policy: 02_SKR運用/01_文書/06_成果報告会資料/SAKURA成果報告会20250206.pptx slide 52,78","orig=20240905_2020_ECAMTMB5.jpg. group 0 frame 5. SATLOG mission exec 2024-09-05 20:48:23 - end 20:49:53 (fixed-epoch JST, boot 2024-08-29 18:45:00 JST); onboard clock ran slow, drift correction +5.3 min applied (anchored on GS ACK times), range widened by ±1 min. Frames within a group are ~1 s apart; the group's frames were all taken in this window.",fe49682e9cd5f4aa593fe153201bd1190edb41819a42532dab9d06ebf281e0cf
SAKURA,ECAM,,2024-09-09,2024-09-10,data/02_sakura/images/ecam/sakura_ecam_20240909T2003_9237bc6434.jpg,480,270,5202,201.00,53.00,ok,2024-09-09T20:03:32+09:00,2024-09-09T20:10:03+09:00,satlog,auto,auto,auto,480x270 (thumbnail resize code 1),JPEG quality 80%; 8 frames; RGB; group 4; reservation delay 82 min; cmd 53 00 A0 B0 52 04 00 00 00 00 BD,medium,"original file: 02_SKR運用/03_Operation Log/05_ECAM/jpg復元マクロとダウンリンク画像データ/06_ECAM_TMB_4_20240910.jpg | uplink: 02_SKR運用/03_Operation Log/01_GS Monitor Log/20240909_1848.txt (ACK 18:41:26 JST; executed twice 19:55:46 and 19:58:33) | onboard exec/end: 02_SKR運用/03_Operation Log/04_SATLOG/SKR_SATLOG_評価_20241128.xlsm (解析データ) | daily report: 02_SKR運用/04_運用日報/定常運用/9月/運用日報_20240909.docx | cmd decoding: 02_SKR運用/05_software/CAM/SKR_EARTH_SUN_CMDMaker_v3.xlsx | exposure policy: 02_SKR運用/01_文書/06_成果報告会資料/SAKURA成果報告会20250206.pptx slide 52,78","orig=06_ECAM_TMB_4_20240910.jpg. 480x270; only shot between 09-05 and 09-13 is group 4 (09-09, executed twice); partial restoration (5202 B) of frame 4 (full 7672 B on 09-11); '06' is not the group byte. SATLOG mission exec 2024-09-09 19:55:46 - end 20:00:17 (fixed-epoch JST, boot 2024-08-29 18:45:00 JST); onboard clock ran slow, drift correction +8.8 min applied (anchored on GS ACK times), range widened by ±1 min. Frames within a group are ~1 s apart; the group's frames were all taken in this window.",9237bc643448f3fb60792c2744ef07c3ac0b6bbae26385c7c844c7edca168d2f
SAKURA,ECAM,,2024-09-09,2024-09-10,data/02_sakura/images/ecam/sakura_ecam_20240909T2003_c5e6f01a53.jpg,480,270,4342,188.15,73.79,ok,2024-09-09T20:03:32+09:00,2024-09-09T20:10:03+09:00,satlog,auto,auto,auto,480x270 (thumbnail resize code 1),JPEG quality 80%; 8 frames; RGB; group 4; reservation delay 82 min; cmd 53 00 A0 B0 52 04 00 00 00 00 BD,medium,"original file: 02_SKR運用/03_Operation Log/05_ECAM/jpg復元マクロとダウンリンク画像データ/06_ECAM_TMB_3_20240910.jpg | uplink: 02_SKR運用/03_Operation Log/01_GS Monitor Log/20240909_1848.txt (ACK 18:41:26 JST; executed twice 19:55:46 and 19:58:33) | onboard exec/end: 02_SKR運用/03_Operation Log/04_SATLOG/SKR_SATLOG_評価_20241128.xlsm (解析データ) | daily report: 02_SKR運用/04_運用日報/定常運用/9月/運用日報_20240909.docx | cmd decoding: 02_SKR運用/05_software/CAM/SKR_EARTH_SUN_CMDMaker_v3.xlsx | exposure policy: 02_SKR運用/01_文書/06_成果報告会資料/SAKURA成果報告会20250206.pptx slide 52,78","orig=06_ECAM_TMB_3_20240910.jpg. partial restoration (4342 B) of frame 3 (6660 B on 09-11/12). SATLOG mission exec 2024-09-09 19:55:46 - end 20:00:17 (fixed-epoch JST, boot 2024-08-29 18:45:00 JST); onboard clock ran slow, drift correction +8.8 min applied (anchored on GS ACK times), range widened by ±1 min. Frames within a group are ~1 s apart; the group's frames were all taken in this window.",c5e6f01a531e9833465c0df56767f1f0c4458ce4344062a609888bc03c250a7d
SAKURA,ECAM,,2024-09-09,2024-09-11,data/02_sakura/images/ecam/sakura_ecam_20240909T2003_2de9688241.jpg,480,270,6660,51.49,40.78,ok,2024-09-09T20:03:32+09:00,2024-09-09T20:10:03+09:00,satlog,auto,auto,auto,480x270 (thumbnail resize code 1),JPEG quality 80%; 8 frames; RGB; group 4; reservation delay 82 min; cmd 53 00 A0 B0 52 04 00 00 00 00 BD,high,"original file: 02_SKR運用/03_Operation Log/05_ECAM/jpg復元マクロとダウンリンク画像データ/20240911_TMB_3.jpg | uplink: 02_SKR運用/03_Operation Log/01_GS Monitor Log/20240909_1848.txt (ACK 18:41:26 JST; executed twice 19:55:46 and 19:58:33) | onboard exec/end: 02_SKR運用/03_Operation Log/04_SATLOG/SKR_SATLOG_評価_20241128.xlsm (解析データ) | daily report: 02_SKR運用/04_運用日報/定常運用/9月/運用日報_20240909.docx | cmd decoding: 02_SKR運用/05_software/CAM/SKR_EARTH_SUN_CMDMaker_v3.xlsx | exposure policy: 02_SKR運用/01_文書/06_成果報告会資料/SAKURA成果報告会20250206.pptx slide 52,78","orig=20240911_TMB_3.jpg. group 4 frame 3 after packet recovery. SATLOG mission exec 2024-09-09 19:55:46 - end 20:00:17 (fixed-epoch JST, boot 2024-08-29 18:45:00 JST); onboard clock ran slow, drift correction +8.8 min applied (anchored on GS ACK times), range widened by ±1 min. Frames within a group are ~1 s apart; the group's frames were all taken in this window.",2de9688241a6f0ca5eb656fc0f3fd72f9825a81f704ddcf52c2f2bad496fa5b4
SAKURA,ECAM,,2024-09-09,2024-09-11,data/02_sakura/images/ecam/sakura_ecam_20240909T2003_408893fd09.jpg,480,270,5465,36.63,37.70,ok,2024-09-09T20:03:32+09:00,2024-09-09T20:10:03+09:00,satlog,auto,auto,auto,480x270 (thumbnail resize code 1),JPEG quality 80%; 8 frames; RGB; group 4; reservation delay 82 min; cmd 53 00 A0 B0 52 04 00 00 00 00 BD,high,"original file: 02_SKR運用/03_Operation Log/05_ECAM/jpg復元マクロとダウンリンク画像データ/20240911_TMB_2jpg.jpg | uplink: 02_SKR運用/03_Operation Log/01_GS Monitor Log/20240909_1848.txt (ACK 18:41:26 JST; executed twice 19:55:46 and 19:58:33) | onboard exec/end: 02_SKR運用/03_Operation Log/04_SATLOG/SKR_SATLOG_評価_20241128.xlsm (解析データ) | daily report: 02_SKR運用/04_運用日報/定常運用/9月/運用日報_20240909.docx | cmd decoding: 02_SKR運用/05_software/CAM/SKR_EARTH_SUN_CMDMaker_v3.xlsx | exposure policy: 02_SKR運用/01_文書/06_成果報告会資料/SAKURA成果報告会20250206.pptx slide 52,78","orig=20240911_TMB_2jpg.jpg. group 4 frame 2. SATLOG mission exec 2024-09-09 19:55:46 - end 20:00:17 (fixed-epoch JST, boot 2024-08-29 18:45:00 JST); onboard clock ran slow, drift correction +8.8 min applied (anchored on GS ACK times), range widened by ±1 min. Frames within a group are ~1 s apart; the group's frames were all taken in this window.",408893fd094b050c7d6463a10ac45d1deb44e315244ce18e519bd3bb6e848973
SAKURA,ECAM,,2024-09-09,2024-09-11,data/02_sakura/images/ecam/sakura_ecam_20240909T2003_caa701c5f0.jpg,480,270,7672,226.56,27.81,ok,2024-09-09T20:03:32+09:00,2024-09-09T20:10:03+09:00,satlog,auto,auto,auto,480x270 (thumbnail resize code 1),JPEG quality 80%; 8 frames; RGB; group 4; reservation delay 82 min; cmd 53 00 A0 B0 52 04 00 00 00 00 BD,high,"original file: 02_SKR運用/03_Operation Log/05_ECAM/jpg復元マクロとダウンリンク画像データ/20240911_TMB_4.jpg | uplink: 02_SKR運用/03_Operation Log/01_GS Monitor Log/20240909_1848.txt (ACK 18:41:26 JST; executed twice 19:55:46 and 19:58:33) | onboard exec/end: 02_SKR運用/03_Operation Log/04_SATLOG/SKR_SATLOG_評価_20241128.xlsm (解析データ) | daily report: 02_SKR運用/04_運用日報/定常運用/9月/運用日報_20240909.docx | cmd decoding: 02_SKR運用/05_software/CAM/SKR_EARTH_SUN_CMDMaker_v3.xlsx | exposure policy: 02_SKR運用/01_文書/06_成果報告会資料/SAKURA成果報告会20250206.pptx slide 52,78","orig=20240911_TMB_4.jpg. group 4 frame 4. SATLOG mission exec 2024-09-09 19:55:46 - end 20:00:17 (fixed-epoch JST, boot 2024-08-29 18:45:00 JST); onboard clock ran slow, drift correction +8.8 min applied (anchored on GS ACK times), range widened by ±1 min. Frames within a group are ~1 s apart; the group's frames were all taken in this window.",caa701c5f0add0c885f0901173cf685304d6be05c13712136c1c1fc7098b9949
SAKURA,ECAM,,2024-09-09,2024-09-12,data/02_sakura/images/ecam/sakura_ecam_20240909T2003_2afa9e280c.jpg,480,270,6660,82.74,51.05,ok,2024-09-09T20:03:32+09:00,2024-09-09T20:10:03+09:00,satlog,auto,auto,auto,480x270 (thumbnail resize code 1),JPEG quality 80%; 8 frames; RGB; group 4; reservation delay 82 min; cmd 53 00 A0 B0 52 04 00 00 00 00 BD,high,"original file: 02_SKR運用/03_Operation Log/05_ECAM/jpg復元マクロとダウンリンク画像データ/ECAM_TMB_3_20240912.jpg | uplink: 02_SKR運用/03_Operation Log/01_GS Monitor Log/20240909_1848.txt (ACK 18:41:26 JST; executed twice 19:55:46 and 19:58:33) | onboard exec/end: 02_SKR運用/03_Operation Log/04_SATLOG/SKR_SATLOG_評価_20241128.xlsm (解析データ) | daily report: 02_SKR運用/04_運用日報/定常運用/9月/運用日報_20240909.docx | cmd decoding: 02_SKR運用/05_software/CAM/SKR_EARTH_SUN_CMDMaker_v3.xlsx | exposure policy: 02_SKR運用/01_文書/06_成果報告会資料/SAKURA成果報告会20250206.pptx slide 52,78","orig=ECAM_TMB_3_20240912.jpg. same frame as 20240911_TMB_3 (6660 B). SATLOG mission exec 2024-09-09 19:55:46 - end 20:00:17 (fixed-epoch JST, boot 2024-08-29 18:45:00 JST); onboard clock ran slow, drift correction +8.8 min applied (anchored on GS ACK times), range widened by ±1 min. Frames within a group are ~1 s apart; the group's frames were all taken in this window.",2afa9e280c0963d3cb9e3bf1fa82facc06acd83971c89b732b232a83c7358c39
SAKURA,ECAM,,2024-09-09,2024-09-12,data/02_sakura/images/ecam/sakura_ecam_20240909T2003_9ca170ee4c.jpg,480,270,5465,26.20,21.83,ok,2024-09-09T20:03:32+09:00,2024-09-09T20:10:03+09:00,satlog,auto,auto,auto,480x270 (thumbnail resize code 1),JPEG quality 80%; 8 frames; RGB; group 4; reservation delay 82 min; cmd 53 00 A0 B0 52 04 00 00 00 00 BD,high,"original file: 02_SKR運用/03_Operation Log/05_ECAM/jpg復元マクロとダウンリンク画像データ/ECAM_TMB_2_20240912.jpg | uplink: 02_SKR運用/03_Operation Log/01_GS Monitor Log/20240909_1848.txt (ACK 18:41:26 JST; executed twice 19:55:46 and 19:58:33) | onboard exec/end: 02_SKR運用/03_Operation Log/04_SATLOG/SKR_SATLOG_評価_20241128.xlsm (解析データ) | daily report: 02_SKR運用/04_運用日報/定常運用/9月/運用日報_20240909.docx | cmd decoding: 02_SKR運用/05_software/CAM/SKR_EARTH_SUN_CMDMaker_v3.xlsx | exposure policy: 02_SKR運用/01_文書/06_成果報告会資料/SAKURA成果報告会20250206.pptx slide 52,78","orig=ECAM_TMB_2_20240912.jpg. same frame as 20240911_TMB_2 (5465 B). SATLOG mission exec 2024-09-09 19:55:46 - end 20:00:17 (fixed-epoch JST, boot 2024-08-29 18:45:00 JST); onboard clock ran slow, drift correction +8.8 min applied (anchored on GS ACK times), range widened by ±1 min. Frames within a group are ~1 s apart; the group's frames were all taken in this window.",9ca170ee4cfc938dc30f066529aa950c0771b503c63bfd90044eba4a8d12f776
SAKURA,ECAM,,2024-09-13,2024-09-14,data/02_sakura/images/ecam/sakura_ecam_20240913T1912_03b8286d7d.jpg,480,270,3044,1.99,4.61,dark,2024-09-13T19:12:13+09:00,2024-09-13T19:17:40+09:00,satlog,auto,auto,auto,480x270 (thumbnail resize code 1),JPEG quality 80%; 5 frames; RGB; group 7; reservation delay 45 min; cmd 53 00 A0 B0 2D 07 00 00 00 00 A5,high,"original file: 02_SKR運用/03_Operation Log/05_ECAM/jpg復元マクロとダウンリンク画像データ/20240914_TMB_1.jpg | uplink: 02_SKR運用/03_Operation Log/01_GS Monitor Log/20240913_1836.txt | onboard exec/end: 02_SKR運用/03_Operation Log/04_SATLOG/SKR_SATLOG_評価_20241128.xlsm (解析データ) | daily report: 02_SKR運用/04_運用日報/定常運用/9月/運用日報_20240913.docx | cmd decoding: 02_SKR運用/05_software/CAM/SKR_EARTH_SUN_CMDMaker_v3.xlsx | exposure policy: 02_SKR運用/01_文書/06_成果報告会資料/SAKURA成果報告会20250206.pptx slide 52,78","orig=20240914_TMB_1.jpg. group 7 frame 1 (executed twice 19:02:16/19:02:23 fixed-epoch). SATLOG mission exec 2024-09-13 19:02:16 - end 19:03:43 (fixed-epoch JST, boot 2024-08-29 18:45:00 JST); onboard clock ran slow, drift correction +12.0 min applied (anchored on GS ACK times), range widened by ±2 min. Frames within a group are ~1 s apart; the group's frames were all taken in this window.",03b8286d7dcaa5fd2f72adbc7b4e1386fcbed511e792ab9769a5b48eec6b47dc
SAKURA,ECAM,,2024-09-16,2024-09-18,data/02_sakura/images/ecam/sakura_ecam_20240916T1721_ae0a84e178.jpg,480,270,6697,125.04,20.22,ok,2024-09-16T17:21:40+09:00,2024-09-16T17:27:16+09:00,satlog,auto,auto,auto,480x270 (thumbnail resize code 1),JPEG quality 80%; 5 frames; RGB; group 10; reservation delay 88 min; cmd 53 00 A0 B0 58 0A 00 00 00 00 A5,high,"original file: 02_SKR運用/03_Operation Log/05_ECAM/jpg復元マクロとダウンリンク画像データ/10_ECAM_TMB_3_20240918.jpg | uplink: 02_SKR運用/03_Operation Log/01_GS Monitor Log/20240916_1559.txt | onboard exec/end: 02_SKR運用/03_Operation Log/04_SATLOG/SKR_SATLOG_評価_20241128.xlsm (解析データ) | daily report: 02_SKR運用/04_運用日報/定常運用/9月/運用日報_20240916.docx | cmd decoding: 02_SKR運用/05_software/CAM/SKR_EARTH_SUN_CMDMaker_v3.xlsx | exposure policy: 02_SKR運用/01_文書/06_成果報告会資料/SAKURA成果報告会20250206.pptx slide 52,78","orig=10_ECAM_TMB_3_20240918.jpg. group 10 frame 3. SATLOG mission exec 2024-09-16 17:09:22 - end 17:10:58 (fixed-epoch JST, boot 2024-08-29 18:45:00 JST); onboard clock ran slow, drift correction +14.3 min applied (anchored on GS ACK times), range widened by ±2 min. Frames within a group are ~1 s apart; the group's frames were all taken in this window.",ae0a84e17887c5293be8ecf8c4abe44daccfb4f0f54a166630515d14f8820ccd
SAKURA,ECAM,,2024-09-16,2024-09-18,data/02_sakura/images/ecam/sakura_ecam_20240916T1721_c62ee74489.jpg,480,270,6301,226.36,46.71,ok,2024-09-16T17:21:40+09:00,2024-09-16T17:27:16+09:00,satlog,auto,auto,auto,480x270 (thumbnail resize code 1),JPEG quality 80%; 5 frames; RGB; group 10; reservation delay 88 min; cmd 53 00 A0 B0 58 0A 00 00 00 00 A5,high,"original file: 02_SKR運用/03_Operation Log/05_ECAM/jpg復元マクロとダウンリンク画像データ/10_ECAM_TMB_4_20240918.jpg | uplink: 02_SKR運用/03_Operation Log/01_GS Monitor Log/20240916_1559.txt | onboard exec/end: 02_SKR運用/03_Operation Log/04_SATLOG/SKR_SATLOG_評価_20241128.xlsm (解析データ) | daily report: 02_SKR運用/04_運用日報/定常運用/9月/運用日報_20240916.docx | cmd decoding: 02_SKR運用/05_software/CAM/SKR_EARTH_SUN_CMDMaker_v3.xlsx | exposure policy: 02_SKR運用/01_文書/06_成果報告会資料/SAKURA成果報告会20250206.pptx slide 52,78","orig=10_ECAM_TMB_4_20240918.jpg. group 10 frame 4. SATLOG mission exec 2024-09-16 17:09:22 - end 17:10:58 (fixed-epoch JST, boot 2024-08-29 18:45:00 JST); onboard clock ran slow, drift correction +14.3 min applied (anchored on GS ACK times), range widened by ±2 min. Frames within a group are ~1 s apart; the group's frames were all taken in this window.",c62ee74489de7397b6a9a8b2c65d7ef48de98f7a21d0f04bbae70680a0b389d3
SAKURA,ECAM,,2024-09-20,2024-09-20,data/02_sakura/images/ecam/sakura_ecam_20240920T0205_5047a3476c.jpg,960,540,9080,23.99,49.78,ok,2024-09-20T02:05:55+09:00,2024-09-20T02:11:36+09:00,satlog,auto,auto,auto,960x540 (thumbnail resize code 2),JPEG quality 80%; 5 frames; RGB; group 12; reservation delay 191 min; cmd 53 00 A0 B0 BF 0C 00 00 00 00 A6,medium,"original file: 02_SKR運用/03_Operation Log/05_ECAM/jpg復元マクロとダウンリンク画像データ/13_ECAM_TMB_1_20240920.jpg | uplink: 02_SKR運用/03_Operation Log/01_GS Monitor Log/20240919_2304.txt | onboard exec/end: 02_SKR運用/03_Operation Log/04_SATLOG/SKR_SATLOG_評価_20241128.xlsm (解析データ) | daily report: 02_SKR運用/04_運用日報/定常運用/9月/運用日報_20240919.docx | cmd decoding: 02_SKR運用/05_software/CAM/SKR_EARTH_SUN_CMDMaker_v3.xlsx | exposure policy: 02_SKR運用/01_文書/06_成果報告会資料/SAKURA成果報告会20250206.pptx slide 52,78","orig=13_ECAM_TMB_1_20240920.jpg. 960x540; only 960x540 shot before 09-20 downlink is group 12 (cmd B0 BF 0C, 191 min delay); filename '13' does not match group byte 0x0C. SATLOG mission exec 2024-09-20 01:50:56 - end 01:52:37 (fixed-epoch JST, boot 2024-08-29 18:45:00 JST); onboard clock ran slow, drift correction +17.0 min applied (anchored on GS ACK times), range widened by ±2 min. Frames within a group are ~1 s apart; the group's frames were all taken in this window.",5047a3476c463e081c498f7798bf3b3e2e642086f577c21402570405e1f50998
SAKURA,ECAM,,2024-09-20,2024-09-22,data/02_sakura/images/ecam/sakura_ecam_20240920T1800_5b6781f532.jpg,960,540,13280,199.10,50.51,ok,2024-09-20T18:00:05+09:00,2024-09-20T18:05:55+09:00,satlog,auto,auto,auto,960x540 (thumbnail resize code 2),JPEG quality 80%; 5 frames; RGB; group 14; reservation delay 50 min; cmd 53 00 A0 B0 32 0E 00 00 00 00 A6,high,"original file: 02_SKR運用/03_Operation Log/05_ECAM/jpg復元マクロとダウンリンク画像データ/14_ECAM_TMB_01_20240922.jpg | uplink: 02_SKR運用/03_Operation Log/01_GS Monitor Log/20240920_1716.txt | onboard exec/end: 02_SKR運用/03_Operation Log/04_SATLOG/SKR_SATLOG_評価_20241128.xlsm (解析データ) | daily report: 02_SKR運用/04_運用日報/定常運用/9月/運用日報_20240920.docx | cmd decoding: 02_SKR運用/05_software/CAM/SKR_EARTH_SUN_CMDMaker_v3.xlsx | exposure policy: 02_SKR運用/01_文書/06_成果報告会資料/SAKURA成果報告会20250206.pptx slide 52,78","orig=14_ECAM_TMB_01_20240922.jpg. group 14 frame 1. SATLOG mission exec 2024-09-20 17:44:34 - end 17:46:24 (fixed-epoch JST, boot 2024-08-29 18:45:00 JST); onboard clock ran slow, drift correction +17.5 min applied (anchored on GS ACK times), range widened by ±2 min. Frames within a group are ~1 s apart; the group's frames were all taken in this window.",5b6781f53278ba805f8fc00c71254c5236339d058c7765898e5da94f1a33dfec
SAKURA,ECAM,,2024-09-20,2024-09-22,data/02_sakura/images/ecam/sakura_ecam_20240920T1800_8cff044c6a.jpg,960,540,21542,161.33,33.19,ok,2024-09-20T18:00:05+09:00,2024-09-20T18:05:55+09:00,satlog,auto,auto,auto,960x540 (thumbnail resize code 2),JPEG quality 80%; 5 frames; RGB; group 14; reservation delay 50 min; cmd 53 00 A0 B0 32 0E 00 00 00 00 A6,high,"original file: 02_SKR運用/03_Operation Log/05_ECAM/jpg復元マクロとダウンリンク画像データ/14_ECAM_TMB_04_20240922.jpg | uplink: 02_SKR運用/03_Operation Log/01_GS Monitor Log/20240920_1716.txt | onboard exec/end: 02_SKR運用/03_Operation Log/04_SATLOG/SKR_SATLOG_評価_20241128.xlsm (解析データ) | daily report: 02_SKR運用/04_運用日報/定常運用/9月/運用日報_20240920.docx | cmd decoding: 02_SKR運用/05_software/CAM/SKR_EARTH_SUN_CMDMaker_v3.xlsx | exposure policy: 02_SKR運用/01_文書/06_成果報告会資料/SAKURA成果報告会20250206.pptx slide 52,78","orig=14_ECAM_TMB_04_20240922.jpg. group 14 frame 4. SATLOG mission exec 2024-09-20 17:44:34 - end 17:46:24 (fixed-epoch JST, boot 2024-08-29 18:45:00 JST); onboard clock ran slow, drift correction +17.5 min applied (anchored on GS ACK times), range widened by ±2 min. Frames within a group are ~1 s apart; the group's frames were all taken in this window.",8cff044c6a5fdcaf704c3bec42d9dc89416721fcdab671526868567b5aa837dd
SAKURA,ECAM,,2024-09-20,2024-09-22,data/02_sakura/images/ecam/sakura_ecam_20240920T1800_8e66008a50.jpg,960,540,13300,175.70,54.15,ok,2024-09-20T18:00:05+09:00,2024-09-20T18:05:55+09:00,satlog,auto,auto,auto,960x540 (thumbnail resize code 2),JPEG quality 80%; 5 frames; RGB; group 14; reservation delay 50 min; cmd 53 00 A0 B0 32 0E 00 00 00 00 A6,high,"original file: 02_SKR運用/03_Operation Log/05_ECAM/jpg復元マクロとダウンリンク画像データ/14_ECAM_TMB_02_20240922.jpg | uplink: 02_SKR運用/03_Operation Log/01_GS Monitor Log/20240920_1716.txt | onboard exec/end: 02_SKR運用/03_Operation Log/04_SATLOG/SKR_SATLOG_評価_20241128.xlsm (解析データ) | daily report: 02_SKR運用/04_運用日報/定常運用/9月/運用日報_20240920.docx | cmd decoding: 02_SKR運用/05_software/CAM/SKR_EARTH_SUN_CMDMaker_v3.xlsx | exposure policy: 02_SKR運用/01_文書/06_成果報告会資料/SAKURA成果報告会20250206.pptx slide 52,78","orig=14_ECAM_TMB_02_20240922.jpg. group 14 frame 2. SATLOG mission exec 2024-09-20 17:44:34 - end 17:46:24 (fixed-epoch JST, boot 2024-08-29 18:45:00 JST); onboard clock ran slow, drift correction +17.5 min applied (anchored on GS ACK times), range widened by ±2 min. Frames within a group are ~1 s apart; the group's frames were all taken in this window.",8e66008a50ff4349974d84bbf73102ed4e39b502c4e9d9c7bc2779bb5542b521
SAKURA,ECAM,,2024-09-20,2024-09-22,data/02_sakura/images/ecam/sakura_ecam_20240920T1800_a49f124a34.jpg,960,540,15174,240.41,16.45,ok,2024-09-20T18:00:05+09:00,2024-09-20T18:05:55+09:00,satlog,auto,auto,auto,960x540 (thumbnail resize code 2),JPEG quality 80%; 5 frames; RGB; group 14; reservation delay 50 min; cmd 53 00 A0 B0 32 0E 00 00 00 00 A6,high,"original file: 02_SKR運用/03_Operation Log/05_ECAM/jpg復元マクロとダウンリンク画像データ/14_ECAM_TMB_03_20240922.jpg | uplink: 02_SKR運用/03_Operation Log/01_GS Monitor Log/20240920_1716.txt | onboard exec/end: 02_SKR運用/03_Operation Log/04_SATLOG/SKR_SATLOG_評価_20241128.xlsm (解析データ) | daily report: 02_SKR運用/04_運用日報/定常運用/9月/運用日報_20240920.docx | cmd decoding: 02_SKR運用/05_software/CAM/SKR_EARTH_SUN_CMDMaker_v3.xlsx | exposure policy: 02_SKR運用/01_文書/06_成果報告会資料/SAKURA成果報告会20250206.pptx slide 52,78","orig=14_ECAM_TMB_03_20240922.jpg. group 14 frame 3. SATLOG mission exec 2024-09-20 17:44:34 - end 17:46:24 (fixed-epoch JST, boot 2024-08-29 18:45:00 JST); onboard clock ran slow, drift correction +17.5 min applied (anchored on GS ACK times), range widened by ±2 min. Frames within a group are ~1 s apart; the group's frames were all taken in this window.",a49f124a345a1cd626fc9d1a23d4aae6b6d3a4da2edfca692cb8f64287581051
SAKURA,ECAM,,2024-09-20,2024-09-22,data/02_sakura/images/ecam/sakura_ecam_20240920T1800_f7cf92f036.jpg,960,540,13732,143.51,35.07,ok,2024-09-20T18:00:05+09:00,2024-09-20T18:05:55+09:00,satlog,auto,auto,auto,960x540 (thumbnail resize code 2),JPEG quality 80%; 5 frames; RGB; group 14; reservation delay 50 min; cmd 53 00 A0 B0 32 0E 00 00 00 00 A6,high,"original file: 02_SKR運用/03_Operation Log/05_ECAM/jpg復元マクロとダウンリンク画像データ/14_ECAM_TMB_05_20240922.jpg | uplink: 02_SKR運用/03_Operation Log/01_GS Monitor Log/20240920_1716.txt | onboard exec/end: 02_SKR運用/03_Operation Log/04_SATLOG/SKR_SATLOG_評価_20241128.xlsm (解析データ) | daily report: 02_SKR運用/04_運用日報/定常運用/9月/運用日報_20240920.docx | cmd decoding: 02_SKR運用/05_software/CAM/SKR_EARTH_SUN_CMDMaker_v3.xlsx | exposure policy: 02_SKR運用/01_文書/06_成果報告会資料/SAKURA成果報告会20250206.pptx slide 52,78","orig=14_ECAM_TMB_05_20240922.jpg. group 14 frame 5. SATLOG mission exec 2024-09-20 17:44:34 - end 17:46:24 (fixed-epoch JST, boot 2024-08-29 18:45:00 JST); onboard clock ran slow, drift correction +17.5 min applied (anchored on GS ACK times), range widened by ±2 min. Frames within a group are ~1 s apart; the group's frames were all taken in this window.",f7cf92f036f550e474909dd2e30804a289cbe404416dd49c406af5cd0e693557
SAKURA,ECAM,,2024-09-20,2024-09-23,data/02_sakura/images/ecam/sakura_ecam_20240920T1800_99c408206d.jpg,960,540,13300,136.32,28.09,ok,2024-09-20T18:00:05+09:00,2024-09-20T18:05:55+09:00,satlog,auto,auto,auto,960x540 (thumbnail resize code 2),JPEG quality 80%; 5 frames; RGB; group 14; reservation delay 50 min; cmd 53 00 A0 B0 32 0E 00 00 00 00 A6,high,"original file: 02_SKR運用/03_Operation Log/05_ECAM/jpg復元マクロとダウンリンク画像データ/14_ECAM_TMB_02_20240923.jpg | uplink: 02_SKR運用/03_Operation Log/01_GS Monitor Log/20240920_1716.txt | onboard exec/end: 02_SKR運用/03_Operation Log/04_SATLOG/SKR_SATLOG_評価_20241128.xlsm (解析データ) | daily report: 02_SKR運用/04_運用日報/定常運用/9月/運用日報_20240920.docx | cmd decoding: 02_SKR運用/05_software/CAM/SKR_EARTH_SUN_CMDMaker_v3.xlsx | exposure policy: 02_SKR運用/01_文書/06_成果報告会資料/SAKURA成果報告会20250206.pptx slide 52,78","orig=14_ECAM_TMB_02_20240923.jpg. re-downlink of group 14 frame 2 (13300 B). SATLOG mission exec 2024-09-20 17:44:34 - end 17:46:24 (fixed-epoch JST, boot 2024-08-29 18:45:00 JST); onboard clock ran slow, drift correction +17.5 min applied (anchored on GS ACK times), range widened by ±2 min. Frames within a group are ~1 s apart; the group's frames were all taken in this window.",99c408206da2fb2727edcc338bfd30e22c703cc8b615a2b05e2c24d8354f5b27
SAKURA,ECAM,,2024-09-25,2024-09-25,data/02_sakura/images/ecam/sakura_ecam_20240925T1729_17e69eef75.jpg,960,540,10429,141.18,38.17,ok,2024-09-25T17:29:48+09:00,2024-09-25T17:35:26+09:00,satlog,auto,auto,auto,960x540 (thumbnail resize code 2),JPEG quality 80%; 5 frames; RGB; group 15; reservation delay 195 min; cmd 53 00 A0 B0 C3 0F 00 00 00 00 A6,high,"original file: 02_SKR運用/03_Operation Log/05_ECAM/jpg復元マクロとダウンリンク画像データ/015_20240925_2051_TMB_4.jpg | uplink: 02_SKR運用/03_Operation Log/01_GS Monitor Log/20240925_1422.txt | onboard exec/end: 02_SKR運用/03_Operation Log/04_SATLOG/SKR_SATLOG_評価_20241128.xlsm (解析データ) | daily report: 02_SKR運用/04_運用日報/定常運用/9月/運用日報_20240925.docx | cmd decoding: 02_SKR運用/05_software/CAM/SKR_EARTH_SUN_CMDMaker_v3.xlsx | exposure policy: 02_SKR運用/01_文書/06_成果報告会資料/SAKURA成果報告会20250206.pptx slide 52,78","orig=015_20240925_2051_TMB_4.jpg. group 15 frame 4, downlinked 09-25 20:51 pass. SATLOG mission exec 2024-09-25 17:10:17 - end 17:11:55 (fixed-epoch JST, boot 2024-08-29 18:45:00 JST); onboard clock ran slow, drift correction +21.5 min applied (anchored on GS ACK times), range widened by ±2 min. Frames within a group are ~1 s apart; the group's frames were all taken in this window.",17e69eef753ed8ecac89358fa19802653fa8e5caed37e74dc1644886a4af2318
SAKURA,ECAM,,2024-09-25,2024-09-26,data/02_sakura/images/ecam/sakura_ecam_20240925T1729_6d13da4dba.jpg,960,540,10429,252.99,4.07,low_contrast,2024-09-25T17:29:48+09:00,2024-09-25T17:35:26+09:00,satlog,auto,auto,auto,960x540 (thumbnail resize code 2),JPEG quality 80%; 5 frames; RGB; group 15; reservation delay 195 min; cmd 53 00 A0 B0 C3 0F 00 00 00 00 A6,high,"original file: 02_SKR運用/03_Operation Log/05_ECAM/jpg復元マクロとダウンリンク画像データ/15_ECAM_TMB_05_20240926.jpg | uplink: 02_SKR運用/03_Operation Log/01_GS Monitor Log/20240925_1422.txt | onboard exec/end: 02_SKR運用/03_Operation Log/04_SATLOG/SKR_SATLOG_評価_20241128.xlsm (解析データ) | daily report: 02_SKR運用/04_運用日報/定常運用/9月/運用日報_20240925.docx | cmd decoding: 02_SKR運用/05_software/CAM/SKR_EARTH_SUN_CMDMaker_v3.xlsx | exposure policy: 02_SKR運用/01_文書/06_成果報告会資料/SAKURA成果報告会20250206.pptx slide 52,78","orig=15_ECAM_TMB_05_20240926.jpg. group 15 frame 5. SATLOG mission exec 2024-09-25 17:10:17 - end 17:11:55 (fixed-epoch JST, boot 2024-08-29 18:45:00 JST); onboard clock ran slow, drift correction +21.5 min applied (anchored on GS ACK times), range widened by ±2 min. Frames within a group are ~1 s apart; the group's frames were all taken in this window.",6d13da4dbae98c3abc916c9b81cb143c99719a74e7c7ba755e7c650d92f59360
SAKURA,ECAM,,2024-09-26,2024-09-27,data/02_sakura/images/ecam/sakura_ecam_20240926T2300_4a3507e596.jpg,960,540,8795,15.92,40.90,dark,2024-09-26T23:00:02+09:00,2024-09-26T23:05:39+09:00,satlog,auto,auto,auto,960x540 (thumbnail resize code 2),JPEG quality 80%; 5 frames; RGB; group 16; reservation delay 95 min; cmd 53 00 A0 B0 5F 10 00 00 00 00 A6,high,"original file: 02_SKR運用/03_Operation Log/05_ECAM/jpg復元マクロとダウンリンク画像データ/16_ECAM_TMB_01_20240927.jpg | uplink: 02_SKR運用/03_Operation Log/01_GS Monitor Log/20240926_2132.txt | onboard exec/end: 02_SKR運用/03_Operation Log/04_SATLOG/SKR_SATLOG_評価_20241128.xlsm (解析データ) | daily report: 02_SKR運用/04_運用日報/定常運用/9月/運用日報_20240926.docx | cmd decoding: 02_SKR運用/05_software/CAM/SKR_EARTH_SUN_CMDMaker_v3.xlsx | exposure policy: 02_SKR運用/01_文書/06_成果報告会資料/SAKURA成果報告会20250206.pptx slide 52,78","orig=16_ECAM_TMB_01_20240927.jpg. group 16 frame 1. SATLOG mission exec 2024-09-26 22:39:32 - end 22:41:09 (fixed-epoch JST, boot 2024-08-29 18:45:00 JST); onboard clock ran slow, drift correction +22.5 min applied (anchored on GS ACK times), range widened by ±2 min. Frames within a group are ~1 s apart; the group's frames were all taken in this window.",4a3507e5965aa2304c413527e078281b199a3abcf3fdcd15b8ae3b705ba3c524
SAKURA,ECAM,,2024-09-26,2024-09-27,data/02_sakura/images/ecam/sakura_ecam_20240926T2300_fbff977979.jpg,960,540,8847,179.25,61.94,ok,2024-09-26T23:00:02+09:00,2024-09-26T23:05:39+09:00,satlog,auto,auto,auto,960x540 (thumbnail resize code 2),JPEG quality 80%; 5 frames; RGB; group 16; reservation delay 95 min; cmd 53 00 A0 B0 5F 10 00 00 00 00 A6,medium,"original file: 02_SKR運用/03_Operation Log/05_ECAM/01_SKR_CAMMIS_jpgダウンリンク後変換画像/20240927_1233.jpg | uplink: 02_SKR運用/03_Operation Log/01_GS Monitor Log/20240926_2132.txt | onboard exec/end: 02_SKR運用/03_Operation Log/04_SATLOG/SKR_SATLOG_評価_20241128.xlsm (解析データ) | daily report: 02_SKR運用/04_運用日報/定常運用/9月/運用日報_20240926.docx | cmd decoding: 02_SKR運用/05_software/CAM/SKR_EARTH_SUN_CMDMaker_v3.xlsx | exposure policy: 02_SKR運用/01_文書/06_成果報告会資料/SAKURA成果報告会20250206.pptx slide 52,78","orig=20240927_1233.jpg. converted image saved after 09-27 12:33 pass; latest ECAM shot = group 16; frame unknown. SATLOG mission exec 2024-09-26 22:39:32 - end 22:41:09 (fixed-epoch JST, boot 2024-08-29 18:45:00 JST); onboard clock ran slow, drift correction +22.5 min applied (anchored on GS ACK times), range widened by ±2 min. Frames within a group are ~1 s apart; the group's frames were all taken in this window.",fbff977979943ec6086d7f3948fca37982d42f10c4ea3348c043b4e22536ea77
SAKURA,ECAM,,2024-09-29,2024-09-29,data/02_sakura/images/ecam/sakura_ecam_20240929T1939_8e7099fef0.jpg,960,540,9337,160.95,55.46,ok,2024-09-29T19:39:23+09:00,2024-09-29T19:45:36+09:00,satlog,auto,auto,auto,960x540 (thumbnail resize code 2),JPEG quality 80%; 8 frames; RGB; group 18; reservation delay 63 min; cmd 53 00 A0 B0 3F 12 00 00 00 00 BE,medium,"original file: 02_SKR運用/03_Operation Log/05_ECAM/jpg復元マクロとダウンリンク画像データ/20240929.jpg | uplink: 02_SKR運用/03_Operation Log/01_GS Monitor Log/20240929_1847.txt | onboard exec/end: 02_SKR運用/03_Operation Log/04_SATLOG/SKR_SATLOG_評価_20241128.xlsm (解析データ) | daily report: 02_SKR運用/04_運用日報/定常運用/9月/運用日報_20240929.docx; 01_文書/02_定期MTG/定期報告MTG_20240925-1003.pptx slide 14 ('ECAM 9/29 19:40 JST') | cmd decoding: 02_SKR運用/05_software/CAM/SKR_EARTH_SUN_CMDMaker_v3.xlsx | exposure policy: 02_SKR運用/01_文書/06_成果報告会資料/SAKURA成果報告会20250206.pptx slide 52,78","orig=20240929.jpg. 960x540 downlinked 09-29; group 18 (MTG slide: 'ECAM 9/29 19:40 JST 80% 960x540'); alternative = group 17 shot 09-28 (reported corrupted). SATLOG mission exec 2024-09-29 19:16:35 - end 19:18:48 (fixed-epoch JST, boot 2024-08-29 18:45:00 JST); onboard clock ran slow, drift correction +24.8 min applied (anchored on GS ACK times), range widened by ±2 min. Frames within a group are ~1 s apart; the group's frames were all taken in this window.",8e7099fef0a7e80d361f375357f1edc7cbcc7bc2d692447e003474904b59b1fb
SAKURA,ECAM,,2024-09-29,2024-10-02,data/02_sakura/images/ecam/sakura_ecam_20240929T1939_3da49a68e8.jpg,960,540,16143,235.36,25.45,ok,2024-09-29T19:39:23+09:00,2024-09-29T19:45:36+09:00,satlog,auto,auto,auto,960x540 (thumbnail resize code 2),JPEG quality 80%; 8 frames; RGB; group 18; reservation delay 63 min; cmd 53 00 A0 B0 3F 12 00 00 00 00 BE,high,"original file: 02_SKR運用/03_Operation Log/05_ECAM/jpg復元マクロとダウンリンク画像データ/18_ECAM TMB_05_20241002.jpg | uplink: 02_SKR運用/03_Operation Log/01_GS Monitor Log/20240929_1847.txt | onboard exec/end: 02_SKR運用/03_Operation Log/04_SATLOG/SKR_SATLOG_評価_20241128.xlsm (解析データ) | daily report: 02_SKR運用/04_運用日報/定常運用/9月/運用日報_20240929.docx; 01_文書/02_定期MTG/定期報告MTG_20240925-1003.pptx slide 14 ('ECAM 9/29 19:40 JST') | cmd decoding: 02_SKR運用/05_software/CAM/SKR_EARTH_SUN_CMDMaker_v3.xlsx | exposure policy: 02_SKR運用/01_文書/06_成果報告会資料/SAKURA成果報告会20250206.pptx slide 52,78","orig=18_ECAM TMB_05_20241002.jpg. group 18 frame 5. SATLOG mission exec 2024-09-29 19:16:35 - end 19:18:48 (fixed-epoch JST, boot 2024-08-29 18:45:00 JST); onboard clock ran slow, drift correction +24.8 min applied (anchored on GS ACK times), range widened by ±2 min. Frames within a group are ~1 s apart; the group's frames were all taken in this window.",3da49a68e8e4bd903e8fd0106a64aea6afc4f80f9d293fc5f65dc88ae0fa490f
SAKURA,ECAM,,2024-09-29,2024-10-02,data/02_sakura/images/ecam/sakura_ecam_20240929T1939_574bf006a3.jpg,960,540,21743,159.72,43.61,ok,2024-09-29T19:39:23+09:00,2024-09-29T19:45:36+09:00,satlog,auto,auto,auto,960x540 (thumbnail resize code 2),JPEG quality 80%; 8 frames; RGB; group 18; reservation delay 63 min; cmd 53 00 A0 B0 3F 12 00 00 00 00 BE,high,"original file: 02_SKR運用/03_Operation Log/05_ECAM/jpg復元マクロとダウンリンク画像データ/18_ECAM TMB_08_20241002.jpg | uplink: 02_SKR運用/03_Operation Log/01_GS Monitor Log/20240929_1847.txt | onboard exec/end: 02_SKR運用/03_Operation Log/04_SATLOG/SKR_SATLOG_評価_20241128.xlsm (解析データ) | daily report: 02_SKR運用/04_運用日報/定常運用/9月/運用日報_20240929.docx; 01_文書/02_定期MTG/定期報告MTG_20240925-1003.pptx slide 14 ('ECAM 9/29 19:40 JST') | cmd decoding: 02_SKR運用/05_software/CAM/SKR_EARTH_SUN_CMDMaker_v3.xlsx | exposure policy: 02_SKR運用/01_文書/06_成果報告会資料/SAKURA成果報告会20250206.pptx slide 52,78","orig=18_ECAM TMB_08_20241002.jpg. group 18 frame 8. SATLOG mission exec 2024-09-29 19:16:35 - end 19:18:48 (fixed-epoch JST, boot 2024-08-29 18:45:00 JST); onboard clock ran slow, drift correction +24.8 min applied (anchored on GS ACK times), range widened by ±2 min. Frames within a group are ~1 s apart; the group's frames were all taken in this window.",574bf006a36613eac540869aba251c724406130968a8e71ba5340b0c7df01ca6
SAKURA,ECAM,,2024-09-29,2024-10-02,data/02_sakura/images/ecam/sakura_ecam_20240929T1939_d08fb63910.jpg,960,540,10270,162.30,30.86,ok,2024-09-29T19:39:23+09:00,2024-09-29T19:45:36+09:00,satlog,auto,auto,auto,960x540 (thumbnail resize code 2),JPEG quality 80%; 8 frames; RGB; group 18; reservation delay 63 min; cmd 53 00 A0 B0 3F 12 00 00 00 00 BE,high,"original file: 02_SKR運用/03_Operation Log/05_ECAM/jpg復元マクロとダウンリンク画像データ/18_ECAM TMB_02_20241002.jpg | uplink: 02_SKR運用/03_Operation Log/01_GS Monitor Log/20240929_1847.txt | onboard exec/end: 02_SKR運用/03_Operation Log/04_SATLOG/SKR_SATLOG_評価_20241128.xlsm (解析データ) | daily report: 02_SKR運用/04_運用日報/定常運用/9月/運用日報_20240929.docx; 01_文書/02_定期MTG/定期報告MTG_20240925-1003.pptx slide 14 ('ECAM 9/29 19:40 JST') | cmd decoding: 02_SKR運用/05_software/CAM/SKR_EARTH_SUN_CMDMaker_v3.xlsx | exposure policy: 02_SKR運用/01_文書/06_成果報告会資料/SAKURA成果報告会20250206.pptx slide 52,78","orig=18_ECAM TMB_02_20241002.jpg. group 18 frame 2. SATLOG mission exec 2024-09-29 19:16:35 - end 19:18:48 (fixed-epoch JST, boot 2024-08-29 18:45:00 JST); onboard clock ran slow, drift correction +24.8 min applied (anchored on GS ACK times), range widened by ±2 min. Frames within a group are ~1 s apart; the group's frames were all taken in this window.",d08fb63910dcc56cf93120e8c16178b0807e836301305013041dc8ef027b1e9a
SAKURA,ECAM,,2024-10-03,2024-10-03,data/02_sakura/images/ecam/sakura_ecam_20241003T1122_97ded6d6ae.jpg,960,540,12923,140.29,61.87,ok,2024-10-03T11:22:00+09:00,2024-10-03T11:28:51+09:00,satlog,auto,auto,auto,960x540 (thumbnail resize code 2),JPEG quality 80%; 8 frames; RGB; group 21; reservation delay 83 min; cmd 53 00 A0 B0 53 15 00 00 00 00 BE,high,"original file: 02_SKR運用/03_Operation Log/05_ECAM/jpg復元マクロとダウンリンク画像データ/21_ECAM_TMB_08_20241003.jpg | uplink: 02_SKR運用/03_Operation Log/01_GS Monitor Log/20241003_1007.txt (executed twice 10:56:17/10:56:21) | onboard exec/end: 02_SKR運用/03_Operation Log/04_SATLOG/SKR_SATLOG_評価_20241128.xlsm (解析データ) | daily report: 02_SKR運用/04_運用日報/定常運用/10月/運用日報_20241003.docx | cmd decoding: 02_SKR運用/05_software/CAM/SKR_EARTH_SUN_CMDMaker_v3.xlsx | exposure policy: 02_SKR運用/01_文書/06_成果報告会資料/SAKURA成果報告会20250206.pptx slide 52,78","orig=21_ECAM_TMB_08_20241003.jpg. group 21 frame 8. SATLOG mission exec 2024-10-03 10:56:17 - end 10:59:08 (fixed-epoch JST, boot 2024-08-29 18:45:00 JST); onboard clock ran slow, drift correction +27.7 min applied (anchored on GS ACK times), range widened by ±2 min. Frames within a group are ~1 s apart; the group's frames were all taken in this window.",97ded6d6aeebc27ebb10e05807cda1e577164eae502e7c073a1aad86db6b95d2
SAKURA,ECAM,,2024-09-29,2024-10-03,data/02_sakura/images/ecam/sakura_ecam_20240929T1939_f23bc6debc.jpg,960,540,10270,188.17,9.07,low_contrast,2024-09-29T19:39:23+09:00,2024-09-29T19:45:36+09:00,satlog,auto,auto,auto,960x540 (thumbnail resize code 2),JPEG quality 80%; 8 frames; RGB; group 18; reservation delay 63 min; cmd 53 00 A0 B0 3F 12 00 00 00 00 BE,high,"original file: 02_SKR運用/03_Operation Log/05_ECAM/jpg復元マクロとダウンリンク画像データ/18_ECAM TMB_02_20241003.jpg | uplink: 02_SKR運用/03_Operation Log/01_GS Monitor Log/20240929_1847.txt | onboard exec/end: 02_SKR運用/03_Operation Log/04_SATLOG/SKR_SATLOG_評価_20241128.xlsm (解析データ) | daily report: 02_SKR運用/04_運用日報/定常運用/9月/運用日報_20240929.docx; 01_文書/02_定期MTG/定期報告MTG_20240925-1003.pptx slide 14 ('ECAM 9/29 19:40 JST') | cmd decoding: 02_SKR運用/05_software/CAM/SKR_EARTH_SUN_CMDMaker_v3.xlsx | exposure policy: 02_SKR運用/01_文書/06_成果報告会資料/SAKURA成果報告会20250206.pptx slide 52,78","orig=18_ECAM TMB_02_20241003.jpg. re-downlink of group 18 frame 2 (10270 B). SATLOG mission exec 2024-09-29 19:16:35 - end 19:18:48 (fixed-epoch JST, boot 2024-08-29 18:45:00 JST); onboard clock ran slow, drift correction +24.8 min applied (anchored on GS ACK times), range widened by ±2 min. Frames within a group are ~1 s apart; the group's frames were all taken in this window.",f23bc6debcbfb79a2893649a1818337b33ee6a78f5cbe038b0775779f09832b6
SAKURA,ECAM,,2024-09-29,2024-10-03,data/02_sakura/images/ecam/sakura_ecam_20240929T1939_ff26d17739.jpg,960,540,21743,192.26,47.82,ok,2024-09-29T19:39:23+09:00,2024-09-29T19:45:36+09:00,satlog,auto,auto,auto,960x540 (thumbnail resize code 2),JPEG quality 80%; 8 frames; RGB; group 18; reservation delay 63 min; cmd 53 00 A0 B0 3F 12 00 00 00 00 BE,high,"original file: 02_SKR運用/03_Operation Log/05_ECAM/jpg復元マクロとダウンリンク画像データ/18_ECAM TMB_08_20241003.jpg | uplink: 02_SKR運用/03_Operation Log/01_GS Monitor Log/20240929_1847.txt | onboard exec/end: 02_SKR運用/03_Operation Log/04_SATLOG/SKR_SATLOG_評価_20241128.xlsm (解析データ) | daily report: 02_SKR運用/04_運用日報/定常運用/9月/運用日報_20240929.docx; 01_文書/02_定期MTG/定期報告MTG_20240925-1003.pptx slide 14 ('ECAM 9/29 19:40 JST') | cmd decoding: 02_SKR運用/05_software/CAM/SKR_EARTH_SUN_CMDMaker_v3.xlsx | exposure policy: 02_SKR運用/01_文書/06_成果報告会資料/SAKURA成果報告会20250206.pptx slide 52,78","orig=18_ECAM TMB_08_20241003.jpg. re-downlink of group 18 frame 8 (21743 B). SATLOG mission exec 2024-09-29 19:16:35 - end 19:18:48 (fixed-epoch JST, boot 2024-08-29 18:45:00 JST); onboard clock ran slow, drift correction +24.8 min applied (anchored on GS ACK times), range widened by ±2 min. Frames within a group are ~1 s apart; the group's frames were all taken in this window.",ff26d17739722e179e495aca092719c9a80803afa461091eeefcb5fd7907034c
SAKURA,ECAM,,2024-10-03,2024-10-04,data/02_sakura/images/ecam/sakura_ecam_20241003T1122_0a998fc104.jpg,960,540,12923,180.82,93.86,ok,2024-10-03T11:22:00+09:00,2024-10-03T11:28:51+09:00,satlog,auto,auto,auto,960x540 (thumbnail resize code 2),JPEG quality 80%; 8 frames; RGB; group 21; reservation delay 83 min; cmd 53 00 A0 B0 53 15 00 00 00 00 BE,high,"original file: 02_SKR運用/03_Operation Log/05_ECAM/jpg復元マクロとダウンリンク画像データ/20241004_9000_TMB_8.jpg | uplink: 02_SKR運用/03_Operation Log/01_GS Monitor Log/20241003_1007.txt (executed twice 10:56:17/10:56:21) | onboard exec/end: 02_SKR運用/03_Operation Log/04_SATLOG/SKR_SATLOG_評価_20241128.xlsm (解析データ) | daily report: 02_SKR運用/04_運用日報/定常運用/10月/運用日報_20241003.docx | cmd decoding: 02_SKR運用/05_software/CAM/SKR_EARTH_SUN_CMDMaker_v3.xlsx | exposure policy: 02_SKR運用/01_文書/06_成果報告会資料/SAKURA成果報告会20250206.pptx slide 52,78","orig=20241004_9000_TMB_8.jpg. group 21 frame 8 re-restoration (12923 B). SATLOG mission exec 2024-10-03 10:56:17 - end 10:59:08 (fixed-epoch JST, boot 2024-08-29 18:45:00 JST); onboard clock ran slow, drift correction +27.7 min applied (anchored on GS ACK times), range widened by ±2 min. Frames within a group are ~1 s apart; the group's frames were all taken in this window.",0a998fc1047e96e584cabcbe6f96ce9e07ee468cf4e18c0a10da1cad20da88c6
SAKURA,ECAM,,2024-10-03,2024-10-04,data/02_sakura/images/ecam/sakura_ecam_20241003T1122_b7f0830bb8.jpg,960,540,11952,219.89,64.25,ok,2024-10-03T11:22:00+09:00,2024-10-03T11:28:51+09:00,satlog,auto,auto,auto,960x540 (thumbnail resize code 2),JPEG quality 80%; 8 frames; RGB; group 21; reservation delay 83 min; cmd 53 00 A0 B0 53 15 00 00 00 00 BE,high,"original file: 02_SKR運用/03_Operation Log/05_ECAM/jpg復元マクロとダウンリンク画像データ/20241004_9000_TMB_6.jpg | uplink: 02_SKR運用/03_Operation Log/01_GS Monitor Log/20241003_1007.txt (executed twice 10:56:17/10:56:21) | onboard exec/end: 02_SKR運用/03_Operation Log/04_SATLOG/SKR_SATLOG_評価_20241128.xlsm (解析データ) | daily report: 02_SKR運用/04_運用日報/定常運用/10月/運用日報_20241003.docx | cmd decoding: 02_SKR運用/05_software/CAM/SKR_EARTH_SUN_CMDMaker_v3.xlsx | exposure policy: 02_SKR運用/01_文書/06_成果報告会資料/SAKURA成果報告会20250206.pptx slide 52,78","orig=20241004_9000_TMB_6.jpg; 21_ECAM_TMB_06_20241003.jpg. group 21 frame 6 (identical to 21_ECAM_TMB_06_20241003). SATLOG mission exec 2024-10-03 10:56:17 - end 10:59:08 (fixed-epoch JST, boot 2024-08-29 18:45:00 JST); onboard clock ran slow, drift correction +27.7 min applied (anchored on GS ACK times), range widened by ±2 min. Frames within a group are ~1 s apart; the group's frames were all taken in this window.",b7f0830bb867d234e849d0616d87e6617f229623291fd0b5acb7690c16a78270
SAKURA,ECAM,,2024-10-06,2024-10-07,data/02_sakura/images/ecam/sakura_ecam_20241006T1138_585b6d558b.jpg,960,540,14619,180.44,35.94,ok,2024-10-06T11:38:24+09:00,2024-10-06T11:44:33+09:00,satlog,auto,auto,auto,960x540 (thumbnail resize code 2),JPEG quality 80%; 8 frames; RGB; group 24; reservation delay 80 min; cmd 53 00 A0 B0 50 18 00 00 00 00 BE,high,"original file: 02_SKR運用/03_Operation Log/05_ECAM/jpg復元マクロとダウンリンク画像データ/24_ECAM TMB_01_20241007.jpg | uplink: 02_SKR運用/03_Operation Log/01_GS Monitor Log/20241006_1027.txt | onboard exec/end: 02_SKR運用/03_Operation Log/04_SATLOG/SKR_SATLOG_評価_20241128.xlsm (解析データ) | daily report: 02_SKR運用/04_運用日報/定常運用/10月/運用日報_20241006.docx | cmd decoding: 02_SKR運用/05_software/CAM/SKR_EARTH_SUN_CMDMaker_v3.xlsx | exposure policy: 02_SKR運用/01_文書/06_成果報告会資料/SAKURA成果報告会20250206.pptx slide 52,78","orig=24_ECAM TMB_01_20241007.jpg. group 24 frame 1. SATLOG mission exec 2024-10-06 11:10:16 - end 11:12:25 (fixed-epoch JST, boot 2024-08-29 18:45:00 JST); onboard clock ran slow, drift correction +30.1 min applied (anchored on GS ACK times), range widened by ±2 min. Frames within a group are ~1 s apart; the group's frames were all taken in this window.",585b6d558b58092231531e0a31f8b235867999511d48c0a86b85be146e90dab5
SAKURA,ECAM,,2024-10-06,2024-10-08,data/02_sakura/images/ecam/sakura_ecam_20241006T1138_4a936f9ec6.jpg,960,540,14619,203.44,13.04,ok,2024-10-06T11:38:24+09:00,2024-10-06T11:44:33+09:00,satlog,auto,auto,auto,960x540 (thumbnail resize code 2),JPEG quality 80%; 8 frames; RGB; group 24; reservation delay 80 min; cmd 53 00 A0 B0 50 18 00 00 00 00 BE,high,"original file: 02_SKR運用/03_Operation Log/05_ECAM/jpg復元マクロとダウンリンク画像データ/ECAM20241008.jpg | uplink: 02_SKR運用/03_Operation Log/01_GS Monitor Log/20241006_1027.txt | onboard exec/end: 02_SKR運用/03_Operation Log/04_SATLOG/SKR_SATLOG_評価_20241128.xlsm (解析データ) | daily report: 02_SKR運用/04_運用日報/定常運用/10月/運用日報_20241006.docx | cmd decoding: 02_SKR運用/05_software/CAM/SKR_EARTH_SUN_CMDMaker_v3.xlsx | exposure policy: 02_SKR運用/01_文書/06_成果報告会資料/SAKURA成果報告会20250206.pptx slide 52,78","orig=ECAM20241008.jpg. group 24 frame 1 re-restoration (14619 B). SATLOG mission exec 2024-10-06 11:10:16 - end 11:12:25 (fixed-epoch JST, boot 2024-08-29 18:45:00 JST); onboard clock ran slow, drift correction +30.1 min applied (anchored on GS ACK times), range widened by ±2 min. Frames within a group are ~1 s apart; the group's frames were all taken in this window.",4a936f9ec68faf5834ce83c6465c49310edc88fbc79524c1b44ac35d0bf7f941
SAKURA,ECAM,,2024-10-06,2024-10-09,data/02_sakura/images/ecam/sakura_ecam_20241006T1138_e7deca9c80.jpg,960,540,14746,156.84,49.42,ok,2024-10-06T11:38:24+09:00,2024-10-06T11:44:33+09:00,satlog,auto,auto,auto,960x540 (thumbnail resize code 2),JPEG quality 80%; 8 frames; RGB; group 24; reservation delay 80 min; cmd 53 00 A0 B0 50 18 00 00 00 00 BE,high,"original file: 02_SKR運用/03_Operation Log/05_ECAM/jpg復元マクロとダウンリンク画像データ/24_ECAM_TMB_08_20241009.jpg | uplink: 02_SKR運用/03_Operation Log/01_GS Monitor Log/20241006_1027.txt | onboard exec/end: 02_SKR運用/03_Operation Log/04_SATLOG/SKR_SATLOG_評価_20241128.xlsm (解析データ) | daily report: 02_SKR運用/04_運用日報/定常運用/10月/運用日報_20241006.docx | cmd decoding: 02_SKR運用/05_software/CAM/SKR_EARTH_SUN_CMDMaker_v3.xlsx | exposure policy: 02_SKR運用/01_文書/06_成果報告会資料/SAKURA成果報告会20250206.pptx slide 52,78","orig=24_ECAM_TMB_08_20241009.jpg. group 24 frame 8. SATLOG mission exec 2024-10-06 11:10:16 - end 11:12:25 (fixed-epoch JST, boot 2024-08-29 18:45:00 JST); onboard clock ran slow, drift correction +30.1 min applied (anchored on GS ACK times), range widened by ±2 min. Frames within a group are ~1 s apart; the group's frames were all taken in this window.",e7deca9c805a68953ca8eab12c11198a56cdb65a03c18c9249c8e7bd9213c8a8
SAKURA,ECAM,,2024-10-06,2024-10-11,data/02_sakura/images/ecam/sakura_ecam_20241006T1138_0e65fb7974.jpg,960,540,16204,146.62,42.27,ok,2024-10-06T11:38:24+09:00,2024-10-06T11:44:33+09:00,satlog,auto,auto,auto,960x540 (thumbnail resize code 2),JPEG quality 80%; 8 frames; RGB; group 24; reservation delay 80 min; cmd 53 00 A0 B0 50 18 00 00 00 00 BE,medium,"original file: 02_SKR運用/03_Operation Log/05_ECAM/jpg復元マクロとダウンリンク画像データ/20241011_TMB_7.jpg | uplink: 02_SKR運用/03_Operation Log/01_GS Monitor Log/20241006_1027.txt | onboard exec/end: 02_SKR運用/03_Operation Log/04_SATLOG/SKR_SATLOG_評価_20241128.xlsm (解析データ) | daily report: 02_SKR運用/04_運用日報/定常運用/10月/運用日報_20241006.docx | cmd decoding: 02_SKR運用/05_software/CAM/SKR_EARTH_SUN_CMDMaker_v3.xlsx | exposure policy: 02_SKR運用/01_文書/06_成果報告会資料/SAKURA成果報告会20250206.pptx slide 52,78","orig=20241011_TMB_7.jpg. 960x540 downlinked 10-11 before the 10-11 16:13 shot; latest = group 24; frame 7. SATLOG mission exec 2024-10-06 11:10:16 - end 11:12:25 (fixed-epoch JST, boot 2024-08-29 18:45:00 JST); onboard clock ran slow, drift correction +30.1 min applied (anchored on GS ACK times), range widened by ±2 min. Frames within a group are ~1 s apart; the group's frames were all taken in this window.",0e65fb7974874176e62c879984db3578c994a58b0a1f46e6b2d2005f5dfc0915
SAKURA,ECAM,,2024-10-06,2024-10-11,data/02_sakura/images/ecam/sakura_ecam_20241006T1138_7248861224.jpg,960,540,14746,168.57,54.00,ok,2024-10-06T11:38:24+09:00,2024-10-06T11:44:33+09:00,satlog,auto,auto,auto,960x540 (thumbnail resize code 2),JPEG quality 80%; 8 frames; RGB; group 24; reservation delay 80 min; cmd 53 00 A0 B0 50 18 00 00 00 00 BE,medium,"original file: 02_SKR運用/03_Operation Log/05_ECAM/jpg復元マクロとダウンリンク画像データ/20241011_TMB_8.jpg | uplink: 02_SKR運用/03_Operation Log/01_GS Monitor Log/20241006_1027.txt | onboard exec/end: 02_SKR運用/03_Operation Log/04_SATLOG/SKR_SATLOG_評価_20241128.xlsm (解析データ) | daily report: 02_SKR運用/04_運用日報/定常運用/10月/運用日報_20241006.docx | cmd decoding: 02_SKR運用/05_software/CAM/SKR_EARTH_SUN_CMDMaker_v3.xlsx | exposure policy: 02_SKR運用/01_文書/06_成果報告会資料/SAKURA成果報告会20250206.pptx slide 52,78","orig=20241011_TMB_8.jpg. 14746 B = same size as 24_ECAM_TMB_08 -> group 24 frame 8. SATLOG mission exec 2024-10-06 11:10:16 - end 11:12:25 (fixed-epoch JST, boot 2024-08-29 18:45:00 JST); onboard clock ran slow, drift correction +30.1 min applied (anchored on GS ACK times), range widened by ±2 min. Frames within a group are ~1 s apart; the group's frames were all taken in this window.",724886122491e33a76cbea30df23437375d14d0462246e8f880e71d1589b30a8
SAKURA,ECAM,,2024-10-06,2024-10-11,data/02_sakura/images/ecam/sakura_ecam_20241006T1138_a9721c675d.jpg,960,540,17736,232.68,20.26,ok,2024-10-06T11:38:24+09:00,2024-10-06T11:44:33+09:00,satlog,auto,auto,auto,960x540 (thumbnail resize code 2),JPEG quality 80%; 8 frames; RGB; group 24; reservation delay 80 min; cmd 53 00 A0 B0 50 18 00 00 00 00 BE,medium,"original file: 02_SKR運用/03_Operation Log/05_ECAM/jpg復元マクロとダウンリンク画像データ/20241011_TMB_6.jpg | uplink: 02_SKR運用/03_Operation Log/01_GS Monitor Log/20241006_1027.txt | onboard exec/end: 02_SKR運用/03_Operation Log/04_SATLOG/SKR_SATLOG_評価_20241128.xlsm (解析データ) | daily report: 02_SKR運用/04_運用日報/定常運用/10月/運用日報_20241006.docx | cmd decoding: 02_SKR運用/05_software/CAM/SKR_EARTH_SUN_CMDMaker_v3.xlsx | exposure policy: 02_SKR運用/01_文書/06_成果報告会資料/SAKURA成果報告会20250206.pptx slide 52,78","orig=20241011_TMB_6.jpg. group 24 frame 6. SATLOG mission exec 2024-10-06 11:10:16 - end 11:12:25 (fixed-epoch JST, boot 2024-08-29 18:45:00 JST); onboard clock ran slow, drift correction +30.1 min applied (anchored on GS ACK times), range widened by ±2 min. Frames within a group are ~1 s apart; the group's frames were all taken in this window.",a9721c675dc6d7124af7365fbcb61516319b17c644db59bba613f70ca8b3eb21
SAKURA,ECAM,,2024-10-11,2024-10-12,data/02_sakura/images/ecam/sakura_ecam_20241011T1645_14fa861a88.jpg,960,540,22647,98.04,37.87,ok,2024-10-11T16:45:29+09:00,2024-10-11T16:51:35+09:00,satlog,auto,auto,auto,960x540 (thumbnail resize code 2),JPEG quality 80%; 8 frames; RGB; group 27; reservation delay 105 min; cmd 53 00 A0 B0 69 1B 00 00 00 00 BE,high,"original file: 02_SKR運用/03_Operation Log/05_ECAM/jpg復元マクロとダウンリンク画像データ/27_ECAM_TMB_3_20241012.jpg | uplink: 02_SKR運用/03_Operation Log/01_GS Monitor Log/20241011_1508.txt | onboard exec/end: 02_SKR運用/03_Operation Log/04_SATLOG/SKR_SATLOG_評価_20241128.xlsm (解析データ) | daily report: 02_SKR運用/04_運用日報/定常運用/10月/運用日報_20241011.docx | cmd decoding: 02_SKR運用/05_software/CAM/SKR_EARTH_SUN_CMDMaker_v3.xlsx | exposure policy: 02_SKR運用/01_文書/06_成果報告会資料/SAKURA成果報告会20250206.pptx slide 52,78","orig=27_ECAM_TMB_3_20241012.jpg. group 27 frame 3. SATLOG mission exec 2024-10-11 16:13:10 - end 16:15:16 (fixed-epoch JST, boot 2024-08-29 18:45:00 JST); onboard clock ran slow, drift correction +34.3 min applied (anchored on GS ACK times), range widened by ±2 min. Frames within a group are ~1 s apart; the group's frames were all taken in this window.",14fa861a88c3a6585654081fa55dd83a4e1c3967cb7b5cbf661f96014723deb1
SAKURA,ECAM,,2024-10-11,2024-10-15,data/02_sakura/images/ecam/sakura_ecam_20241011T1645_dba070e5ab.jpg,960,540,11647,95.19,55.72,ok,2024-10-11T16:45:29+09:00,2024-10-11T16:51:35+09:00,satlog,auto,auto,auto,960x540 (thumbnail resize code 2),JPEG quality 80%; 8 frames; RGB; group 27; reservation delay 105 min; cmd 53 00 A0 B0 69 1B 00 00 00 00 BE,high,"original file: 02_SKR運用/03_Operation Log/05_ECAM/jpg復元マクロとダウンリンク画像データ/27_ECAM_TMB_4_20241015.jpg | uplink: 02_SKR運用/03_Operation Log/01_GS Monitor Log/20241011_1508.txt | onboard exec/end: 02_SKR運用/03_Operation Log/04_SATLOG/SKR_SATLOG_評価_20241128.xlsm (解析データ) | daily report: 02_SKR運用/04_運用日報/定常運用/10月/運用日報_20241011.docx | cmd decoding: 02_SKR運用/05_software/CAM/SKR_EARTH_SUN_CMDMaker_v3.xlsx | exposure policy: 02_SKR運用/01_文書/06_成果報告会資料/SAKURA成果報告会20250206.pptx slide 52,78","orig=27_ECAM_TMB_4_20241015.jpg. group 27 frame 4. SATLOG mission exec 2024-10-11 16:13:10 - end 16:15:16 (fixed-epoch JST, boot 2024-08-29 18:45:00 JST); onboard clock ran slow, drift correction +34.3 min applied (anchored on GS ACK times), range widened by ±2 min. Frames within a group are ~1 s apart; the group's frames were all taken in this window.",dba070e5ab133c65826ee7cd42da18a6104e8d62b7d323d9ff5482917d981b34
SAKURA,ECAM,,2024-10-11,2024-10-18,data/02_sakura/images/ecam/sakura_ecam_20241011T1645_0a54ba864a.jpg,960,540,22647,64.94,27.92,ok,2024-10-11T16:45:29+09:00,2024-10-11T16:51:35+09:00,satlog,auto,auto,auto,960x540 (thumbnail resize code 2),JPEG quality 80%; 8 frames; RGB; group 27; reservation delay 105 min; cmd 53 00 A0 B0 69 1B 00 00 00 00 BE,high,"original file: 02_SKR運用/03_Operation Log/05_ECAM/jpg復元マクロとダウンリンク画像データ/27_20241018_1231_TMB_3.jpg | uplink: 02_SKR運用/03_Operation Log/01_GS Monitor Log/20241011_1508.txt | onboard exec/end: 02_SKR運用/03_Operation Log/04_SATLOG/SKR_SATLOG_評価_20241128.xlsm (解析データ) | daily report: 02_SKR運用/04_運用日報/定常運用/10月/運用日報_20241011.docx | cmd decoding: 02_SKR運用/05_software/CAM/SKR_EARTH_SUN_CMDMaker_v3.xlsx | exposure policy: 02_SKR運用/01_文書/06_成果報告会資料/SAKURA成果報告会20250206.pptx slide 52,78","orig=27_20241018_1231_TMB_3.jpg. group 27 frame 3 re-downlink (22647 B). SATLOG mission exec 2024-10-11 16:13:10 - end 16:15:16 (fixed-epoch JST, boot 2024-08-29 18:45:00 JST); onboard clock ran slow, drift correction +34.3 min applied (anchored on GS ACK times), range widened by ±2 min. Frames within a group are ~1 s apart; the group's frames were all taken in this window.",0a54ba864a14bd3e7b747e857af27550a94bf5a904a36561729d60c99946a812
SAKURA,ECAM,,2024-10-11,2024-10-20,data/02_sakura/images/ecam/sakura_ecam_20241011T1645_9f527e3cbe.jpg,960,540,20539,84.78,36.49,ok,2024-10-11T16:45:29+09:00,2024-10-11T16:51:35+09:00,satlog,auto,auto,auto,960x540 (thumbnail resize code 2),JPEG quality 80%; 8 frames; RGB; group 27; reservation delay 105 min; cmd 53 00 A0 B0 69 1B 00 00 00 00 BE,high,"original file: 02_SKR運用/03_Operation Log/05_ECAM/jpg復元マクロとダウンリンク画像データ/27_ECAM_TMB_2_20241020.jpg | uplink: 02_SKR運用/03_Operation Log/01_GS Monitor Log/20241011_1508.txt | onboard exec/end: 02_SKR運用/03_Operation Log/04_SATLOG/SKR_SATLOG_評価_20241128.xlsm (解析データ) | daily report: 02_SKR運用/04_運用日報/定常運用/10月/運用日報_20241011.docx | cmd decoding: 02_SKR運用/05_software/CAM/SKR_EARTH_SUN_CMDMaker_v3.xlsx | exposure policy: 02_SKR運用/01_文書/06_成果報告会資料/SAKURA成果報告会20250206.pptx slide 52,78","orig=27_ECAM_TMB_2_20241020.jpg. group 27 frame 2. SATLOG mission exec 2024-10-11 16:13:10 - end 16:15:16 (fixed-epoch JST, boot 2024-08-29 18:45:00 JST); onboard clock ran slow, drift correction +34.3 min applied (anchored on GS ACK times), range widened by ±2 min. Frames within a group are ~1 s apart; the group's frames were all taken in this window.",9f527e3cbe254f847ea0e2f26b0911ca286f152d72d6f2d2648443745d20af4e
SAKURA,ECAM,,2024-10-22,2024-10-24,data/02_sakura/images/ecam/sakura_ecam_20241022T1219_e0476f2e68.jpg,960,540,9924,12.23,38.36,dark,2024-10-22T12:19:06+09:00,2024-10-22T12:29:01+09:00,satlog,auto,auto,auto,960x540 (thumbnail resize code 2),JPEG quality 80%; 8 frames; RGB; group 29; reservation delay 150 min; cmd 53 00 A0 B0 96 1D 00 00 00 00 BE,high,"original file: 02_SKR運用/03_Operation Log/05_ECAM/jpg復元マクロとダウンリンク画像データ/29_ECAM_TMB_04_20241024.jpg | uplink: 02_SKR運用/03_Operation Log/01_GS Monitor Log/20241022_1000.txt | onboard exec/end: 02_SKR運用/03_Operation Log/04_SATLOG/SKR_SATLOG_評価_20241128.xlsm (解析データ) | daily report: 02_SKR運用/04_運用日報/定常運用/10月/運用日報_20241022.docx | cmd decoding: 02_SKR運用/05_software/CAM/SKR_EARTH_SUN_CMDMaker_v3.xlsx | exposure policy: 02_SKR運用/01_文書/06_成果報告会資料/SAKURA成果報告会20250206.pptx slide 52,78","orig=29_ECAM_TMB_04_20241024.jpg. group 29 frame 4. SATLOG mission exec 2024-10-22 11:41:07 - end 11:43:02 (fixed-epoch JST, boot 2024-08-29 18:45:00 JST); onboard clock ran slow, drift correction +42.0 min applied (anchored on GS ACK times), range widened by ±4 min. Frames within a group are ~1 s apart; the group's frames were all taken in this window.",e0476f2e6835864171210bb7bf6b65442ca95b865e7b71d234a22d47c8378df8
SAKURA,ECAM,,2024-10-22,2024-10-26,data/02_sakura/images/ecam/sakura_ecam_20241022T1219_9b31c166e5.jpg,960,540,9924,2.45,19.07,dark,2024-10-22T12:19:06+09:00,2024-10-22T12:29:01+09:00,satlog,auto,auto,auto,960x540 (thumbnail resize code 2),JPEG quality 80%; 8 frames; RGB; group 29; reservation delay 150 min; cmd 53 00 A0 B0 96 1D 00 00 00 00 BE,high,"original file: 02_SKR運用/03_Operation Log/05_ECAM/jpg復元マクロとダウンリンク画像データ/29_ECAM_TMB_4_241026.jpg | uplink: 02_SKR運用/03_Operation Log/01_GS Monitor Log/20241022_1000.txt | onboard exec/end: 02_SKR運用/03_Operation Log/04_SATLOG/SKR_SATLOG_評価_20241128.xlsm (解析データ) | daily report: 02_SKR運用/04_運用日報/定常運用/10月/運用日報_20241022.docx | cmd decoding: 02_SKR運用/05_software/CAM/SKR_EARTH_SUN_CMDMaker_v3.xlsx | exposure policy: 02_SKR運用/01_文書/06_成果報告会資料/SAKURA成果報告会20250206.pptx slide 52,78","orig=29_ECAM_TMB_4_241026.jpg. group 29 frame 4 re-downlink. SATLOG mission exec 2024-10-22 11:41:07 - end 11:43:02 (fixed-epoch JST, boot 2024-08-29 18:45:00 JST); onboard clock ran slow, drift correction +42.0 min applied (anchored on GS ACK times), range widened by ±4 min. Frames within a group are ~1 s apart; the group's frames were all taken in this window.",9b31c166e5ca63940f3bcdecaa55c6a970629b66652c844708e6e37d3001e3d6
SAKURA,ECAM,,2024-10-28,2024-10-30,data/02_sakura/images/ecam/sakura_ecam_20241028T0931_024091f969.jpg,960,540,43617,132.95,15.49,ok,2024-10-28T09:31:03+09:00,2024-10-28T09:41:19+09:00,satlog,auto,auto,auto,960x540 (thumbnail resize code 2),JPEG quality 80%; 8 frames; RGB; group 30; reservation delay 93 min; cmd 53 00 A0 B0 5D 1E 00 00 00 00 BE,high,"original file: 02_SKR運用/03_Operation Log/05_ECAM/jpg復元マクロとダウンリンク画像データ/30_ECAM_TMB_2_241030.jpg | uplink: 02_SKR運用/03_Operation Log/01_GS Monitor Log/20241028_0808.txt | onboard exec/end: 02_SKR運用/03_Operation Log/04_SATLOG/SKR_SATLOG_評価_20241128.xlsm (解析データ) | daily report: 02_SKR運用/04_運用日報/定常運用/10月/運用日報_20241028.docx | cmd decoding: 02_SKR運用/05_software/CAM/SKR_EARTH_SUN_CMDMaker_v3.xlsx | exposure policy: 02_SKR運用/01_文書/06_成果報告会資料/SAKURA成果報告会20250206.pptx slide 52,78","orig=30_ECAM_TMB_2_241030.jpg. group 30 frame 2. SATLOG mission exec 2024-10-28 08:44:13 - end 08:46:28 (fixed-epoch JST, boot 2024-08-29 18:45:00 JST); onboard clock ran slow, drift correction +50.8 min applied (anchored on GS ACK times), range widened by ±4 min. Frames within a group are ~1 s apart; the group's frames were all taken in this window.",024091f969fb34811bc2863b87543380e841c885295d1574fe326a8b4fc20888
SAKURA,ECAM,,2024-10-28,2024-11-01,data/02_sakura/images/ecam/sakura_ecam_20241028T0931_677dc31a60.jpg,960,540,43617,139.17,33.68,ok,2024-10-28T09:31:03+09:00,2024-10-28T09:41:19+09:00,satlog,auto,auto,auto,960x540 (thumbnail resize code 2),JPEG quality 80%; 8 frames; RGB; group 30; reservation delay 93 min; cmd 53 00 A0 B0 5D 1E 00 00 00 00 BE,high,"original file: 02_SKR運用/03_Operation Log/05_ECAM/jpg復元マクロとダウンリンク画像データ/30_ECAM_TMB_2_241101.jpg | uplink: 02_SKR運用/03_Operation Log/01_GS Monitor Log/20241028_0808.txt | onboard exec/end: 02_SKR運用/03_Operation Log/04_SATLOG/SKR_SATLOG_評価_20241128.xlsm (解析データ) | daily report: 02_SKR運用/04_運用日報/定常運用/10月/運用日報_20241028.docx | cmd decoding: 02_SKR運用/05_software/CAM/SKR_EARTH_SUN_CMDMaker_v3.xlsx | exposure policy: 02_SKR運用/01_文書/06_成果報告会資料/SAKURA成果報告会20250206.pptx slide 52,78","orig=30_ECAM_TMB_2_241101.jpg. group 30 frame 2 re-downlink. SATLOG mission exec 2024-10-28 08:44:13 - end 08:46:28 (fixed-epoch JST, boot 2024-08-29 18:45:00 JST); onboard clock ran slow, drift correction +50.8 min applied (anchored on GS ACK times), range widened by ±4 min. Frames within a group are ~1 s apart; the group's frames were all taken in this window.",677dc31a6050b4f1ce8c7839083d9d02f095433fc5fc4501e4d8702f0c93efb5
SAKURA,ECAM,,2024-10-28,2024-11-03,data/02_sakura/images/ecam/sakura_ecam_20241028T0931_ee5551f237.jpg,960,540,11560,225.40,45.33,ok,2024-10-28T09:31:03+09:00,2024-10-28T09:41:19+09:00,satlog,auto,auto,auto,960x540 (thumbnail resize code 2),JPEG quality 80%; 8 frames; RGB; group 30; reservation delay 93 min; cmd 53 00 A0 B0 5D 1E 00 00 00 00 BE,high,"original file: 02_SKR運用/03_Operation Log/05_ECAM/jpg復元マクロとダウンリンク画像データ/30_ECAM_TMB_7_241103.jpg | uplink: 02_SKR運用/03_Operation Log/01_GS Monitor Log/20241028_0808.txt | onboard exec/end: 02_SKR運用/03_Operation Log/04_SATLOG/SKR_SATLOG_評価_20241128.xlsm (解析データ) | daily report: 02_SKR運用/04_運用日報/定常運用/10月/運用日報_20241028.docx | cmd decoding: 02_SKR運用/05_software/CAM/SKR_EARTH_SUN_CMDMaker_v3.xlsx | exposure policy: 02_SKR運用/01_文書/06_成果報告会資料/SAKURA成果報告会20250206.pptx slide 52,78","orig=30_ECAM_TMB_7_241103.jpg. group 30 frame 7. SATLOG mission exec 2024-10-28 08:44:13 - end 08:46:28 (fixed-epoch JST, boot 2024-08-29 18:45:00 JST); onboard clock ran slow, drift correction +50.8 min applied (anchored on GS ACK times), range widened by ±4 min. Frames within a group are ~1 s apart; the group's frames were all taken in this window.",ee5551f237af9b2ff94d64fdd317f531260b526cfa2ce0622e324132e1ba82b2
SAKURA,ECAM,,2024-10-28,2024-11-05,data/02_sakura/images/ecam/sakura_ecam_20241028T0931_0d8e5883da.jpg,960,540,23143,88.60,24.64,ok,2024-10-28T09:31:03+09:00,2024-10-28T09:41:19+09:00,satlog,auto,auto,auto,960x540 (thumbnail resize code 2),JPEG quality 80%; 8 frames; RGB; group 30; reservation delay 93 min; cmd 53 00 A0 B0 5D 1E 00 00 00 00 BE,high,"original file: 02_SKR運用/03_Operation Log/05_ECAM/jpg復元マクロとダウンリンク画像データ/30_ECAM_TMB_08_20241105.jpg | uplink: 02_SKR運用/03_Operation Log/01_GS Monitor Log/20241028_0808.txt | onboard exec/end: 02_SKR運用/03_Operation Log/04_SATLOG/SKR_SATLOG_評価_20241128.xlsm (解析データ) | daily report: 02_SKR運用/04_運用日報/定常運用/10月/運用日報_20241028.docx | cmd decoding: 02_SKR運用/05_software/CAM/SKR_EARTH_SUN_CMDMaker_v3.xlsx | exposure policy: 02_SKR運用/01_文書/06_成果報告会資料/SAKURA成果報告会20250206.pptx slide 52,78","orig=30_ECAM_TMB_08_20241105.jpg. group 30 frame 8. SATLOG mission exec 2024-10-28 08:44:13 - end 08:46:28 (fixed-epoch JST, boot 2024-08-29 18:45:00 JST); onboard clock ran slow, drift correction +50.8 min applied (anchored on GS ACK times), range widened by ±4 min. Frames within a group are ~1 s apart; the group's frames were all taken in this window.",0d8e5883da210d14f7208c7e1394a423f5922317842076f4c8dfbfb1bc8184e7
SAKURA,ECAM,,2024-10-28,2024-11-05,data/02_sakura/images/ecam/sakura_ecam_20241028T0931_bbe6f2d25c.jpg,960,540,43617,147.60,32.81,ok,2024-10-28T09:31:03+09:00,2024-10-28T09:41:19+09:00,satlog,auto,auto,auto,960x540 (thumbnail resize code 2),JPEG quality 80%; 8 frames; RGB; group 30; reservation delay 93 min; cmd 53 00 A0 B0 5D 1E 00 00 00 00 BE,high,"original file: 02_SKR運用/03_Operation Log/05_ECAM/jpg復元マクロとダウンリンク画像データ/30_ECAM_TMB_02_20241105.jpg | uplink: 02_SKR運用/03_Operation Log/01_GS Monitor Log/20241028_0808.txt | onboard exec/end: 02_SKR運用/03_Operation Log/04_SATLOG/SKR_SATLOG_評価_20241128.xlsm (解析データ) | daily report: 02_SKR運用/04_運用日報/定常運用/10月/運用日報_20241028.docx | cmd decoding: 02_SKR運用/05_software/CAM/SKR_EARTH_SUN_CMDMaker_v3.xlsx | exposure policy: 02_SKR運用/01_文書/06_成果報告会資料/SAKURA成果報告会20250206.pptx slide 52,78","orig=30_ECAM_TMB_02_20241105.jpg; 30_ECAM_TMB_2_241101_2.jpg. group 30 frame 2 re-downlink. SATLOG mission exec 2024-10-28 08:44:13 - end 08:46:28 (fixed-epoch JST, boot 2024-08-29 18:45:00 JST); onboard clock ran slow, drift correction +50.8 min applied (anchored on GS ACK times), range widened by ±4 min. Frames within a group are ~1 s apart; the group's frames were all taken in this window.",bbe6f2d25c77f5c3a7c2d68ad32e17a4f6731ee92726b0f6fe3aa65a8765698b
SAKURA,ECAM,,2024-10-28,2024-11-05,data/02_sakura/images/ecam/sakura_ecam_20241028T0931_ec3407c9b0.jpg,960,540,11560,226.24,44.72,ok,2024-10-28T09:31:03+09:00,2024-10-28T09:41:19+09:00,satlog,auto,auto,auto,960x540 (thumbnail resize code 2),JPEG quality 80%; 8 frames; RGB; group 30; reservation delay 93 min; cmd 53 00 A0 B0 5D 1E 00 00 00 00 BE,high,"original file: 02_SKR運用/03_Operation Log/05_ECAM/jpg復元マクロとダウンリンク画像データ/30_ECAM_TMB_07_20241105.jpg | uplink: 02_SKR運用/03_Operation Log/01_GS Monitor Log/20241028_0808.txt | onboard exec/end: 02_SKR運用/03_Operation Log/04_SATLOG/SKR_SATLOG_評価_20241128.xlsm (解析データ) | daily report: 02_SKR運用/04_運用日報/定常運用/10月/運用日報_20241028.docx | cmd decoding: 02_SKR運用/05_software/CAM/SKR_EARTH_SUN_CMDMaker_v3.xlsx | exposure policy: 02_SKR運用/01_文書/06_成果報告会資料/SAKURA成果報告会20250206.pptx slide 52,78","orig=30_ECAM_TMB_07_20241105.jpg. group 30 frame 7 re-downlink. SATLOG mission exec 2024-10-28 08:44:13 - end 08:46:28 (fixed-epoch JST, boot 2024-08-29 18:45:00 JST); onboard clock ran slow, drift correction +50.8 min applied (anchored on GS ACK times), range widened by ±4 min. Frames within a group are ~1 s apart; the group's frames were all taken in this window.",ec3407c9b030e71ce64a5f4c8ebb37669a948d82b56cd41e7d419d69217fd91c
SAKURA,ECAM,,2024-11-05,2024-11-06,data/02_sakura/images/ecam/sakura_ecam_20241105T2157_c3164f644e.jpg,960,540,21896,153.02,35.52,ok,2024-11-05T21:57:11+09:00,2024-11-05T22:07:18+09:00,satlog,auto,auto,auto,960x540 (thumbnail resize code 2),JPEG quality 80%; 8 frames; RGB; group 31; reservation delay 42 min; cmd 53 00 A0 B0 2A 1F 00 00 00 00 BE,high,"original file: 02_SKR運用/03_Operation Log/05_ECAM/jpg復元マクロとダウンリンク画像データ/31_ECAM_TMB_3_20241106.jpg | uplink: 02_SKR運用/03_Operation Log/01_GS Monitor Log/20241105_2127.txt | onboard exec/end: 02_SKR運用/03_Operation Log/04_SATLOG/SKR_SATLOG_評価_20241128.xlsm (解析データ) | daily report: 02_SKR運用/04_運用日報/定常運用/運用日報_20241105.docx | cmd decoding: 02_SKR運用/05_software/CAM/SKR_EARTH_SUN_CMDMaker_v3.xlsx | exposure policy: 02_SKR運用/01_文書/06_成果報告会資料/SAKURA成果報告会20250206.pptx slide 52,78","orig=31_ECAM_TMB_3_20241106.jpg. group 31 frame 3. SATLOG mission exec 2024-11-05 21:02:27 - end 21:04:34 (fixed-epoch JST, boot 2024-08-29 18:45:00 JST); onboard clock ran slow, drift correction +58.7 min applied (anchored on GS ACK times), range widened by ±4 min. Frames within a group are ~1 s apart; the group's frames were all taken in this window.",c3164f644ec4206d4ee9f46bdfc267d04ec5f737aaa9557b5d4aa5469055cb25
SAKURA,ECAM,,2024-11-05,2024-11-09,data/02_sakura/images/ecam/sakura_ecam_20241105T2157_23f3f2a835.jpg,960,540,21896,169.57,34.57,ok,2024-11-05T21:57:11+09:00,2024-11-05T22:07:18+09:00,satlog,auto,auto,auto,960x540 (thumbnail resize code 2),JPEG quality 80%; 8 frames; RGB; group 31; reservation delay 42 min; cmd 53 00 A0 B0 2A 1F 00 00 00 00 BE,high,"original file: 02_SKR運用/03_Operation Log/05_ECAM/jpg復元マクロとダウンリンク画像データ/31_ECAM_TMB_3_20241109.jpg | uplink: 02_SKR運用/03_Operation Log/01_GS Monitor Log/20241105_2127.txt | onboard exec/end: 02_SKR運用/03_Operation Log/04_SATLOG/SKR_SATLOG_評価_20241128.xlsm (解析データ) | daily report: 02_SKR運用/04_運用日報/定常運用/運用日報_20241105.docx | cmd decoding: 02_SKR運用/05_software/CAM/SKR_EARTH_SUN_CMDMaker_v3.xlsx | exposure policy: 02_SKR運用/01_文書/06_成果報告会資料/SAKURA成果報告会20250206.pptx slide 52,78","orig=31_ECAM_TMB_3_20241109.jpg. group 31 frame 3 re-downlink. SATLOG mission exec 2024-11-05 21:02:27 - end 21:04:34 (fixed-epoch JST, boot 2024-08-29 18:45:00 JST); onboard clock ran slow, drift correction +58.7 min applied (anchored on GS ACK times), range widened by ±4 min. Frames within a group are ~1 s apart; the group's frames were all taken in this window.",23f3f2a8352d6991a2adf45f10c3e20b110736aa9bbf081e736390aff6f9dd88
SAKURA,ECAM,,2024-11-05,2024-11-10,data/02_sakura/images/ecam/sakura_ecam_20241105T2157_2fdc59120f.jpg,960,540,19169,211.17,17.67,ok,2024-11-05T21:57:11+09:00,2024-11-05T22:07:18+09:00,satlog,auto,auto,auto,960x540 (thumbnail resize code 2),JPEG quality 80%; 8 frames; RGB; group 31; reservation delay 42 min; cmd 53 00 A0 B0 2A 1F 00 00 00 00 BE,high,"original file: 02_SKR運用/03_Operation Log/05_ECAM/jpg復元マクロとダウンリンク画像データ/31_ECAM_TMB_4_20241110.jpg | uplink: 02_SKR運用/03_Operation Log/01_GS Monitor Log/20241105_2127.txt | onboard exec/end: 02_SKR運用/03_Operation Log/04_SATLOG/SKR_SATLOG_評価_20241128.xlsm (解析データ) | daily report: 02_SKR運用/04_運用日報/定常運用/運用日報_20241105.docx | cmd decoding: 02_SKR運用/05_software/CAM/SKR_EARTH_SUN_CMDMaker_v3.xlsx | exposure policy: 02_SKR運用/01_文書/06_成果報告会資料/SAKURA成果報告会20250206.pptx slide 52,78","orig=31_ECAM_TMB_4_20241110.jpg. group 31 frame 4. SATLOG mission exec 2024-11-05 21:02:27 - end 21:04:34 (fixed-epoch JST, boot 2024-08-29 18:45:00 JST); onboard clock ran slow, drift correction +58.7 min applied (anchored on GS ACK times), range widened by ±4 min. Frames within a group are ~1 s apart; the group's frames were all taken in this window.",2fdc59120f9da1470ff9fa2fd82687defb23dcfdb2469d503a66b343fd880388
SAKURA,ECAM,,2024-11-05,2024-11-10,data/02_sakura/images/ecam/sakura_ecam_20241105T2157_41b59af9e5.jpg,960,540,21896,182.32,21.38,ok,2024-11-05T21:57:11+09:00,2024-11-05T22:07:18+09:00,satlog,auto,auto,auto,960x540 (thumbnail resize code 2),JPEG quality 80%; 8 frames; RGB; group 31; reservation delay 42 min; cmd 53 00 A0 B0 2A 1F 00 00 00 00 BE,high,"original file: 02_SKR運用/03_Operation Log/05_ECAM/jpg復元マクロとダウンリンク画像データ/31_ECAM_TMB_3_20241110.jpg | uplink: 02_SKR運用/03_Operation Log/01_GS Monitor Log/20241105_2127.txt | onboard exec/end: 02_SKR運用/03_Operation Log/04_SATLOG/SKR_SATLOG_評価_20241128.xlsm (解析データ) | daily report: 02_SKR運用/04_運用日報/定常運用/運用日報_20241105.docx | cmd decoding: 02_SKR運用/05_software/CAM/SKR_EARTH_SUN_CMDMaker_v3.xlsx | exposure policy: 02_SKR運用/01_文書/06_成果報告会資料/SAKURA成果報告会20250206.pptx slide 52,78","orig=31_ECAM_TMB_3_20241110.jpg. group 31 frame 3 re-downlink. SATLOG mission exec 2024-11-05 21:02:27 - end 21:04:34 (fixed-epoch JST, boot 2024-08-29 18:45:00 JST); onboard clock ran slow, drift correction +58.7 min applied (anchored on GS ACK times), range widened by ±4 min. Frames within a group are ~1 s apart; the group's frames were all taken in this window.",41b59af9e5161dfe32e8cceb790c997dd454a82f209ab9b8797cc4ab0cbd6e0d
SAKURA,ECAM,,2024-11-05,2024-11-11,data/02_sakura/images/ecam/sakura_ecam_20241105T2157_1350f14e9b.jpg,960,540,15942,92.08,86.22,ok,2024-11-05T21:57:11+09:00,2024-11-05T22:07:18+09:00,satlog,auto,auto,auto,960x540 (thumbnail resize code 2),JPEG quality 80%; 8 frames; RGB; group 31; reservation delay 42 min; cmd 53 00 A0 B0 2A 1F 00 00 00 00 BE,high,"original file: 02_SKR運用/03_Operation Log/05_ECAM/jpg復元マクロとダウンリンク画像データ/31_ECAM_TMB_8_20241111.jpg | uplink: 02_SKR運用/03_Operation Log/01_GS Monitor Log/20241105_2127.txt | onboard exec/end: 02_SKR運用/03_Operation Log/04_SATLOG/SKR_SATLOG_評価_20241128.xlsm (解析データ) | daily report: 02_SKR運用/04_運用日報/定常運用/運用日報_20241105.docx | cmd decoding: 02_SKR運用/05_software/CAM/SKR_EARTH_SUN_CMDMaker_v3.xlsx | exposure policy: 02_SKR運用/01_文書/06_成果報告会資料/SAKURA成果報告会20250206.pptx slide 52,78","orig=31_ECAM_TMB_8_20241111.jpg. group 31 frame 8 (downlinked 11-11 00:36/02:12 passes, before the 03:27 group-32 shot). SATLOG mission exec 2024-11-05 21:02:27 - end 21:04:34 (fixed-epoch JST, boot 2024-08-29 18:45:00 JST); onboard clock ran slow, drift correction +58.7 min applied (anchored on GS ACK times), range widened by ±4 min. Frames within a group are ~1 s apart; the group's frames were all taken in this window.",1350f14e9b2368620e266137c863338f52d864a27141c602d5ae3be161b0de9e
SAKURA,ECAM,,2024-11-11,2024-11-12,data/02_sakura/images/ecam/sakura_ecam_20241111T0429_eed93a3047.jpg,960,540,16926,175.85,33.64,ok,2024-11-11T04:29:02+09:00,2024-11-11T04:39:13+09:00,satlog,auto,auto,auto,960x540 (thumbnail resize code 2),JPEG quality 80%; 8 frames; RGB; group 32; reservation delay 147 min; cmd 53 00 A0 B0 93 20 00 00 00 00 BE,medium,"original file: 02_SKR運用/03_Operation Log/05_ECAM/jpg復元マクロとダウンリンク画像データ/20241112_TMB_3.jpg | uplink: 02_SKR運用/03_Operation Log/01_GS Monitor Log/20241111_0212.txt | onboard exec/end: 02_SKR運用/03_Operation Log/04_SATLOG/SKR_SATLOG_評価_20241128.xlsm (解析データ) | daily report: 02_SKR運用/04_運用日報/定常運用/運用日報_20241111.docx | cmd decoding: 02_SKR運用/05_software/CAM/SKR_EARTH_SUN_CMDMaker_v3.xlsx | exposure policy: 02_SKR運用/01_文書/06_成果報告会資料/SAKURA成果報告会20250206.pptx slide 52,78","orig=20241112_TMB_3.jpg. 960x540 downlinked 11-12; latest shot = group 32 (11-11); frame 3. SATLOG mission exec 2024-11-11 03:27:31 - end 03:29:42 (fixed-epoch JST, boot 2024-08-29 18:45:00 JST); onboard clock ran slow, drift correction +65.5 min applied (anchored on GS ACK times), range widened by ±4 min. Frames within a group are ~1 s apart; the group's frames were all taken in this window.",eed93a3047edbcb028291dc8a7ad4e8451f988a9af0f183b2b6cb0e4a22868b4
SAKURA,ECAM,,2024-11-11,2024-11-15,data/02_sakura/images/ecam/sakura_ecam_20241111T0429_21589ebd77.jpg,960,540,17995,34.59,55.58,ok,2024-11-11T04:29:02+09:00,2024-11-11T04:39:13+09:00,satlog,auto,auto,auto,960x540 (thumbnail resize code 2),JPEG quality 80%; 8 frames; RGB; group 32; reservation delay 147 min; cmd 53 00 A0 B0 93 20 00 00 00 00 BE,high,"original file: 02_SKR運用/03_Operation Log/05_ECAM/jpg復元マクロとダウンリンク画像データ/32_ECAM_TMB_02_20241115.jpg | uplink: 02_SKR運用/03_Operation Log/01_GS Monitor Log/20241111_0212.txt | onboard exec/end: 02_SKR運用/03_Operation Log/04_SATLOG/SKR_SATLOG_評価_20241128.xlsm (解析データ) | daily report: 02_SKR運用/04_運用日報/定常運用/運用日報_20241111.docx | cmd decoding: 02_SKR運用/05_software/CAM/SKR_EARTH_SUN_CMDMaker_v3.xlsx | exposure policy: 02_SKR運用/01_文書/06_成果報告会資料/SAKURA成果報告会20250206.pptx slide 52,78","orig=32_ECAM_TMB_02_20241115.jpg. group 32 frame 2. SATLOG mission exec 2024-11-11 03:27:31 - end 03:29:42 (fixed-epoch JST, boot 2024-08-29 18:45:00 JST); onboard clock ran slow, drift correction +65.5 min applied (anchored on GS ACK times), range widened by ±4 min. Frames within a group are ~1 s apart; the group's frames were all taken in this window.",21589ebd77f666190f527c8f18640cc9c4ae85c1fbd331dabc62055288a37ed6
SAKURA,ECAM,,2024-11-11,2024-11-16,data/02_sakura/images/ecam/sakura_ecam_20241111T0429_9468bfc512.jpg,960,540,17995,1.40,1.23,dark,2024-11-11T04:29:02+09:00,2024-11-11T04:39:13+09:00,satlog,auto,auto,auto,960x540 (thumbnail resize code 2),JPEG quality 80%; 8 frames; RGB; group 32; reservation delay 147 min; cmd 53 00 A0 B0 93 20 00 00 00 00 BE,high,"original file: 02_SKR運用/03_Operation Log/05_ECAM/jpg復元マクロとダウンリンク画像データ/32_ECAM_TMB_02_20241116.jpg | uplink: 02_SKR運用/03_Operation Log/01_GS Monitor Log/20241111_0212.txt | onboard exec/end: 02_SKR運用/03_Operation Log/04_SATLOG/SKR_SATLOG_評価_20241128.xlsm (解析データ) | daily report: 02_SKR運用/04_運用日報/定常運用/運用日報_20241111.docx | cmd decoding: 02_SKR運用/05_software/CAM/SKR_EARTH_SUN_CMDMaker_v3.xlsx | exposure policy: 02_SKR運用/01_文書/06_成果報告会資料/SAKURA成果報告会20250206.pptx slide 52,78","orig=32_ECAM_TMB_02_20241116.jpg. group 32 frame 2 re-downlink (corrupted/dark restoration). SATLOG mission exec 2024-11-11 03:27:31 - end 03:29:42 (fixed-epoch JST, boot 2024-08-29 18:45:00 JST); onboard clock ran slow, drift correction +65.5 min applied (anchored on GS ACK times), range widened by ±4 min. Frames within a group are ~1 s apart; the group's frames were all taken in this window.",9468bfc512ca2ff23575a96cac3c093773bd01c9f8d13f4466cde8081599bea7
SAKURA,ECAM,,2024-11-11,2024-11-17,data/02_sakura/images/ecam/sakura_ecam_20241111T0429_ab7a79a5e2.jpg,960,540,14943,81.05,61.04,ok,2024-11-11T04:29:02+09:00,2024-11-11T04:39:13+09:00,satlog,auto,auto,auto,960x540 (thumbnail resize code 2),JPEG quality 80%; 8 frames; RGB; group 32; reservation delay 147 min; cmd 53 00 A0 B0 93 20 00 00 00 00 BE,high,"original file: 02_SKR運用/03_Operation Log/05_ECAM/jpg復元マクロとダウンリンク画像データ/32_ECAM_TMB_03_20241117.jpg | uplink: 02_SKR運用/03_Operation Log/01_GS Monitor Log/20241111_0212.txt | onboard exec/end: 02_SKR運用/03_Operation Log/04_SATLOG/SKR_SATLOG_評価_20241128.xlsm (解析データ) | daily report: 02_SKR運用/04_運用日報/定常運用/運用日報_20241111.docx | cmd decoding: 02_SKR運用/05_software/CAM/SKR_EARTH_SUN_CMDMaker_v3.xlsx | exposure policy: 02_SKR運用/01_文書/06_成果報告会資料/SAKURA成果報告会20250206.pptx slide 52,78","orig=32_ECAM_TMB_03_20241117.jpg. group 32 frame 3. SATLOG mission exec 2024-11-11 03:27:31 - end 03:29:42 (fixed-epoch JST, boot 2024-08-29 18:45:00 JST); onboard clock ran slow, drift correction +65.5 min applied (anchored on GS ACK times), range widened by ±4 min. Frames within a group are ~1 s apart; the group's frames were all taken in this window.",ab7a79a5e28ca4422d44d368a40326f25bde2bcd4ad434d27c4dc506cd815eff
SAKURA,ECAM,,2024-11-18,2024-11-18,data/02_sakura/images/ecam/sakura_ecam_20241118T0247_46b7d7e75f.jpg,960,540,18609,105.49,30.33,ok,2024-11-18T02:47:47+09:00,2024-11-18T02:57:51+09:00,satlog,auto,auto,auto,960x540 (thumbnail resize code 2),JPEG quality 80%; 8 frames; RGB; group 34; reservation delay 245 min; cmd 53 00 A0 B0 F5 22 00 00 00 00 BE,high,"original file: 02_SKR運用/03_Operation Log/05_ECAM/jpg復元マクロとダウンリンク画像データ/34_ECAM_TMB_02_20241118.jpg | uplink: 02_SKR運用/03_Operation Log/01_GS Monitor Log/20241117_2252.txt | onboard exec/end: 02_SKR運用/03_Operation Log/04_SATLOG/SKR_SATLOG_評価_20241128.xlsm (解析データ) | daily report: 02_SKR運用/04_運用日報/定常運用/運用日報_20241117.docx | cmd decoding: 02_SKR運用/05_software/CAM/SKR_EARTH_SUN_CMDMaker_v3.xlsx | exposure policy: 02_SKR運用/01_文書/06_成果報告会資料/SAKURA成果報告会20250206.pptx slide 52,78","orig=34_ECAM_TMB_02_20241118.jpg. group 34 frame 2. SATLOG mission exec 2024-11-18 01:41:25 - end 01:43:29 (fixed-epoch JST, boot 2024-08-29 18:45:00 JST); onboard clock ran slow, drift correction +70.4 min applied (anchored on GS ACK times), range widened by ±4 min. Frames within a group are ~1 s apart; the group's frames were all taken in this window.",46b7d7e75fc11e3a442d40c30a1175e1b5bdd1b708873b582957effaeca314df
SAKURA,ECAM,,2024-11-18,2024-11-19,data/02_sakura/images/ecam/sakura_ecam_20241118T0247_e9dac32703.jpg,960,540,18609,84.46,27.56,ok,2024-11-18T02:47:47+09:00,2024-11-18T02:57:51+09:00,satlog,auto,auto,auto,960x540 (thumbnail resize code 2),JPEG quality 80%; 8 frames; RGB; group 34; reservation delay 245 min; cmd 53 00 A0 B0 F5 22 00 00 00 00 BE,medium,"original file: 02_SKR運用/03_Operation Log/05_ECAM/jpg復元マクロとダウンリンク画像データ/20241119_TMB_3.jpg | uplink: 02_SKR運用/03_Operation Log/01_GS Monitor Log/20241117_2252.txt | onboard exec/end: 02_SKR運用/03_Operation Log/04_SATLOG/SKR_SATLOG_評価_20241128.xlsm (解析データ) | daily report: 02_SKR運用/04_運用日報/定常運用/運用日報_20241117.docx | cmd decoding: 02_SKR運用/05_software/CAM/SKR_EARTH_SUN_CMDMaker_v3.xlsx | exposure policy: 02_SKR運用/01_文書/06_成果報告会資料/SAKURA成果報告会20250206.pptx slide 52,78","orig=20241119_TMB_3.jpg. 18609 B = same size as 34_ECAM_TMB_02 -> group 34 (frame label inconsistent). SATLOG mission exec 2024-11-18 01:41:25 - end 01:43:29 (fixed-epoch JST, boot 2024-08-29 18:45:00 JST); onboard clock ran slow, drift correction +70.4 min applied (anchored on GS ACK times), range widened by ±4 min. Frames within a group are ~1 s apart; the group's frames were all taken in this window.",e9dac32703c6454d92b0c5243f7d190a800542cea1ea162840465e0932b702fd
SAKURA,ECAM,,2024-09-20,unknown,data/02_sakura/images/ecam/sakura_ecam_20240920T1800_7409ec1679.jpg,960,540,13300,173.80,53.45,ok,2024-09-20T18:00:05+09:00,2024-09-20T18:05:55+09:00,satlog,auto,auto,auto,960x540 (thumbnail resize code 2),JPEG quality 80%; 5 frames; RGB; group 14; reservation delay 50 min; cmd 53 00 A0 B0 32 0E 00 00 00 00 A6,high,"original file: 02_SKR運用/03_Operation Log/05_ECAM/jpg復元マクロとダウンリンク画像データ/14_ECAM_TMB_02_202409232107.jpg | uplink: 02_SKR運用/03_Operation Log/01_GS Monitor Log/20240920_1716.txt | onboard exec/end: 02_SKR運用/03_Operation Log/04_SATLOG/SKR_SATLOG_評価_20241128.xlsm (解析データ) | daily report: 02_SKR運用/04_運用日報/定常運用/9月/運用日報_20240920.docx | cmd decoding: 02_SKR運用/05_software/CAM/SKR_EARTH_SUN_CMDMaker_v3.xlsx | exposure policy: 02_SKR運用/01_文書/06_成果報告会資料/SAKURA成果報告会20250206.pptx slide 52,78","orig=14_ECAM_TMB_02_202409232107.jpg. re-downlink of group 14 frame 2 (13300 B) in 09-23 21:07 pass; repo date 'unknown'. SATLOG mission exec 2024-09-20 17:44:34 - end 17:46:24 (fixed-epoch JST, boot 2024-08-29 18:45:00 JST); onboard clock ran slow, drift correction +17.5 min applied (anchored on GS ACK times), range widened by ±2 min. Frames within a group are ~1 s apart; the group's frames were all taken in this window.",7409ec1679d03f9ace3080b1f98eee614b6783b6b13879ded8af4fb12bac61a8
SAKURA,ECAM,,2024-11-18,unknown,data/02_sakura/images/ecam/sakura_ecam_20241118T0247_f885fab29a.jpg,960,540,24200,76.56,19.99,ok,2024-11-18T02:47:47+09:00,2024-11-18T02:57:51+09:00,satlog,auto,auto,auto,960x540 (thumbnail resize code 2),JPEG quality 80%; 8 frames; RGB; group 34; reservation delay 245 min; cmd 53 00 A0 B0 F5 22 00 00 00 00 BE,high,"original file: 02_SKR運用/03_Operation Log/05_ECAM/jpg復元マクロとダウンリンク画像データ/34_ECAM_TMB_3_1120.jpg | uplink: 02_SKR運用/03_Operation Log/01_GS Monitor Log/20241117_2252.txt | onboard exec/end: 02_SKR運用/03_Operation Log/04_SATLOG/SKR_SATLOG_評価_20241128.xlsm (解析データ) | daily report: 02_SKR運用/04_運用日報/定常運用/運用日報_20241117.docx | cmd decoding: 02_SKR運用/05_software/CAM/SKR_EARTH_SUN_CMDMaker_v3.xlsx | exposure policy: 02_SKR運用/01_文書/06_成果報告会資料/SAKURA成果報告会20250206.pptx slide 52,78","orig=34_ECAM_TMB_3_1120.jpg. group 34 frame 3, downlinked 11-20; repo date 'unknown'. SATLOG mission exec 2024-11-18 01:41:25 - end 01:43:29 (fixed-epoch JST, boot 2024-08-29 18:45:00 JST); onboard clock ran slow, drift correction +70.4 min applied (anchored on GS ACK times), range widened by ±4 min. Frames within a group are ~1 s apart; the group's frames were all taken in this window.",f885fab29a8ca9884f442727f2c7089a10acadc1c2ee440a5bbc8ecef1a84322
SAKURA,SCAM,,2024-09-01,2024-09-02,data/02_sakura/images/scam/sakura_scam_20240901T2247_f9d6743fb6.jpg,144,108,917,4.81,1.66,dark,2024-09-01T22:47:19+09:00,2024-09-01T22:50:54+09:00,satlog,auto,auto,auto,144x108 (thumbnail resize code 0),JPEG quality 80%; 5 frames; RGB; frame interval 1 s; ND filter; group 0; reservation delay 42 min; cmd 53 00 A0 C0 2A 00 00 00 00 02 A4,high,"original file: 02_SKR運用/03_Operation Log/06_SCAM/jpg復元マクロとダウンリンク画像データ/01_SCAM_TMB_01_20240902.jpg | uplink: 02_SKR運用/03_Operation Log/01_GS Monitor Log/20240901_2212.txt | onboard exec/end: 02_SKR運用/03_Operation Log/04_SATLOG/SKR_SATLOG_評価_20241128.xlsm (解析データ) | daily report: 02_SKR運用/04_運用日報/初期運用/運用日報_20240901.docx | cmd decoding: 02_SKR運用/05_software/CAM/SKR_EARTH_SUN_CMDMaker_v3.xlsx | exposure policy: 02_SKR運用/01_文書/06_成果報告会資料/SAKURA成果報告会20250206.pptx slide 52,78","orig=01_SCAM_TMB_01_20240902.jpg. first SCAM shot (group 0, 5 frames 144x108); frame 1. SATLOG mission exec 2024-09-01 22:45:35 - end 22:47:10 (fixed-epoch JST, boot 2024-08-29 18:45:00 JST); onboard clock ran slow, drift correction +2.7 min applied (anchored on GS ACK times), range widened by ±1 min. Frames within a group are ~1 s apart; the group's frames were all taken in this window.",f9d6743fb6145ae47d4942fd56d6af10a56bfa7b26aa05023eb39870c5f5e433
SAKURA,SCAM,,2024-09-04,2024-09-04,data/02_sakura/images/scam/sakura_scam_20240904T2155_fecafc767e.jpg,144,108,922,4.16,1.46,dark,2024-09-04T21:55:09+09:00,2024-09-04T21:58:59+09:00,satlog,auto,auto,auto,144x108 (thumbnail resize code 0),JPEG quality 80%; 8 frames; RGB; frame interval 1 s; ND filter; group 2; reservation delay 40 min; cmd 53 00 A0 C0 28 02 00 00 00 02 BC,high,"original file: 02_SKR運用/03_Operation Log/06_SCAM/jpg復元マクロとダウンリンク画像データ/20240904_2244_TMB_2.jpg | uplink: 02_SKR運用/03_Operation Log/01_GS Monitor Log/20240904_2122.txt (ACK 21:15:38 JST) | onboard exec/end: 02_SKR運用/03_Operation Log/04_SATLOG/SKR_SATLOG_評価_20241128.xlsm (解析データ) | daily report: 02_SKR運用/04_運用日報/初期運用/運用日報_20240904.docx | cmd decoding: 02_SKR運用/05_software/CAM/SKR_EARTH_SUN_CMDMaker_v3.xlsx | exposure policy: 02_SKR運用/01_文書/06_成果報告会資料/SAKURA成果報告会20250206.pptx slide 52,78","orig=20240904_2244_TMB_2.jpg. group 2 frame 2, downlinked 09-04 22:49-22:59 pass. SATLOG mission exec 2024-09-04 21:51:03 - end 21:52:53 (fixed-epoch JST, boot 2024-08-29 18:45:00 JST); onboard clock ran slow, drift correction +5.1 min applied (anchored on GS ACK times), range widened by ±1 min. Frames within a group are ~1 s apart; the group's frames were all taken in this window.",fecafc767e31a6c2340958a2f01f11193a9b14bc300e11ed8347bb369888001d
SAKURA,SCAM,,2024-09-25,2024-09-25,data/02_sakura/images/scam/sakura_scam_20240925T1349_16ca22b937.jpg,432,324,3166,103.08,50.30,ok,2024-09-25T13:49:06+09:00,2024-09-25T13:54:59+09:00,satlog,auto,auto,auto,432x324 (thumbnail resize code 1),JPEG quality 80%; 8 frames; RGB; frame interval 1 s; ND filter; group 22; reservation delay 70 min; cmd 53 00 A0 C0 46 16 00 00 00 02 BD,high,"original file: 02_SKR運用/03_Operation Log/06_SCAM/jpg復元マクロとダウンリンク画像データ/20240925_2051_TMB_5.jpg | uplink: 02_SKR運用/03_Operation Log/01_GS Monitor Log/20240925_1249.txt | onboard exec/end: 02_SKR運用/03_Operation Log/04_SATLOG/SKR_SATLOG_評価_20241128.xlsm (解析データ) | daily report: 02_SKR運用/04_運用日報/定常運用/9月/運用日報_20240925.docx | cmd decoding: 02_SKR運用/05_software/CAM/SKR_EARTH_SUN_CMDMaker_v3.xlsx | exposure policy: 02_SKR運用/01_文書/06_成果報告会資料/SAKURA成果報告会20250206.pptx slide 52,78","orig=20240925_2051_TMB_5.jpg. group 22 frame 5 (first 432x324 SCAM), downlinked 20:51 pass. SATLOG mission exec 2024-09-25 13:29:43 - end 13:31:36 (fixed-epoch JST, boot 2024-08-29 18:45:00 JST); onboard clock ran slow, drift correction +21.4 min applied (anchored on GS ACK times), range widened by ±2 min. Frames within a group are ~1 s apart; the group's frames were all taken in this window.",16ca22b937ea37a0c9d36b6404154bef32420dfd0d0045d310beed5898431235
SAKURA,SCAM,,2024-09-26,2024-09-26,data/02_sakura/images/scam/sakura_scam_20240926T1429_7f7e7e57f9.jpg,432,324,8847,103.90,58.89,ok,2024-09-26T14:29:10+09:00,2024-09-26T14:35:02+09:00,satlog,auto,auto,auto,432x324 (thumbnail resize code 1),JPEG quality 80%; 8 frames; RGB; frame interval 1 s; ND filter; group 23; reservation delay 70 min; cmd 53 00 A0 C0 46 17 00 00 00 02 BD,medium,"original file: 02_SKR運用/03_Operation Log/06_SCAM/jpg復元マクロとダウンリンク画像データ/10_SCAM_TMB_05_20240926.jpg | uplink: 02_SKR運用/03_Operation Log/01_GS Monitor Log/20240926_1327.txt | onboard exec/end: 02_SKR運用/03_Operation Log/04_SATLOG/SKR_SATLOG_評価_20241128.xlsm (解析データ) | daily report: 02_SKR運用/04_運用日報/定常運用/9月/運用日報_20240926.docx | cmd decoding: 02_SKR運用/05_software/CAM/SKR_EARTH_SUN_CMDMaker_v3.xlsx | exposure policy: 02_SKR運用/01_文書/06_成果報告会資料/SAKURA成果報告会20250206.pptx slide 52,78","orig=10_SCAM_TMB_05_20240926.jpg. 432x324 downlinked 09-26; latest SCAM shot = group 23 (14:09 fixed-epoch); '10' is not the group byte. SATLOG mission exec 2024-09-26 14:08:57 - end 14:10:49 (fixed-epoch JST, boot 2024-08-29 18:45:00 JST); onboard clock ran slow, drift correction +22.2 min applied (anchored on GS ACK times), range widened by ±2 min. Frames within a group are ~1 s apart; the group's frames were all taken in this window.",7f7e7e57f93835fdd1d755d7c4e9d87e74d329ecf520d5fd4e2e2582a3004d9d
SAKURA,SCAM,,2024-09-26,2024-09-26,data/02_sakura/images/scam/sakura_scam_20240926T1429_ddf8bc5429.jpg,432,324,8847,103.94,58.09,ok,2024-09-26T14:29:10+09:00,2024-09-26T14:35:02+09:00,satlog,auto,auto,auto,432x324 (thumbnail resize code 1),JPEG quality 80%; 8 frames; RGB; frame interval 1 s; ND filter; group 23; reservation delay 70 min; cmd 53 00 A0 C0 46 17 00 00 00 02 BD,medium,"original file: 02_SKR運用/03_Operation Log/06_SCAM/jpg復元マクロとダウンリンク画像データ/10_SCAM_TMB_05_20240926_2.jpg | uplink: 02_SKR運用/03_Operation Log/01_GS Monitor Log/20240926_1327.txt | onboard exec/end: 02_SKR運用/03_Operation Log/04_SATLOG/SKR_SATLOG_評価_20241128.xlsm (解析データ) | daily report: 02_SKR運用/04_運用日報/定常運用/9月/運用日報_20240926.docx | cmd decoding: 02_SKR運用/05_software/CAM/SKR_EARTH_SUN_CMDMaker_v3.xlsx | exposure policy: 02_SKR運用/01_文書/06_成果報告会資料/SAKURA成果報告会20250206.pptx slide 52,78","orig=10_SCAM_TMB_05_20240926_2.jpg. second restoration of the same frame (8847 B). SATLOG mission exec 2024-09-26 14:08:57 - end 14:10:49 (fixed-epoch JST, boot 2024-08-29 18:45:00 JST); onboard clock ran slow, drift correction +22.2 min applied (anchored on GS ACK times), range widened by ±2 min. Frames within a group are ~1 s apart; the group's frames were all taken in this window.",ddf8bc542988879fc8b1af7cd88f938fbc04c34efe619e26f4683ca448b75e35
SAKURA,SCAM,,2024-09-27,2024-09-29,data/02_sakura/images/scam/sakura_scam_20240927T1955_5dcc1b5872.jpg,,,60,,,unreadable,2024-09-27T19:55:54+09:00,2024-09-27T20:01:45+09:00,satlog,auto,auto,auto,432x324 (thumbnail resize code 1),JPEG quality 80%; 8 frames; RGB; frame interval 1 s; ND filter; group 25; reservation delay 60 min; cmd 53 00 A0 C0 3C 19 00 00 00 02 BD,low,"original file: 02_SKR運用/03_Operation Log/06_SCAM/jpg復元マクロとダウンリンク画像データ/30_SCAM TMB_07_20241002.jpg | uplink: 02_SKR運用/03_Operation Log/01_GS Monitor Log/20240927_1901.txt | onboard exec/end: 02_SKR運用/03_Operation Log/04_SATLOG/SKR_SATLOG_評価_20241128.xlsm (解析データ) | daily report: 02_SKR運用/04_運用日報/定常運用/9月/運用日報_20240927.docx | cmd decoding: 02_SKR運用/05_software/CAM/SKR_EARTH_SUN_CMDMaker_v3.xlsx | exposure policy: 02_SKR運用/01_文書/06_成果報告会資料/SAKURA成果報告会20250206.pptx slide 52,78","orig=30_SCAM TMB_07_20241002.jpg; 20240929_TMB_3.jpg; 20241018_1053_TMB_8.jpg. 60-byte stub (restoration failed); same bytes also stored as 30_SCAM TMB_07_20241002.jpg and 20241018_1053_TMB_8.jpg -> origin ambiguous (group 25/32/43). SATLOG mission exec 2024-09-27 19:34:42 - end 19:36:33 (fixed-epoch JST, boot 2024-08-29 18:45:00 JST); onboard clock ran slow, drift correction +23.2 min applied (anchored on GS ACK times), range widened by ±2 min. Frames within a group are ~1 s apart; the group's frames were all taken in this window.",5dcc1b5872dd9ff1c234501f1fefda01f664164e1583c3e1bb3dbea47588ab31
SAKURA,SCAM,,2024-09-27,2024-09-29,data/02_sakura/images/scam/sakura_scam_20240927T1955_f2b6b40491.jpg,432,324,3355,3.94,17.48,dark,2024-09-27T19:55:54+09:00,2024-09-27T20:01:45+09:00,satlog,auto,auto,auto,432x324 (thumbnail resize code 1),JPEG quality 80%; 8 frames; RGB; frame interval 1 s; ND filter; group 25; reservation delay 60 min; cmd 53 00 A0 C0 3C 19 00 00 00 02 BD,high,"original file: 02_SKR運用/03_Operation Log/06_SCAM/jpg復元マクロとダウンリンク画像データ/25_SCAM TMB_03_20240929.jpg | uplink: 02_SKR運用/03_Operation Log/01_GS Monitor Log/20240927_1901.txt | onboard exec/end: 02_SKR運用/03_Operation Log/04_SATLOG/SKR_SATLOG_評価_20241128.xlsm (解析データ) | daily report: 02_SKR運用/04_運用日報/定常運用/9月/運用日報_20240927.docx | cmd decoding: 02_SKR運用/05_software/CAM/SKR_EARTH_SUN_CMDMaker_v3.xlsx | exposure policy: 02_SKR運用/01_文書/06_成果報告会資料/SAKURA成果報告会20250206.pptx slide 52,78","orig=25_SCAM TMB_03_20240929.jpg. group 25 frame 3. SATLOG mission exec 2024-09-27 19:34:42 - end 19:36:33 (fixed-epoch JST, boot 2024-08-29 18:45:00 JST); onboard clock ran slow, drift correction +23.2 min applied (anchored on GS ACK times), range widened by ±2 min. Frames within a group are ~1 s apart; the group's frames were all taken in this window.",f2b6b40491ad924653693aec95ee693231f403d95f95ba75bcad758b2b20e52d
SAKURA,SCAM,,2024-10-03,2024-10-04,data/02_sakura/images/scam/sakura_scam_20241003T1844_78a02f9159.jpg,432,324,3316,5.81,22.81,dark,2024-10-03T18:44:00+09:00,2024-10-03T18:49:52+09:00,satlog,auto,auto,auto,432x324 (thumbnail resize code 1),JPEG quality 80%; 8 frames; RGB; frame interval 1 s; ND filter; group 34; reservation delay 40 min; cmd 53 00 A0 C0 28 22 00 00 00 02 BD,high,"original file: 02_SKR運用/03_Operation Log/06_SCAM/jpg復元マクロとダウンリンク画像データ/20241004_1035_TMB_2.jpg | uplink: 02_SKR運用/03_Operation Log/01_GS Monitor Log/20241003_1812.txt | onboard exec/end: 02_SKR運用/03_Operation Log/04_SATLOG/SKR_SATLOG_評価_20241128.xlsm (解析データ) | daily report: 02_SKR運用/04_運用日報/定常運用/10月/運用日報_20241003.docx | cmd decoding: 02_SKR運用/05_software/CAM/SKR_EARTH_SUN_CMDMaker_v3.xlsx | exposure policy: 02_SKR運用/01_文書/06_成果報告会資料/SAKURA成果報告会20250206.pptx slide 52,78","orig=20241004_1035_TMB_2.jpg. group 34 frame 2, downlinked 10-04 10:35 pass. SATLOG mission exec 2024-10-03 18:18:02 - end 18:19:54 (fixed-epoch JST, boot 2024-08-29 18:45:00 JST); onboard clock ran slow, drift correction +28.0 min applied (anchored on GS ACK times), range widened by ±2 min. Frames within a group are ~1 s apart; the group's frames were all taken in this window.",78a02f9159cb975eceec0bc7eef17c70f2c37ed5109de13082d7d55280e1676e
SAKURA,SCAM,,2024-10-03,2024-10-05,data/02_sakura/images/scam/sakura_scam_20241003T1844_9ca7844823.jpg,432,324,13057,3.50,1.81,dark,2024-10-03T18:44:00+09:00,2024-10-03T18:49:52+09:00,satlog,auto,auto,auto,432x324 (thumbnail resize code 1),JPEG quality 80%; 8 frames; RGB; frame interval 1 s; ND filter; group 34; reservation delay 40 min; cmd 53 00 A0 C0 28 22 00 00 00 02 BD,low,"original file: 02_SKR運用/03_Operation Log/06_SCAM/jpg復元マクロとダウンリンク画像データ/35_SCAM TMB_03_20241005.jpg | uplink: 02_SKR運用/03_Operation Log/01_GS Monitor Log/20241003_1812.txt | onboard exec/end: 02_SKR運用/03_Operation Log/04_SATLOG/SKR_SATLOG_評価_20241128.xlsm (解析データ) | daily report: 02_SKR運用/04_運用日報/定常運用/10月/運用日報_20241003.docx | cmd decoding: 02_SKR運用/05_software/CAM/SKR_EARTH_SUN_CMDMaker_v3.xlsx | exposure policy: 02_SKR運用/01_文書/06_成果報告会資料/SAKURA成果報告会20250206.pptx slide 52,78","orig=35_SCAM TMB_03_20241005.jpg. 432x324; no group-35 C0 uplink/ACK found in GS logs and no SCAM execution in SATLOG between 10-03 18:18 and 10-07 16:09; most likely group 34 frame 3 (label mismatch); SATLOG packet loss cannot be excluded. SATLOG mission exec 2024-10-03 18:18:02 - end 18:19:54 (fixed-epoch JST, boot 2024-08-29 18:45:00 JST); onboard clock ran slow, drift correction +28.0 min applied (anchored on GS ACK times), range widened by ±2 min. Frames within a group are ~1 s apart; the group's frames were all taken in this window.",9ca784482353edd47f6a9a78ea3913d1354a56204a84015cf66f2a48c27767d2
SAKURA,SCAM,,2024-11-01,2024-11-01,data/02_sakura/images/scam/sakura_scam_20241101T2217_dbcf90621e.jpg,864,648,23143,87.19,58.54,ok,2024-11-01T22:17:55+09:00,2024-11-01T22:28:14+09:00,satlog,auto,auto,auto,864x648 (thumbnail resize code 2),JPEG quality 80%; 8 frames; RGB; frame interval 1 s; ND filter; group 46; reservation delay 54 min; cmd 53 00 A0 C2 36 2E 0F 05 F0 02 BE; sun-tracking mode (C2): SampTime=0x0F SampRate=0x05 PD threshold=0xF0,high,"original file: 02_SKR運用/03_Operation Log/06_SCAM/jpg復元マクロとダウンリンク画像データ/46_SCAM TMB_01_20241101.jpg | uplink: 02_SKR運用/03_Operation Log/01_GS Monitor Log/20241101_2134.txt | onboard exec/end: 02_SKR運用/03_Operation Log/04_SATLOG/SKR_SATLOG_評価_20241128.xlsm (解析データ) | daily report: 02_SKR運用/04_運用日報/定常運用/運用日報_20241101.docx | cmd decoding: 02_SKR運用/05_software/CAM/SKR_EARTH_SUN_CMDMaker_v3.xlsx | exposure policy: 02_SKR運用/01_文書/06_成果報告会資料/SAKURA成果報告会20250206.pptx slide 52,78","orig=46_SCAM TMB_01_20241101.jpg. group 46 frame 1; sun-tracking (C2) mission, 2.3 min duration. SATLOG mission exec 2024-11-01 21:23:12 - end 21:25:31 (fixed-epoch JST, boot 2024-08-29 18:45:00 JST); onboard clock ran slow, drift correction +58.7 min applied (anchored on GS ACK times), range widened by ±4 min. Frames within a group are ~1 s apart; the group's frames were all taken in this window.",dbcf90621ec17e0426996ef7a10a1d30e1e78026faad86b707006cdf10fbf65e
SAKURA,SCAM,,2024-11-01,unknown,data/02_sakura/images/scam/sakura_scam_20241101T2217_e983182f1f.jpg,864,648,10090,3.99,1.30,dark,2024-11-01T22:17:55+09:00,2024-11-01T22:28:14+09:00,satlog,auto,auto,auto,864x648 (thumbnail resize code 2),JPEG quality 80%; 8 frames; RGB; frame interval 1 s; ND filter; group 46; reservation delay 54 min; cmd 53 00 A0 C2 36 2E 0F 05 F0 02 BE; sun-tracking mode (C2): SampTime=0x0F SampRate=0x05 PD threshold=0xF0,high,"original file: 02_SKR運用/03_Operation Log/06_SCAM/01_SKR_CAMMIS_jpgダウンリンク後変換画像/46_SCAM_TMB_1_1102.jpg | uplink: 02_SKR運用/03_Operation Log/01_GS Monitor Log/20241101_2134.txt | onboard exec/end: 02_SKR運用/03_Operation Log/04_SATLOG/SKR_SATLOG_評価_20241128.xlsm (解析データ) | daily report: 02_SKR運用/04_運用日報/定常運用/運用日報_20241101.docx | cmd decoding: 02_SKR運用/05_software/CAM/SKR_EARTH_SUN_CMDMaker_v3.xlsx | exposure policy: 02_SKR運用/01_文書/06_成果報告会資料/SAKURA成果報告会20250206.pptx slide 52,78","orig=46_SCAM_TMB_1_1102.jpg. group 46 frame 1 re-restoration (dark/partial), 11-02; repo date 'unknown'. SATLOG mission exec 2024-11-01 21:23:12 - end 21:25:31 (fixed-epoch JST, boot 2024-08-29 18:45:00 JST); onboard clock ran slow, drift correction +58.7 min applied (anchored on GS ACK times), range widened by ±4 min. Frames within a group are ~1 s apart; the group's frames were all taken in this window.",e983182f1fc1da1ae062f1a9aaaa384f8d8f6c81b1bd2e918197792630c42bfe
YOMOGI,CAM,AKS,2024-12-12,2024-12-15,data/03_yomogi/images/cam/aks_20241212T0536_76b852024f.png,128,72,9971,5.13,24.63,dark,2024-12-12T05:36:59+09:00,2024-12-12T05:39:59+09:00,derived:satlog,auto,auto,auto,sensor 1920x1080 (cmd[7]=0xB0 bits7-6=10); TMB resize 80x45 (bits5-4=11); GRAY (bit3=0),"WB AUTO (cmd[9] high nibble=0); metering spot (cmd[9] bits3-2=01); TMB jpg ratio 1 (cmd[9] bits1-0=00); shoot interval 0 s; shots 7 (cmd[6]=0x07); product=crop PNG (A1 cell CCDD); source image = AKS grp 03 shot 01; shoot cmd = 59 00 A0 A3 1E 03 07 B0 B5 04 00 (timer=cmd[4] min, grp=cmd[5], shots=cmd[6])",low,"original: 03_Operation Log/06_AFR CAM/AFR_03/AFR_03_01_CCDD_20241215.png | shoot event: 04_SATLOG/satlog_0-10日目.txt; 初期運用_20241210-1215.xlsx (20241211, 20241212) | command spec: 05_software/5_YMG_MISCAM_AKS_AFR_CMD_241004.xlsx (sheets B0, 撮影A3, 撮影B3, (付属))","AKS grp03 A3 shoot; SATLOG EXECUTED 2024-12-12 05:36:59 (uplinked pass 05:02 JST, timer 0x1E=30 min; the 2024-12-11 10:44 attempt was not received). File sits in AFR_03 folder as 'AFR_03_01_CCDD' but only an AKS A1 crop CCDD (grp03 shot01) exists on 2024-12-15 (SATLOG exec 05:58:29); 9971 B identical size to the AKS CCDD PNGs -> content is the AKS grp03 shot01 crop with packet loss. AFR grp03 shoots on 12/15 were NOT acknowledged. Mission label AFR is doubtful.",76b852024f7d2c9f113216147ba8e33620692d1413e627da26126ed1157058d2
YOMOGI,CAM,AFR,2024-12-12,2024-12-15,data/03_yomogi/images/cam/afr_20241212T0522_dedcd122a5.jpg,80,45,2211,34.59,8.57,low_contrast,2024-12-12T05:22:57+09:00,2024-12-12T05:25:57+09:00,satlog,auto,auto,auto,sensor 1920x1080 (cmd[7]=0xB0 bits7-6=10); TMB resize 80x45 (bits5-4=11); GRAY (bit3=0),"WB AUTO (cmd[9] high nibble=0); metering spot (cmd[9] bits3-2=01); TMB jpg ratio 1 (cmd[9] bits1-0=00); shoot interval 0 s; shots 7 (cmd[6]=0x07); product=thumbnail JPEG 80x45; source image = AFR grp 02 shot 01; shoot cmd = 59 00 A0 B3 11 02 07 B0 B5 04 00 (timer=cmd[4] min, grp=cmd[5], shots=cmd[6])",high,"original: 03_Operation Log/06_AFR CAM/AFR_02/AFR_01_02_20241215.jpg | shoot event: 04_SATLOG/satlog_0-10日目.txt; 初期運用_20241210-1215.xlsx (20241212, 20241214) | command spec: 05_software/5_YMG_MISCAM_AKS_AFR_CMD_241004.xlsx (sheets B0, 撮影A3, 撮影B3, (付属))","AFR grp02 B3 shoot; SATLOG EXECUTED 2024-12-12 05:22:57 (uplinked pass 05:02 JST, timer 0x11=17 min). Original name AFR_01_02_20241215.jpg (in AFR_02 folder); 2211 B matches the 36-packet AFR_02_01_TMB downlink of 12/14 -> grp02 shot01",dedcd122a5f409bc52dae5b4944c1d2b0d14923756210599bd8a885c63404e70
YOMOGI,CAM,AFR,2024-12-21,2024-12-22,data/03_yomogi/images/cam/afr_20241221T0845_42d6280f6d.jpg,80,45,2570,184.08,27.96,ok,2024-12-21T08:45:55+09:00,2024-12-21T08:58:16+09:00,pass+timer,default,default,default,"B0 cmd[7]=0x3F: grp 0, 7 shots, RGB, TMB 80x45 (sensor mode not selectable in B0)","B0 'Africa colour thumbnail' mode; WB/metering/jpg ratio not in command; product=thumbnail JPEG 80x45; source image = AFR grp 00 shot 02; shoot cmd = 59 00 A0 B0 00 00 00 00 00 00 3F (timer=cmd[4] min, grp=cmd[5], shots=cmd[6])",medium,"original: 03_Operation Log/06_AFR CAM/AFR_01/AFR_color_01_02_20241222.jpg | shoot event: 04_運用日報/old/初期運用/運用日報_20241216-1222.xlsx (2024-12-21, 2024-12-22); 運用日報_20241223~0131.xlsx (2024-12-25); GDNS_PLAN_051 送信CMD pass 60 | command spec: 05_software/5_YMG_MISCAM_AKS_AFR_CMD_241004.xlsx (sheets B0, 撮影A3, 撮影B3, (付属))","AFR grp00 B0 colour-thumbnail shoot (cmd[7]=0x3F: 7 shots RGB TMB 80x45), uplinked pass 2024-12-21 08:45:55-08:55:16 JST immediate, ACK ok; latest B0 before the 12/22-12/25 downlinks. Downlinked 2024-12-22 ('AFR_color_01' series = B0 grp00 colour thumbnails)",42d6280f6dcf840fd4f01643cc8779a8c06f261994dc5ca2abecf702342ebfd7
YOMOGI,CAM,AFR,2024-12-21,2024-12-22,data/03_yomogi/images/cam/afr_20241221T0845_5a14b6af2a.jpg,80,45,1440,127.15,67.23,ok,2024-12-21T08:45:55+09:00,2024-12-21T08:58:16+09:00,pass+timer,default,default,default,"B0 cmd[7]=0x3F: grp 0, 7 shots, RGB, TMB 80x45 (sensor mode not selectable in B0)","B0 'Africa colour thumbnail' mode; WB/metering/jpg ratio not in command; product=thumbnail JPEG 80x45; source image = AFR grp 00 shot 03; shoot cmd = 59 00 A0 B0 00 00 00 00 00 00 3F (timer=cmd[4] min, grp=cmd[5], shots=cmd[6])",medium,"original: 03_Operation Log/06_AFR CAM/AFR_00/AFR_00_03_TMB.jpg || 03_Operation Log/06_AFR CAM/AFR_01/AFR_color_01_03_20241222.jpg | shoot event: 04_運用日報/old/初期運用/運用日報_20241216-1222.xlsx (2024-12-21, 2024-12-22); 運用日報_20241223~0131.xlsx (2024-12-25); GDNS_PLAN_051 送信CMD pass 60 | command spec: 05_software/5_YMG_MISCAM_AKS_AFR_CMD_241004.xlsx (sheets B0, 撮影A3, 撮影B3, (付属))","AFR grp00 B0 colour-thumbnail shoot (cmd[7]=0x3F: 7 shots RGB TMB 80x45), uplinked pass 2024-12-21 08:45:55-08:55:16 JST immediate, ACK ok; latest B0 before the 12/22-12/25 downlinks. Downlinked 2024-12-22",5a14b6af2a6cdff226df67183b2d061e3f8e62370e348d0ce50dc6715bdc8f58
YOMOGI,CAM,AFR,2024-12-21,2024-12-25,data/03_yomogi/images/cam/afr_20241221T0845_138e040811.jpg,80,45,884,23.77,7.11,low_contrast,2024-12-21T08:45:55+09:00,2024-12-21T08:58:16+09:00,pass+timer,default,default,default,"B0 cmd[7]=0x3F: grp 0, 7 shots, RGB, TMB 80x45 (sensor mode not selectable in B0)","B0 'Africa colour thumbnail' mode; WB/metering/jpg ratio not in command; product=thumbnail JPEG 80x45; source image = AFR grp 00 shot 04; shoot cmd = 59 00 A0 B0 00 00 00 00 00 00 3F (timer=cmd[4] min, grp=cmd[5], shots=cmd[6])",medium,"original: 03_Operation Log/06_AFR CAM/AFR_00/AFR_00_04_TMB.jpg || 03_Operation Log/06_AFR CAM/AFR_01/AFR_color_01_04_20241225.jpg | shoot event: 04_運用日報/old/初期運用/運用日報_20241216-1222.xlsx (2024-12-21, 2024-12-22); 運用日報_20241223~0131.xlsx (2024-12-25); GDNS_PLAN_051 送信CMD pass 60 | command spec: 05_software/5_YMG_MISCAM_AKS_AFR_CMD_241004.xlsx (sheets B0, 撮影A3, 撮影B3, (付属))","AFR grp00 B0 colour-thumbnail shoot (cmd[7]=0x3F: 7 shots RGB TMB 80x45), uplinked pass 2024-12-21 08:45:55-08:55:16 JST immediate, ACK ok; latest B0 before the 12/22-12/25 downlinks. Downlinked 2024-12-25 (14 packets)",138e0408110718f3cc95d59328af8381003eed818e69f7719b47930d65489d9c
YOMOGI,CAM,AFR,2024-12-21,2024-12-25,data/03_yomogi/images/cam/afr_20241221T0845_7c3506ff56.jpg,80,45,928,40.04,11.47,ok,2024-12-21T08:45:55+09:00,2024-12-21T08:58:16+09:00,pass+timer,default,default,default,"B0 cmd[7]=0x3F: grp 0, 7 shots, RGB, TMB 80x45 (sensor mode not selectable in B0)","B0 'Africa colour thumbnail' mode; WB/metering/jpg ratio not in command; product=thumbnail JPEG 80x45; source image = AFR grp 00 shot 05; shoot cmd = 59 00 A0 B0 00 00 00 00 00 00 3F (timer=cmd[4] min, grp=cmd[5], shots=cmd[6])",medium,"original: 03_Operation Log/06_AFR CAM/AFR_00/AFR_00_05_TMB.jpg || 03_Operation Log/06_AFR CAM/AFR_01/AFR_color_01_05_20241225.jpg | shoot event: 04_運用日報/old/初期運用/運用日報_20241216-1222.xlsx (2024-12-21, 2024-12-22); 運用日報_20241223~0131.xlsx (2024-12-25); GDNS_PLAN_051 送信CMD pass 60 | command spec: 05_software/5_YMG_MISCAM_AKS_AFR_CMD_241004.xlsx (sheets B0, 撮影A3, 撮影B3, (付属))","AFR grp00 B0 colour-thumbnail shoot (cmd[7]=0x3F: 7 shots RGB TMB 80x45), uplinked pass 2024-12-21 08:45:55-08:55:16 JST immediate, ACK ok; latest B0 before the 12/22-12/25 downlinks. Downlinked 2024-12-25 (15 packets)",7c3506ff563a97f30ed4255c540ac9cc7e182c5e889ccc754f7589de659b73ed
YOMOGI,CAM,AFR,2024-12-27,2024-12-28,data/03_yomogi/images/cam/afr_20241227T1142_2b4e73cada.jpg,320,180,5211,237.18,16.75,ok,2024-12-27T11:42:22+09:00,2024-12-27T11:56:03+09:00,pass+timer,default,default,default,"B0 cmd[7]=0x3E: grp 0, 7 shots, RGB, TMB 320x180","B0 mode; WB/metering/jpg ratio not in command; product=thumbnail JPEG 320x180; source image = AFR grp 00 shot 07; shoot cmd = 59 00 A0 B0 C7 00 00 00 00 00 3E (timer=cmd[4] min, grp=cmd[5], shots=cmd[6])",medium,"original: 03_Operation Log/06_AFR CAM/AFR_00/AFR_00_07_1230_TMB.jpg || 03_Operation Log/06_AFR CAM/AFR_02/AFR_color_02_07_20241228.jpg | shoot event: 運用日報_20241223~0131.xlsx (2024-12-26, 2024-12-27, 2024-12-28, 2024-12-29); GDNS_PLAN_051 送信CMD passes 71-72 | command spec: 05_software/5_YMG_MISCAM_AKS_AFR_CMD_241004.xlsx (sheets B0, 撮影A3, 撮影B3, (付属))","AFR grp00 B0 shoot (cmd[7]=0x3E: 7 shots RGB TMB 320x180), uplinked pass 2024-12-27 08:23:22-08:34:03 JST, timer 0xC7=199 min, ACK/data ok; overwrote the 2024-12-26 10:51 shoot (same params). Downlinked 2024-12-28 07:30 pass (85 packets)",2b4e73cada045ddab19763e63943cc31eafc6febea50cd7a45af27ad3bc091d7
YOMOGI,CAM,AFR,2024-12-27,2024-12-28,data/03_yomogi/images/cam/afr_20241227T1142_3ba84ebd37.jpg,320,180,4637,159.07,15.93,ok,2024-12-27T11:42:22+09:00,2024-12-27T11:56:03+09:00,pass+timer,default,default,default,"B0 cmd[7]=0x3E: grp 0, 7 shots, RGB, TMB 320x180","B0 mode; WB/metering/jpg ratio not in command; product=thumbnail JPEG 320x180; source image = AFR grp 00 shot 02; shoot cmd = 59 00 A0 B0 C7 00 00 00 00 00 3E (timer=cmd[4] min, grp=cmd[5], shots=cmd[6])",medium,"original: 03_Operation Log/06_AFR CAM/AFR_00/AFR_00_02_1230_TMB.jpg || 03_Operation Log/06_AFR CAM/AFR_02/AFR_color_02_02_20241228.jpg | shoot event: 運用日報_20241223~0131.xlsx (2024-12-26, 2024-12-27, 2024-12-28, 2024-12-29); GDNS_PLAN_051 送信CMD passes 71-72 | command spec: 05_software/5_YMG_MISCAM_AKS_AFR_CMD_241004.xlsx (sheets B0, 撮影A3, 撮影B3, (付属))","AFR grp00 B0 shoot (cmd[7]=0x3E: 7 shots RGB TMB 320x180), uplinked pass 2024-12-27 08:23:22-08:34:03 JST, timer 0xC7=199 min, ACK/data ok; overwrote the 2024-12-26 10:51 shoot (same params). Downlinked 2024-12-28",3ba84ebd379c85c6417e507821c970adebe0c7d3a0285b3012748ad750e8c658
YOMOGI,CAM,AFR,2024-12-27,2024-12-28,data/03_yomogi/images/cam/afr_20241227T1142_6554800025.jpg,320,180,3231,39.72,23.49,ok,2024-12-27T11:42:22+09:00,2024-12-27T11:56:03+09:00,pass+timer,default,default,default,"B0 cmd[7]=0x3E: grp 0, 7 shots, RGB, TMB 320x180","B0 mode; WB/metering/jpg ratio not in command; product=thumbnail JPEG 320x180; source image = AFR grp 00 shot 03; shoot cmd = 59 00 A0 B0 C7 00 00 00 00 00 3E (timer=cmd[4] min, grp=cmd[5], shots=cmd[6])",medium,"original: 03_Operation Log/06_AFR CAM/AFR_00/AFR_00_03_1230_TMB.jpg || 03_Operation Log/06_AFR CAM/AFR_02/AFR_color_02_03_20241228.jpg | shoot event: 運用日報_20241223~0131.xlsx (2024-12-26, 2024-12-27, 2024-12-28, 2024-12-29); GDNS_PLAN_051 送信CMD passes 71-72 | command spec: 05_software/5_YMG_MISCAM_AKS_AFR_CMD_241004.xlsx (sheets B0, 撮影A3, 撮影B3, (付属))","AFR grp00 B0 shoot (cmd[7]=0x3E: 7 shots RGB TMB 320x180), uplinked pass 2024-12-27 08:23:22-08:34:03 JST, timer 0xC7=199 min, ACK/data ok; overwrote the 2024-12-26 10:51 shoot (same params). Downlinked 2024-12-28",65548000256a6a85013afe8f8fe686a58512927938e455b11f17ce32177384a2
YOMOGI,CAM,AFR,2024-12-27,2024-12-29,data/03_yomogi/images/cam/afr_20241227T1142_54e751eda0.jpg,320,180,3474,161.60,13.87,ok,2024-12-27T11:42:22+09:00,2024-12-27T11:56:03+09:00,pass+timer,default,default,default,"B0 cmd[7]=0x3E: grp 0, 7 shots, RGB, TMB 320x180","B0 mode; WB/metering/jpg ratio not in command; product=thumbnail JPEG 320x180; source image = AFR grp 00 shot 05; shoot cmd = 59 00 A0 B0 C7 00 00 00 00 00 3E (timer=cmd[4] min, grp=cmd[5], shots=cmd[6])",medium,"original: 03_Operation Log/06_AFR CAM/AFR_00/AFR_00_05_1230_TMB.jpg || 03_Operation Log/06_AFR CAM/AFR_02/AFR_color_02_05_20241229.jpg || 03_Operation Log/06_AFR CAM/AFR_02/AFR_color_02_05_20241229 - コピー.jpg | shoot event: 運用日報_20241223~0131.xlsx (2024-12-26, 2024-12-27, 2024-12-28, 2024-12-29); GDNS_PLAN_051 送信CMD passes 71-72 | command spec: 05_software/5_YMG_MISCAM_AKS_AFR_CMD_241004.xlsx (sheets B0, 撮影A3, 撮影B3, (付属))","AFR grp00 B0 shoot (cmd[7]=0x3E: 7 shots RGB TMB 320x180), uplinked pass 2024-12-27 08:23:22-08:34:03 JST, timer 0xC7=199 min, ACK/data ok; overwrote the 2024-12-26 10:51 shoot (same params). Downlinked 2024-12-29",54e751eda0cedf2ac04e0d0b7957c194b18694f8450fd44730a650224a16e29e
YOMOGI,CAM,AFR,2024-12-27,2024-12-29,data/03_yomogi/images/cam/afr_20241227T1142_ac30468175.jpg,320,180,3236,151.58,75.32,ok,2024-12-27T11:42:22+09:00,2024-12-27T11:56:03+09:00,pass+timer,default,default,default,"B0 cmd[7]=0x3E: grp 0, 7 shots, RGB, TMB 320x180","B0 mode; WB/metering/jpg ratio not in command; product=thumbnail JPEG 320x180; source image = AFR grp 00 shot 06; shoot cmd = 59 00 A0 B0 C7 00 00 00 00 00 3E (timer=cmd[4] min, grp=cmd[5], shots=cmd[6])",medium,"original: 03_Operation Log/06_AFR CAM/AFR_00/AFR_00_06_1230_TMB.jpg || 03_Operation Log/06_AFR CAM/AFR_02/AFR_color_02_06_20241229.jpg | shoot event: 運用日報_20241223~0131.xlsx (2024-12-26, 2024-12-27, 2024-12-28, 2024-12-29); GDNS_PLAN_051 送信CMD passes 71-72 | command spec: 05_software/5_YMG_MISCAM_AKS_AFR_CMD_241004.xlsx (sheets B0, 撮影A3, 撮影B3, (付属))","AFR grp00 B0 shoot (cmd[7]=0x3E: 7 shots RGB TMB 320x180), uplinked pass 2024-12-27 08:23:22-08:34:03 JST, timer 0xC7=199 min, ACK/data ok; overwrote the 2024-12-26 10:51 shoot (same params). Downlinked 2024-12-29",ac304681754d9314e3d5329c271caa74f46f7c0c9991fb8fcbf427f3b7210def
YOMOGI,CAM,AFR,2024-12-27,2024-12-29,data/03_yomogi/images/cam/afr_20241227T1142_ff3ef4ffc4.jpg,320,180,3372,29.48,10.42,ok,2024-12-27T11:42:22+09:00,2024-12-27T11:56:03+09:00,pass+timer,default,default,default,"B0 cmd[7]=0x3E: grp 0, 7 shots, RGB, TMB 320x180","B0 mode; WB/metering/jpg ratio not in command; product=thumbnail JPEG 320x180; source image = AFR grp 00 shot 04; shoot cmd = 59 00 A0 B0 C7 00 00 00 00 00 3E (timer=cmd[4] min, grp=cmd[5], shots=cmd[6])",medium,"original: 03_Operation Log/06_AFR CAM/AFR_00/AFR_00_04_1230_TMB.jpg || 03_Operation Log/06_AFR CAM/AFR_02/AFR_color_02_04_20241229.jpg | shoot event: 運用日報_20241223~0131.xlsx (2024-12-26, 2024-12-27, 2024-12-28, 2024-12-29); GDNS_PLAN_051 送信CMD passes 71-72 | command spec: 05_software/5_YMG_MISCAM_AKS_AFR_CMD_241004.xlsx (sheets B0, 撮影A3, 撮影B3, (付属))","AFR grp00 B0 shoot (cmd[7]=0x3E: 7 shots RGB TMB 320x180), uplinked pass 2024-12-27 08:23:22-08:34:03 JST, timer 0xC7=199 min, ACK/data ok; overwrote the 2024-12-26 10:51 shoot (same params). Downlinked 2024-12-29",ff3ef4ffc4ce93b2a51cc08577580202644b9c8094ea96b9a7b46404a7c868a5
YOMOGI,CAM,AFR,2025-01-06,2025-01-06,data/03_yomogi/images/cam/afr_20250106T2002_92a9482736.jpg,80,45,2111,106.68,21.02,ok,2025-01-06T20:02:38+09:00,2025-01-06T20:13:54+09:00,pass+timer,auto,auto,auto,sensor 640x480 (cmd[7]=0xF8 bits7-6=11); TMB resize 80x45 (11); RGB (bit3=1),"WB AUTO (cmd[9] high nibble=0); metering spot (cmd[9] bits3-2=01); TMB jpg ratio 1 (cmd[9] bits1-0=00); shoot interval 0 s; shots 7 (cmd[6]=0x07); product=thumbnail JPEG 80x45; source image = AFR grp 06 shot 04; shoot cmd = 59 00 A0 B3 2D 06 07 F8 B5 04 00 (timer=cmd[4] min, grp=cmd[5], shots=cmd[6])",medium,"original: 03_Operation Log/06_AFR CAM/AFR_06/AFR_06_04_20250106.jpg | shoot event: 運用日報_20241223~0131.xlsx (2025-01-06); GDNS_PLAN_051 送信CMD pass 86 | command spec: 05_software/5_YMG_MISCAM_AKS_AFR_CMD_241004.xlsx (sheets B0, 撮影A3, 撮影B3, (付属))","AFR grp06 B3 shoot, uplinked pass 2025-01-06 19:17:38-19:25:54 JST, timer 0x2D=45 min, ACK ok; thumbnail downlinked in the 20:52 pass. Downlinked 2025-01-06 20:52 pass ('AFR_06_04サムネ', 34 packets)",92a9482736835ee237311db487cfbb3804afae01705d1c5dd0f561a667200fcf
YOMOGI,CAM,AFR,2025-01-09,2025-01-10,data/03_yomogi/images/cam/afr_20250109T2205_94b8518c99.jpg,80,45,2111,155.73,53.14,ok,2025-01-09T22:05:34+09:00,2025-01-09T22:16:54+09:00,pass+timer,auto,auto,auto,sensor 640x480 (cmd[7]=0xF8 bits7-6=11); TMB resize 80x45 (11); RGB (bit3=1),"WB AUTO (cmd[9] high nibble=0); metering spot (cmd[9] bits3-2=01); TMB jpg ratio 1 (cmd[9] bits1-0=00); shoot interval 0 s; shots 7 (cmd[6]=0x07); product=thumbnail JPEG 80x45; source image = AFR grp 0A shot 01; shoot cmd = 59 00 A0 B3 2D 0A 07 F8 B5 04 00 (timer=cmd[4] min, grp=cmd[5], shots=cmd[6])",low,"original: 03_Operation Log/06_AFR CAM/AFR_04/AFR_04_01_20250110.jpg || 03_Operation Log/06_AFR CAM/AFR_03/AFR_03_01_20240111.jpg | shoot event: GDNS_PLAN_051 送信CMD pass 95; 運用日報_20241223~0131.xlsx (2025-01-08, 2025-01-09, 2024-01-10 [sic]) | command spec: 05_software/5_YMG_MISCAM_AKS_AFR_CMD_241004.xlsx (sheets B0, 撮影A3, 撮影B3, (付属))","AFR grp0A B3 shoot (South America) planned in pass 2025-01-09 21:20:34-21:28:54 JST, timer 45 min; not recorded in 運用日報, but AFR TMB shot-1 packet count changed between 1/9 (0x27) and 1/10 (0x22) downlinks, implying a new shoot. Alternative: grp08 shoot 2025-01-08 21:23-21:34 JST (ACK ok). Also stored as AFR_03/AFR_03_01_20240111.jpg; downlinked 2025-01-10 17:14 pass ('AFRサムネ' 34 packets). Group id uncertain (04 in filename, no grp04 shoot exists)",94b8518c99920de0b748083441fb52f1bf61f5ad187b1be5192a84ca7c8ea5b7
YOMOGI,CAM,AFR,2025-01-18,2025-01-21,data/03_yomogi/images/cam/afr_20250118T2041_799e01da9a.jpg,80,45,3398,196.88,26.03,ok,2025-01-18T20:41:46+09:00,2025-01-18T20:46:08+09:00,satlog,auto,auto,auto,sensor 1280x720 (cmd[7]=0x78 bits7-6=01); TMB resize 80x45 (11); RGB (bit3=1),"WB AUTO (cmd[9] high nibble=0); metering spot (cmd[9] bits3-2=01); TMB jpg ratio 1 (cmd[9] bits1-0=00); shoot interval 0 s; shots 7 (cmd[6]=0x07); product=thumbnail JPEG 80x45; source image = AFR grp 0D shot 07; shoot cmd = 59 00 A0 B3 4B 0D 07 78 B5 04 00 (timer=cmd[4] min, grp=cmd[5], shots=cmd[6])",high,"original: 03_Operation Log/06_AFR CAM/AFR_07/AFR_07_07_20250121.jpg || 03_Operation Log/06_AFR CAM/AFR_0F/AFR_0D_07.jpg || 03_Operation Log/06_AFR CAM/AFR_0D/AFR_0D_07.jpg | shoot event: 04_SATLOG/SATLOG_LN5.txt; 運用日報_20241223~0131.xlsx (2025-01-18, 2025-01-21) | command spec: 05_software/5_YMG_MISCAM_AKS_AFR_CMD_241004.xlsx (sheets B0, 撮影A3, 撮影B3, (付属))","AFR grp0D B3 shoot (Middle East); SATLOG EXECUTED 20:41:46 and 20:43:08 (received twice); uplinked pass 19:20 JST, timer 0x4B=75 min. Identical bytes to AFR_0D/AFR_0D_07.jpg; 'AFR_07' label is wrong (grp07 shoots were never acknowledged); downlinked 2025-01-21",799e01da9ad10b2d6e2ce5c28c954d30f7f84fde98441f1a3148427c958aaf39
YOMOGI,CAM,AFR,2025-01-22,2025-01-23,data/03_yomogi/images/cam/afr_20250122T1518_59cb11f391.jpg,80,45,1713,14.72,6.22,dark,2025-01-22T15:18:13+09:00,2025-01-22T15:21:13+09:00,satlog,auto,auto,auto,sensor 1280x720 (cmd[7]=0x78 bits7-6=01); TMB resize 80x45 (11); RGB (bit3=1),"WB AUTO (cmd[9] high nibble=0); metering spot (cmd[9] bits3-2=01); TMB jpg ratio 1 (cmd[9] bits1-0=00); shoot interval 0 s; shots 7 (cmd[6]=0x07); product=thumbnail JPEG 80x45; source image = AFR grp 0E shot 05; shoot cmd = 59 00 A0 B3 53 0E 07 78 B5 04 00 (timer=cmd[4] min, grp=cmd[5], shots=cmd[6])",high,"original: 03_Operation Log/06_AFR CAM/AFR_0E/AFR_0E_05_20250123.jpg | shoot event: 04_SATLOG/SATLOG_LN5.txt, 103_SATLOG_解析シート_20250123.xlsm; 運用日報_20241223~0131.xlsx (2025-01-22, 2025-01-23) | command spec: 05_software/5_YMG_MISCAM_AKS_AFR_CMD_241004.xlsx (sheets B0, 撮影A3, 撮影B3, (付属))","AFR grp0E B3 shoot (SE Asia); SATLOG EXECUTED 2025-01-22 15:18:13; uplinked pass 13:48 JST, timer 0x53=83 min. Downlinked 2025-01-22/23",59cb11f391489481f60ff7a4141be86fb12b337c6224c2c818f8bb2a323c232a
YOMOGI,CAM,AFR,2025-01-22,2025-01-23,data/03_yomogi/images/cam/afr_20250122T1518_8e6d33588e.jpg,80,45,2030,68.90,43.57,ok,2025-01-22T15:18:13+09:00,2025-01-22T15:21:13+09:00,satlog,auto,auto,auto,sensor 1280x720 (cmd[7]=0x78 bits7-6=01); TMB resize 80x45 (11); RGB (bit3=1),"WB AUTO (cmd[9] high nibble=0); metering spot (cmd[9] bits3-2=01); TMB jpg ratio 1 (cmd[9] bits1-0=00); shoot interval 0 s; shots 7 (cmd[6]=0x07); product=thumbnail JPEG 80x45; source image = AFR grp 0E shot 06; shoot cmd = 59 00 A0 B3 53 0E 07 78 B5 04 00 (timer=cmd[4] min, grp=cmd[5], shots=cmd[6])",high,"original: 03_Operation Log/06_AFR CAM/AFR_0E/AFR_0E_06_20250123.jpg | shoot event: 04_SATLOG/SATLOG_LN5.txt, 103_SATLOG_解析シート_20250123.xlsm; 運用日報_20241223~0131.xlsx (2025-01-22, 2025-01-23) | command spec: 05_software/5_YMG_MISCAM_AKS_AFR_CMD_241004.xlsx (sheets B0, 撮影A3, 撮影B3, (付属))","AFR grp0E B3 shoot (SE Asia); SATLOG EXECUTED 2025-01-22 15:18:13; uplinked pass 13:48 JST, timer 0x53=83 min. Downlinked 2025-01-22/23",8e6d33588e9d477b8a0efdd05405149c32132716e56646c683a756d7176f6d91
YOMOGI,CAM,AFR,2025-01-22,2025-01-23,data/03_yomogi/images/cam/afr_20250122T1518_92411af683.jpg,80,45,1694,15.13,10.26,dark,2025-01-22T15:18:13+09:00,2025-01-22T15:21:13+09:00,satlog,auto,auto,auto,sensor 1280x720 (cmd[7]=0x78 bits7-6=01); TMB resize 80x45 (11); RGB (bit3=1),"WB AUTO (cmd[9] high nibble=0); metering spot (cmd[9] bits3-2=01); TMB jpg ratio 1 (cmd[9] bits1-0=00); shoot interval 0 s; shots 7 (cmd[6]=0x07); product=thumbnail JPEG 80x45; source image = AFR grp 0E shot 04; shoot cmd = 59 00 A0 B3 53 0E 07 78 B5 04 00 (timer=cmd[4] min, grp=cmd[5], shots=cmd[6])",high,"original: 03_Operation Log/06_AFR CAM/AFR_0E/AFR_0E_04_20250123.jpg | shoot event: 04_SATLOG/SATLOG_LN5.txt, 103_SATLOG_解析シート_20250123.xlsm; 運用日報_20241223~0131.xlsx (2025-01-22, 2025-01-23) | command spec: 05_software/5_YMG_MISCAM_AKS_AFR_CMD_241004.xlsx (sheets B0, 撮影A3, 撮影B3, (付属))","AFR grp0E B3 shoot (SE Asia); SATLOG EXECUTED 2025-01-22 15:18:13; uplinked pass 13:48 JST, timer 0x53=83 min. Downlinked 2025-01-22/23",92411af68321ed98d43d4c986821f9a092452b5ac2f5a45e0d02e32bac89dff9
YOMOGI,CAM,AFR,2025-01-22,2025-01-23,data/03_yomogi/images/cam/afr_20250122T1518_b0d1ac72c2.jpg,80,45,2011,57.28,27.72,ok,2025-01-22T15:18:13+09:00,2025-01-22T15:21:13+09:00,satlog,auto,auto,auto,sensor 1280x720 (cmd[7]=0x78 bits7-6=01); TMB resize 80x45 (11); RGB (bit3=1),"WB AUTO (cmd[9] high nibble=0); metering spot (cmd[9] bits3-2=01); TMB jpg ratio 1 (cmd[9] bits1-0=00); shoot interval 0 s; shots 7 (cmd[6]=0x07); product=thumbnail JPEG 80x45; source image = AFR grp 0E shot 03; shoot cmd = 59 00 A0 B3 53 0E 07 78 B5 04 00 (timer=cmd[4] min, grp=cmd[5], shots=cmd[6])",high,"original: 03_Operation Log/06_AFR CAM/AFR_0E/AFR_0E_03_20250123.jpg | shoot event: 04_SATLOG/SATLOG_LN5.txt, 103_SATLOG_解析シート_20250123.xlsm; 運用日報_20241223~0131.xlsx (2025-01-22, 2025-01-23) | command spec: 05_software/5_YMG_MISCAM_AKS_AFR_CMD_241004.xlsx (sheets B0, 撮影A3, 撮影B3, (付属))","AFR grp0E B3 shoot (SE Asia); SATLOG EXECUTED 2025-01-22 15:18:13; uplinked pass 13:48 JST, timer 0x53=83 min. Downlinked 2025-01-22/23",b0d1ac72c2d54e32a595305b0525c1ebd341f4f398a925d51dc4bb652da6e1fc
YOMOGI,CAM,AFR,2025-01-22,2025-01-23,data/03_yomogi/images/cam/afr_20250122T1518_c829b6ce06.jpg,80,45,2420,153.06,16.10,ok,2025-01-22T15:18:13+09:00,2025-01-22T15:21:13+09:00,satlog,auto,auto,auto,sensor 1280x720 (cmd[7]=0x78 bits7-6=01); TMB resize 80x45 (11); RGB (bit3=1),"WB AUTO (cmd[9] high nibble=0); metering spot (cmd[9] bits3-2=01); TMB jpg ratio 1 (cmd[9] bits1-0=00); shoot interval 0 s; shots 7 (cmd[6]=0x07); product=thumbnail JPEG 80x45; source image = AFR grp 0E shot 01; shoot cmd = 59 00 A0 B3 53 0E 07 78 B5 04 00 (timer=cmd[4] min, grp=cmd[5], shots=cmd[6])",high,"original: 03_Operation Log/06_AFR CAM/AFR_0E/AFR_0E_01_20250123.jpg | shoot event: 04_SATLOG/SATLOG_LN5.txt, 103_SATLOG_解析シート_20250123.xlsm; 運用日報_20241223~0131.xlsx (2025-01-22, 2025-01-23) | command spec: 05_software/5_YMG_MISCAM_AKS_AFR_CMD_241004.xlsx (sheets B0, 撮影A3, 撮影B3, (付属))","AFR grp0E B3 shoot (SE Asia); SATLOG EXECUTED 2025-01-22 15:18:13; uplinked pass 13:48 JST, timer 0x53=83 min. Downlinked 2025-01-22/23",c829b6ce06c4f884f8a42b6cbccb26fb9599ed01b2978d7eed5c153d4b0a193a
YOMOGI,CAM,AFR,2025-01-22,2025-01-23,data/03_yomogi/images/cam/afr_20250122T1518_d5e89cb560.jpg,80,45,1067,215.49,49.14,ok,2025-01-22T15:18:13+09:00,2025-01-22T15:21:13+09:00,satlog,auto,auto,auto,sensor 1280x720 (cmd[7]=0x78 bits7-6=01); TMB resize 80x45 (11); RGB (bit3=1),"WB AUTO (cmd[9] high nibble=0); metering spot (cmd[9] bits3-2=01); TMB jpg ratio 1 (cmd[9] bits1-0=00); shoot interval 0 s; shots 7 (cmd[6]=0x07); product=thumbnail JPEG 80x45; source image = AFR grp 0E shot 07; shoot cmd = 59 00 A0 B3 53 0E 07 78 B5 04 00 (timer=cmd[4] min, grp=cmd[5], shots=cmd[6])",high,"original: 03_Operation Log/06_AFR CAM/AFR_0E/AFR_0E_07_20250123.jpg | shoot event: 04_SATLOG/SATLOG_LN5.txt, 103_SATLOG_解析シート_20250123.xlsm; 運用日報_20241223~0131.xlsx (2025-01-22, 2025-01-23) | command spec: 05_software/5_YMG_MISCAM_AKS_AFR_CMD_241004.xlsx (sheets B0, 撮影A3, 撮影B3, (付属))","AFR grp0E B3 shoot (SE Asia); SATLOG EXECUTED 2025-01-22 15:18:13; uplinked pass 13:48 JST, timer 0x53=83 min. Downlinked 2025-01-22/23",d5e89cb5609364c020d64212d93d108eca613a070dff84b91155cefc32a3c9ec
YOMOGI,CAM,AFR,2025-01-22,2025-01-23,data/03_yomogi/images/cam/afr_20250122T1518_e8d455e007.jpg,80,45,2605,134.98,23.46,ok,2025-01-22T15:18:13+09:00,2025-01-22T15:21:13+09:00,satlog,auto,auto,auto,sensor 1280x720 (cmd[7]=0x78 bits7-6=01); TMB resize 80x45 (11); RGB (bit3=1),"WB AUTO (cmd[9] high nibble=0); metering spot (cmd[9] bits3-2=01); TMB jpg ratio 1 (cmd[9] bits1-0=00); shoot interval 0 s; shots 7 (cmd[6]=0x07); product=thumbnail JPEG 80x45; source image = AFR grp 0E shot 02; shoot cmd = 59 00 A0 B3 53 0E 07 78 B5 04 00 (timer=cmd[4] min, grp=cmd[5], shots=cmd[6])",high,"original: 03_Operation Log/06_AFR CAM/AFR_0E/AFR_0E_02_20250123.jpg | shoot event: 04_SATLOG/SATLOG_LN5.txt, 103_SATLOG_解析シート_20250123.xlsm; 運用日報_20241223~0131.xlsx (2025-01-22, 2025-01-23) | command spec: 05_software/5_YMG_MISCAM_AKS_AFR_CMD_241004.xlsx (sheets B0, 撮影A3, 撮影B3, (付属))","AFR grp0E B3 shoot (SE Asia); SATLOG EXECUTED 2025-01-22 15:18:13; uplinked pass 13:48 JST, timer 0x53=83 min. Downlinked 2025-01-22/23",e8d455e007ffc56373cb03679ef3eef45f934df2e154ae2fe05ad823fb381853
YOMOGI,CAM,AFR,2025-01-25,2025-01-25,data/03_yomogi/images/cam/afr_20250125T1858_b6885aae60.jpg,80,45,749,0.06,0.24,dark,2025-01-25T18:58:44+09:00,2025-01-25T19:01:44+09:00,satlog,default,default,default,"B0 cmd[7]=0x3F: grp 0, 7 shots, RGB, TMB 80x45 (sensor mode not selectable in B0)","B0 'Africa colour thumbnail' mode; WB/metering/jpg ratio not in command; product=thumbnail JPEG 80x45; source image = AFR grp 00 shot 03; shoot cmd = 59 00 A0 B0 00 00 00 00 00 00 3F (timer=cmd[4] min, grp=cmd[5], shots=cmd[6])",high,"original: 03_Operation Log/06_AFR CAM/AFR_1F/AFR_1F_03_20250125.jpg || 03_Operation Log/06_AFR CAM/AFR_03/AFR_03_01_20250125.jpg | shoot event: 04_SATLOG/SATLOG_LN6.txt; 運用日報_20241223~0131.xlsx (2025-01-25); GDNS_PLAN_051 送信CMD passes 169-170 | command spec: 05_software/5_YMG_MISCAM_AKS_AFR_CMD_241004.xlsx (sheets B0, 撮影A3, 撮影B3, (付属))","AFR grp00 B0 shoot (0x3F: 7 shots RGB TMB 80x45) immediate; SATLOG RECEIVED 18:57:24, EXECUTED 18:58:44; thumbnails 3-5 downlinked in the 20:31 pass (dusk over Japan -> dark frames). AFR_1F_03 (also copied as AFR_03_01_20250125.jpg); downlinked 2025-01-25 20:31 pass (12 packets); dark frame",b6885aae606dd04951ecca28222d621025dd9afaf9c1c64695b73ca50d9138d3
YOMOGI,CAM,AFR,2025-01-25,2025-01-25,data/03_yomogi/images/cam/afr_20250125T1858_c158a98736.jpg,80,45,1115,12.91,44.58,dark,2025-01-25T18:58:44+09:00,2025-01-25T19:01:44+09:00,satlog,default,default,default,"B0 cmd[7]=0x3F: grp 0, 7 shots, RGB, TMB 80x45 (sensor mode not selectable in B0)","B0 'Africa colour thumbnail' mode; WB/metering/jpg ratio not in command; product=thumbnail JPEG 80x45; source image = AFR grp 00 shot 04; shoot cmd = 59 00 A0 B0 00 00 00 00 00 00 3F (timer=cmd[4] min, grp=cmd[5], shots=cmd[6])",high,"original: 03_Operation Log/06_AFR CAM/AFR_00/AFR_04_01_20250125.jpg || 03_Operation Log/06_AFR CAM/AFR_1F/AFR_1F_04_20250125.jpg | shoot event: 04_SATLOG/SATLOG_LN6.txt; 運用日報_20241223~0131.xlsx (2025-01-25); GDNS_PLAN_051 送信CMD passes 169-170 | command spec: 05_software/5_YMG_MISCAM_AKS_AFR_CMD_241004.xlsx (sheets B0, 撮影A3, 撮影B3, (付属))","AFR grp00 B0 shoot (0x3F: 7 shots RGB TMB 80x45) immediate; SATLOG RECEIVED 18:57:24, EXECUTED 18:58:44; thumbnails 3-5 downlinked in the 20:31 pass (dusk over Japan -> dark frames). AFR_1F_04 (also AFR_00/AFR_04_01_20250125.jpg); 18 packets; dark",c158a987366dd9addb83d82b6ae55cbfb4ffd84225dee66c71c4f6f3730f9ad2
YOMOGI,CAM,AFR,2025-01-25,2025-01-25,data/03_yomogi/images/cam/afr_20250125T1858_fd3e2b684c.jpg,80,45,747,0.00,0.00,dark,2025-01-25T18:58:44+09:00,2025-01-25T19:01:44+09:00,satlog,default,default,default,"B0 cmd[7]=0x3F: grp 0, 7 shots, RGB, TMB 80x45 (sensor mode not selectable in B0)","B0 'Africa colour thumbnail' mode; WB/metering/jpg ratio not in command; product=thumbnail JPEG 80x45; source image = AFR grp 00 shot 05; shoot cmd = 59 00 A0 B0 00 00 00 00 00 00 3F (timer=cmd[4] min, grp=cmd[5], shots=cmd[6])",high,"original: 03_Operation Log/06_AFR CAM/AFR_1F/AFR_1F_05_20250125.jpg || 03_Operation Log/06_AFR CAM/AFR_05/AFR_05_01_20250125.jpg | shoot event: 04_SATLOG/SATLOG_LN6.txt; 運用日報_20241223~0131.xlsx (2025-01-25); GDNS_PLAN_051 送信CMD passes 169-170 | command spec: 05_software/5_YMG_MISCAM_AKS_AFR_CMD_241004.xlsx (sheets B0, 撮影A3, 撮影B3, (付属))","AFR grp00 B0 shoot (0x3F: 7 shots RGB TMB 80x45) immediate; SATLOG RECEIVED 18:57:24, EXECUTED 18:58:44; thumbnails 3-5 downlinked in the 20:31 pass (dusk over Japan -> dark frames). AFR_1F_05 (also AFR_05_01_20250125.jpg); 12 packets; dark",fd3e2b684c26851aa4e338815ecbc975939447c305ed81c977e8b80103691314
YOMOGI,CAM,AFR,2025-01-26,2025-01-27,data/03_yomogi/images/cam/afr_20250126T1441_17dc62e91c.jpg,80,45,987,141.97,15.88,ok,2025-01-26T14:41:36+09:00,2025-01-26T14:52:45+09:00,pass+timer,default,default,default,"B0 cmd[7]=0x3F: grp 0, 7 shots, RGB, TMB 80x45 (sensor mode not selectable in B0)","B0 'Africa colour thumbnail' mode; WB/metering/jpg ratio not in command; product=thumbnail JPEG 80x45; source image = AFR grp 00 (operator series 'AFR_11') shot 02; shoot cmd = 59 00 A0 B0 00 00 00 00 00 00 3F (timer=cmd[4] min, grp=cmd[5], shots=cmd[6])",medium,"original: 03_Operation Log/06_AFR CAM/AFR_11/AFR_11_02_20250127.jpg | shoot event: 運用日報_20241223~0131.xlsx (2025-01-25, 2025-01-26, 2025-01-27); GDNS_PLAN_051 送信CMD passes 173-179 | command spec: 05_software/5_YMG_MISCAM_AKS_AFR_CMD_241004.xlsx (sheets B0, 撮影A3, 撮影B3, (付属))","AFR grp00 B0 shoot (0x3F) immediate, uplinked pass 2025-01-26 14:41:36-14:49:45 JST ('AFRカラーサムネ_01'); 運用日報 marks ACK x, but AFR TMB packet counts changed vs the 1/25 shoot, so it executed. Operators labelled this series AFR_11. 'AFR_11' series; downlinked 2025-01-26/27",17dc62e91cbad59af181cc5ee9bb730d5ae6cb5c15761e0f84853a4141b55323
YOMOGI,CAM,AFR,2025-01-26,2025-01-27,data/03_yomogi/images/cam/afr_20250126T1441_27f4348e31.jpg,80,45,1399,203.16,72.39,ok,2025-01-26T14:41:36+09:00,2025-01-26T14:52:45+09:00,pass+timer,default,default,default,"B0 cmd[7]=0x3F: grp 0, 7 shots, RGB, TMB 80x45 (sensor mode not selectable in B0)","B0 'Africa colour thumbnail' mode; WB/metering/jpg ratio not in command; product=thumbnail JPEG 80x45; source image = AFR grp 00 (operator series 'AFR_11') shot 04; shoot cmd = 59 00 A0 B0 00 00 00 00 00 00 3F (timer=cmd[4] min, grp=cmd[5], shots=cmd[6])",medium,"original: 03_Operation Log/06_AFR CAM/AFR_11/AFR_11_04_20250127.jpg | shoot event: 運用日報_20241223~0131.xlsx (2025-01-25, 2025-01-26, 2025-01-27); GDNS_PLAN_051 送信CMD passes 173-179 | command spec: 05_software/5_YMG_MISCAM_AKS_AFR_CMD_241004.xlsx (sheets B0, 撮影A3, 撮影B3, (付属))","AFR grp00 B0 shoot (0x3F) immediate, uplinked pass 2025-01-26 14:41:36-14:49:45 JST ('AFRカラーサムネ_01'); 運用日報 marks ACK x, but AFR TMB packet counts changed vs the 1/25 shoot, so it executed. Operators labelled this series AFR_11. 'AFR_11' series; downlinked 2025-01-26/27",27f4348e311444321bfa9f1f4f04240f4df06bf9a505f2d31cf472b55fefde29
YOMOGI,CAM,AFR,2025-01-26,2025-01-27,data/03_yomogi/images/cam/afr_20250126T1441_649a901691.jpg,80,45,1013,37.79,69.16,ok,2025-01-26T14:41:36+09:00,2025-01-26T14:52:45+09:00,pass+timer,default,default,default,"B0 cmd[7]=0x3F: grp 0, 7 shots, RGB, TMB 80x45 (sensor mode not selectable in B0)","B0 'Africa colour thumbnail' mode; WB/metering/jpg ratio not in command; product=thumbnail JPEG 80x45; source image = AFR grp 00 (operator series 'AFR_11') shot 06; shoot cmd = 59 00 A0 B0 00 00 00 00 00 00 3F (timer=cmd[4] min, grp=cmd[5], shots=cmd[6])",medium,"original: 03_Operation Log/06_AFR CAM/AFR_11/AFR_11_06_20250127.jpg | shoot event: 運用日報_20241223~0131.xlsx (2025-01-25, 2025-01-26, 2025-01-27); GDNS_PLAN_051 送信CMD passes 173-179 | command spec: 05_software/5_YMG_MISCAM_AKS_AFR_CMD_241004.xlsx (sheets B0, 撮影A3, 撮影B3, (付属))","AFR grp00 B0 shoot (0x3F) immediate, uplinked pass 2025-01-26 14:41:36-14:49:45 JST ('AFRカラーサムネ_01'); 運用日報 marks ACK x, but AFR TMB packet counts changed vs the 1/25 shoot, so it executed. Operators labelled this series AFR_11. 'AFR_11' series; downlinked 2025-01-26/27",649a901691f36e417d8a8de329f94fbc83b23a985c299b08a6a6cd08b1fa42ec
YOMOGI,CAM,AFR,2025-01-26,2025-01-27,data/03_yomogi/images/cam/afr_20250126T1441_98d01446f8.jpg,80,45,1027,229.17,12.26,ok,2025-01-26T14:41:36+09:00,2025-01-26T14:52:45+09:00,pass+timer,default,default,default,"B0 cmd[7]=0x3F: grp 0, 7 shots, RGB, TMB 80x45 (sensor mode not selectable in B0)","B0 'Africa colour thumbnail' mode; WB/metering/jpg ratio not in command; product=thumbnail JPEG 80x45; source image = AFR grp 00 (operator series 'AFR_11') shot 03; shoot cmd = 59 00 A0 B0 00 00 00 00 00 00 3F (timer=cmd[4] min, grp=cmd[5], shots=cmd[6])",medium,"original: 03_Operation Log/06_AFR CAM/AFR_11/AFR_11_03_20250127.jpg | shoot event: 運用日報_20241223~0131.xlsx (2025-01-25, 2025-01-26, 2025-01-27); GDNS_PLAN_051 送信CMD passes 173-179 | command spec: 05_software/5_YMG_MISCAM_AKS_AFR_CMD_241004.xlsx (sheets B0, 撮影A3, 撮影B3, (付属))","AFR grp00 B0 shoot (0x3F) immediate, uplinked pass 2025-01-26 14:41:36-14:49:45 JST ('AFRカラーサムネ_01'); 運用日報 marks ACK x, but AFR TMB packet counts changed vs the 1/25 shoot, so it executed. Operators labelled this series AFR_11. 'AFR_11' series; downlinked 2025-01-26/27",98d01446f8abc949e70d115626ea340186435577115ed21d1cb8f7f4e18a6fbb
YOMOGI,CAM,AKS,2025-01-26,2025-01-27,data/03_yomogi/images/cam/aks_20250126T1551_e819720bed.jpg,80,45,2181,49.33,15.14,ok,2025-01-26T15:51:36+09:00,2025-01-26T16:02:45+09:00,pass+timer,auto,auto,auto,sensor 1280x720 (cmd[7]=0x78 bits7-6=01); TMB resize 80x45 (11); RGB (bit3=1),"WB AUTO (cmd[9] high nibble=0); metering spot (cmd[9] bits3-2=01); TMB jpg ratio 1 (cmd[9] bits1-0=00); shoot interval 0 s; shots 7 (cmd[6]=0x07); product=thumbnail JPEG 80x45; source image = AKS grp 05 shot 01; shoot cmd = 59 00 A0 A3 46 05 07 78 B5 04 00 (timer=cmd[4] min, grp=cmd[5], shots=cmd[6])",low,"original: 03_Operation Log/05_AKS CAM/AKS_05/AKS_05_01_20250127_2.jpg || 03_Operation Log/06_AFR CAM/AFR_11/AFR_11_1_20250127.jpg | shoot event: 運用日報_20241223~0131.xlsx (2025-01-26, 2025-01-27); GDNS_PLAN_051 送信CMD pass 173 | command spec: 05_software/5_YMG_MISCAM_AKS_AFR_CMD_241004.xlsx (sheets B0, 撮影A3, 撮影B3, (付属))","AKS grp05 A3 shoot (target Madagascar); uplinked pass 2025-01-26 14:41:36-14:49:45 JST, timer 0x46=70 min (log label says 80); ACK ok; no SATLOG coverage. Stored as AFR_11_1_20250127.jpg AND AKS_05/AKS_05_01_20250127_2.jpg; 2181 B = same packet count as AKS_05_01 (8e58f43782); no AFR shot-1 downlink occurred 1/26-27 -> content is most likely AKS grp05 shot01 (mislabelled as AFR)",e819720bed2e5d9e7e653e1870849c9952e631caa50ea19627fb50ab04037c5b
YOMOGI,CAM,AFR,2025-01-26,2025-01-27,data/03_yomogi/images/cam/afr_20250126T1441_fea4e48bef.jpg,80,45,1442,134.05,44.77,ok,2025-01-26T14:41:36+09:00,2025-01-26T14:52:45+09:00,pass+timer,default,default,default,"B0 cmd[7]=0x3F: grp 0, 7 shots, RGB, TMB 80x45 (sensor mode not selectable in B0)","B0 'Africa colour thumbnail' mode; WB/metering/jpg ratio not in command; product=thumbnail JPEG 80x45; source image = AFR grp 00 (operator series 'AFR_11') shot 05; shoot cmd = 59 00 A0 B0 00 00 00 00 00 00 3F (timer=cmd[4] min, grp=cmd[5], shots=cmd[6])",medium,"original: 03_Operation Log/06_AFR CAM/AFR_00/AFR_00_05_20250127.jpg || 03_Operation Log/06_AFR CAM/AFR_11/AFR_11_05_20250127.jpg | shoot event: 運用日報_20241223~0131.xlsx (2025-01-25, 2025-01-26, 2025-01-27); GDNS_PLAN_051 送信CMD passes 173-179 | command spec: 05_software/5_YMG_MISCAM_AKS_AFR_CMD_241004.xlsx (sheets B0, 撮影A3, 撮影B3, (付属))","AFR grp00 B0 shoot (0x3F) immediate, uplinked pass 2025-01-26 14:41:36-14:49:45 JST ('AFRカラーサムネ_01'); 運用日報 marks ACK x, but AFR TMB packet counts changed vs the 1/25 shoot, so it executed. Operators labelled this series AFR_11. 'AFR_11' series; downlinked 2025-01-26/27",fea4e48befd9856167d0c8b100df6b757425270995e2aad124d20623f10e16d2
YOMOGI,CAM,AFR,2025-01-28,2025-01-31,data/03_yomogi/images/cam/afr_20250128T2016_18d87e57c2.jpg,1280,720,16586,56.85,63.37,ok,2025-01-28T20:16:05+09:00,2025-01-28T20:29:15+09:00,pass+timer,default,default,default,"B0 cmd[7]=0xD5: grp bits=3, 2 shots, RGB, TMB 1280x720 (alt. 0xFD: 7 shots RGB 1280x720)","B0 mode; WB/metering/jpg ratio not in command; product=thumbnail JPEG 1280x720; source image = AFR grp 00 shot 01; shoot cmd = 59 00 A0 B0 44 00 00 00 00 00 D5 (timer=cmd[4] min, grp=cmd[5], shots=cmd[6])",medium,"original: 03_Operation Log/06_AFR CAM/AFR_00/AFR_00_01_20250131.jpg | shoot event: 運用日報_20241223~0131.xlsx (2025-01-28, 2025-01-30); GDNS_PLAN_051 送信CMD passes 185, 189; AFR_CAM sheet | command spec: 05_software/5_YMG_MISCAM_AKS_AFR_CMD_241004.xlsx (sheets B0, 撮影A3, 撮影B3, (付属))","AFR B0 shoot (cmd[7]=0xD5: 2 shots RGB TMB 1280x720), uplinked pass 2025-01-28 19:08:05-19:18:15 JST, timer 0x44=68 min, ACK ok. Alternative source: B0 0xFD (7 shots RGB 1280x720) uplinked 12:40:23 + 80 min = 14:00-14:13 JST. Downlinked 2025-01-30 17:07 pass ('AFR1枚目', 271 packets = 16.5 kB); latest 1280x720 B0 shoot before it (see alternative in event note)",18d87e57c29db6594a3d0bffaecccf3adaa454077cbd136e5bcf81264c35005f
YOMOGI,CAM,AFR,2025-02-02,2025-02-03,data/03_yomogi/images/cam/afr_20250202T1234_7556b2d7a5.jpg,1280,720,51946,128.21,68.30,ok,2025-02-02T12:34:53+09:00,2025-02-02T12:36:53+09:00,satlog,default,default,default,"B0 cmd[7]=0x0D: grp 0, 1 shot, RGB, TMB 1280x720","B0 mode; WB/metering/jpg ratio not in command; product=thumbnail JPEG 1280x720; source image = AFR grp 00 shot 01; shoot cmd = 59 00 A0 B0 00 00 00 00 00 00 0D (timer=cmd[4] min, grp=cmd[5], shots=cmd[6])",high,"original: 03_Operation Log/06_AFR CAM/AFR_00/AFR_00_01_20250203.jpg | shoot event: 04_SATLOG/SATLOG_LN7.txt; 04_運用日報/運用日報_20250201~.xlsx (2025-02-02, 2025-02-03) | command spec: 05_software/5_YMG_MISCAM_AKS_AFR_CMD_241004.xlsx (sheets B0, 撮影A3, 撮影B3, (付属))","AFR grp00 B0 shoot (0x0D: 1 shot RGB TMB 1280x720) immediate; SATLOG RECEIVED 12:33:30, EXECUTED 12:34:53. Downlinked 2025-02-02 17:16 pass onward (697 packets)",7556b2d7a5d59bbb99447ae5b11aced3faf96e05502ac433227530b553782a28
YOMOGI,CAM,AFR,2025-02-03,2025-02-06,data/03_yomogi/images/cam/afr_20250203T2033_ae88dce99a.jpg,1280,720,67562,150.35,65.05,ok,2025-02-03T20:33:40+09:00,2025-02-03T20:45:41+09:00,pass+timer,default,default,default,"B0 cmd[7]=0x0D: grp 0, 1 shot, RGB, TMB 1280x720","B0 mode; WB/metering/jpg ratio not in command; product=thumbnail JPEG 1280x720; source image = AFR grp 00 shot 01; shoot cmd = 59 00 A0 B0 A3 00 00 00 00 00 0D (timer=cmd[4] min, grp=cmd[5], shots=cmd[6])",medium,"original: 03_Operation Log/06_AFR CAM/AFR_00/20250206.jpg || 03_Operation Log/06_AFR CAM/AFR_03/20250214.jpg | shoot event: 運用日報_20250201~.xlsx (2025-02-03, 2025-02-04, 2025-02-05, 2025-02-06); GDNS_PLAN_051 AFR_CAM sheet (header sizes 67502/72369 B) | command spec: 05_software/5_YMG_MISCAM_AKS_AFR_CMD_241004.xlsx (sheets B0, 撮影A3, 撮影B3, (付属))","AFR grp00 B0 shoot (0x0D: 1 shot RGB TMB 1280x720), uplinked pass 2025-02-03 17:50:40-17:59:41 JST, timer 0xA3=163 min, ACK/data ok; shot 1 (67502 B per header) downlinked 2/4-2/6. Also stored as AFR_03/20250214.jpg; downlinked 2025-02-04 16:48 - 02-06 (1107 packets, header size 67502 B)",ae88dce99aede865d7102db581f4a96e740ed8165fc149a83bde26ad58f913e6
YOMOGI,CAM,AFR,2025-01-18,unknown,data/03_yomogi/images/cam/afr_20250118T2041_1238ea097a.jpg,80,45,3032,203.89,24.06,ok,2025-01-18T20:41:46+09:00,2025-01-18T20:46:08+09:00,satlog,auto,auto,auto,sensor 1280x720 (cmd[7]=0x78 bits7-6=01); TMB resize 80x45 (11); RGB (bit3=1),"WB AUTO (cmd[9] high nibble=0); metering spot (cmd[9] bits3-2=01); TMB jpg ratio 1 (cmd[9] bits1-0=00); shoot interval 0 s; shots 7 (cmd[6]=0x07); product=thumbnail JPEG 80x45; source image = AFR grp 0D shot 06; shoot cmd = 59 00 A0 B3 4B 0D 07 78 B5 04 00 (timer=cmd[4] min, grp=cmd[5], shots=cmd[6])",high,"original: 03_Operation Log/06_AFR CAM/AFR_0F/AFR_0D_06.jpg || 03_Operation Log/06_AFR CAM/AFR_0D/AFR_0D_06.jpg | shoot event: 04_SATLOG/SATLOG_LN5.txt; 運用日報_20241223~0131.xlsx (2025-01-18, 2025-01-21) | command spec: 05_software/5_YMG_MISCAM_AKS_AFR_CMD_241004.xlsx (sheets B0, 撮影A3, 撮影B3, (付属))","AFR grp0D B3 shoot (Middle East); SATLOG EXECUTED 20:41:46 and 20:43:08 (received twice); uplinked pass 19:20 JST, timer 0x4B=75 min. AFR_0D_06 (also in AFR_0F folder); downlinked 2025-01-21",1238ea097a0ea6dbafb6386bd4e2cf7392037f64499cf3bb18a9be73f63106ce
YOMOGI,CAM,AFR,2024-12-12,unknown,data/03_yomogi/images/cam/afr_20241212T0522_2f57b71e6f.png,128,72,9971,93.74,44.74,ok,2024-12-12T05:22:57+09:00,2024-12-12T05:25:57+09:00,derived:satlog,auto,auto,auto,sensor 1920x1080 (cmd[7]=0xB0 bits7-6=10); TMB resize 80x45 (bits5-4=11); GRAY (bit3=0),"WB AUTO (cmd[9] high nibble=0); metering spot (cmd[9] bits3-2=01); TMB jpg ratio 1 (cmd[9] bits1-0=00); shoot interval 0 s; shots 7 (cmd[6]=0x07); product=crop PNG (B1 cell 97A8); source image = AFR grp 02 shot 02; shoot cmd = 59 00 A0 B3 11 02 07 B0 B5 04 00 (timer=cmd[4] min, grp=cmd[5], shots=cmd[6])",high,"original: 03_Operation Log/06_AFR CAM/AFR_02/AFR_02_02_b.png | shoot event: 04_SATLOG/satlog_0-10日目.txt; 初期運用_20241210-1215.xlsx (20241212, 20241214) | command spec: 05_software/5_YMG_MISCAM_AKS_AFR_CMD_241004.xlsx (sheets B0, 撮影A3, 撮影B3, (付属))","AFR grp02 B3 shoot; SATLOG EXECUTED 2024-12-12 05:22:57 (uplinked pass 05:02 JST, timer 0x11=17 min). B1 crop of grp02 shot02, crop executed 2024-12-14 15:01:55 (SATLOG); downlinked 2024-12-15; variant 'AFR_02_02_b'",2f57b71e6fd9048360cdc3ac2c360d4289c92d8a0dec4945c6837e949fec7681
YOMOGI,CAM,AFR,2024-12-10,unknown,data/03_yomogi/images/cam/afr_20241210T0720_61a051a709.png,128,72,9476,183.11,8.34,low_contrast,2024-12-10T07:20:13+09:00,2024-12-10T07:23:13+09:00,derived:satlog,auto,auto,auto,sensor 1920x1080 (cmd[7]=0xB0 bits7-6=10); TMB resize 80x45 (bits5-4=11); GRAY (bit3=0),"WB AUTO (cmd[9] high nibble=0); metering spot (cmd[9] bits3-2=01); TMB jpg ratio 1 (cmd[9] bits1-0=00); shoot interval 0 s; shots 7 (cmd[6]=0x07); product=crop PNG (B1 cell 7788); source image = AFR grp 01 shot 01; shoot cmd = 59 00 A0 B3 25 01 07 B0 B5 04 00 (timer=cmd[4] min, grp=cmd[5], shots=cmd[6])",high,"original: 03_Operation Log/06_AFR CAM/AFR_01/AFR_01_01_7788.png | shoot event: 04_SATLOG/satlog_0-10日目.txt; 初期運用_20241210-1215.xlsx (20241210) | command spec: 05_software/5_YMG_MISCAM_AKS_AFR_CMD_241004.xlsx (sheets B0, 撮影A3, 撮影B3, (付属))","AFR grp01 B3 shoot; SATLOG EXECUTED 2024-12-10 07:20:13 (uplinked pass 06:39 JST, timer 0x25=37 min). B1 crop cmd 59 00 A0 B1 0F 01 01 01 00 77 88, executed 2024-12-10 13:23:53 (SATLOG); downlinked 2024-12-10 14:46 pass",61a051a7095d7741ec9edc8bb31656cf9d3bb2f7ee498f5da4fe78aadc654228
YOMOGI,CAM,AFR,2024-12-12,unknown,data/03_yomogi/images/cam/afr_20241212T0522_66aeeff72d.png,128,72,12242,112.26,9.48,low_contrast,2024-12-12T05:22:57+09:00,2024-12-12T05:25:57+09:00,derived:satlog,auto,auto,auto,sensor 1920x1080 (cmd[7]=0xB0 bits7-6=10); TMB resize 80x45 (bits5-4=11); GRAY (bit3=0),"WB AUTO (cmd[9] high nibble=0); metering spot (cmd[9] bits3-2=01); TMB jpg ratio 1 (cmd[9] bits1-0=00); shoot interval 0 s; shots 7 (cmd[6]=0x07); product=crop PNG (B1 cell 97A8); source image = AFR grp 02 shot 02; shoot cmd = 59 00 A0 B3 11 02 07 B0 B5 04 00 (timer=cmd[4] min, grp=cmd[5], shots=cmd[6])",high,"original: 03_Operation Log/06_AFR CAM/AFR_02/AFR_02_02_97A8.png | shoot event: 04_SATLOG/satlog_0-10日目.txt; 初期運用_20241210-1215.xlsx (20241212, 20241214) | command spec: 05_software/5_YMG_MISCAM_AKS_AFR_CMD_241004.xlsx (sheets B0, 撮影A3, 撮影B3, (付属))","AFR grp02 B3 shoot; SATLOG EXECUTED 2024-12-12 05:22:57 (uplinked pass 05:02 JST, timer 0x11=17 min). B1 crop executed 2024-12-14 15:01:55 (SATLOG); downlinked 2024-12-15",66aeeff72ddfb8d7f7682366164a93b6b6af5d23cf6d57646353a499ee0b5eb2
YOMOGI,CAM,AFR,2024-12-10,unknown,data/03_yomogi/images/cam/afr_20241210T0720_68ee9174f5.png,128,72,10810,105.61,3.84,low_contrast,2024-12-10T07:20:13+09:00,2024-12-10T07:23:13+09:00,derived:satlog,auto,auto,auto,sensor 1920x1080 (cmd[7]=0xB0 bits7-6=10); TMB resize 80x45 (bits5-4=11); GRAY (bit3=0),"WB AUTO (cmd[9] high nibble=0); metering spot (cmd[9] bits3-2=01); TMB jpg ratio 1 (cmd[9] bits1-0=00); shoot interval 0 s; shots 7 (cmd[6]=0x07); product=crop PNG (B1 cell CBDC); source image = AFR grp 01 shot 01; shoot cmd = 59 00 A0 B3 25 01 07 B0 B5 04 00 (timer=cmd[4] min, grp=cmd[5], shots=cmd[6])",high,"original: 03_Operation Log/06_AFR CAM/AFR_01/AFR_01_01_CBDC.png | shoot event: 04_SATLOG/satlog_0-10日目.txt; 初期運用_20241210-1215.xlsx (20241210) | command spec: 05_software/5_YMG_MISCAM_AKS_AFR_CMD_241004.xlsx (sheets B0, 撮影A3, 撮影B3, (付属))","AFR grp01 B3 shoot; SATLOG EXECUTED 2024-12-10 07:20:13 (uplinked pass 06:39 JST, timer 0x25=37 min). B1 crop CBDC executed 2024-12-11 11:11:08/11:12:10 (SATLOG); downlinked 2024-12-11..14",68ee9174f504448c2e575a0c98a510139e3d031839abcc33b370b2b9be781f63
YOMOGI,CAM,AFR,2024-12-12,unknown,data/03_yomogi/images/cam/afr_20241212T0522_76c37cffd8.jpg,80,45,2430,125.34,30.49,ok,2024-12-12T05:22:57+09:00,2024-12-12T05:25:57+09:00,satlog,auto,auto,auto,sensor 1920x1080 (cmd[7]=0xB0 bits7-6=10); TMB resize 80x45 (bits5-4=11); GRAY (bit3=0),"WB AUTO (cmd[9] high nibble=0); metering spot (cmd[9] bits3-2=01); TMB jpg ratio 1 (cmd[9] bits1-0=00); shoot interval 0 s; shots 7 (cmd[6]=0x07); product=thumbnail JPEG 80x45; source image = AFR grp 02 shot 02; shoot cmd = 59 00 A0 B3 11 02 07 B0 B5 04 00 (timer=cmd[4] min, grp=cmd[5], shots=cmd[6])",high,"original: 03_Operation Log/06_AFR CAM/AFR_02/AFR_02_02.jpg | shoot event: 04_SATLOG/satlog_0-10日目.txt; 初期運用_20241210-1215.xlsx (20241212, 20241214) | command spec: 05_software/5_YMG_MISCAM_AKS_AFR_CMD_241004.xlsx (sheets B0, 撮影A3, 撮影B3, (付属))","AFR grp02 B3 shoot; SATLOG EXECUTED 2024-12-12 05:22:57 (uplinked pass 05:02 JST, timer 0x11=17 min). AFR_02_02_TMB downlinked 2024-12-14 (39 packets)",76c37cffd8720d622283eff1462b9cfdaff8c15069c28e3677f0cdd292635afa
YOMOGI,CAM,AFR,2024-12-10,unknown,data/03_yomogi/images/cam/afr_20241210T0720_aeed47bae9.jpg,80,45,10810,83.64,44.96,ok,2024-12-10T07:20:13+09:00,2024-12-10T07:23:13+09:00,derived:satlog,auto,auto,auto,sensor 1920x1080 (cmd[7]=0xB0 bits7-6=10); TMB resize 80x45 (bits5-4=11); GRAY (bit3=0),"WB AUTO (cmd[9] high nibble=0); metering spot (cmd[9] bits3-2=01); TMB jpg ratio 1 (cmd[9] bits1-0=00); shoot interval 0 s; shots 7 (cmd[6]=0x07); product=crop PNG (B1 cell CBDC), stored as .png; source image = AFR grp 01 shot 01; shoot cmd = 59 00 A0 B3 25 01 07 B0 B5 04 00 (timer=cmd[4] min, grp=cmd[5], shots=cmd[6])",medium,"original: 03_Operation Log/06_AFR CAM/AFR_01/AFR_01_01_.png | shoot event: 04_SATLOG/satlog_0-10日目.txt; 初期運用_20241210-1215.xlsx (20241210) | command spec: 05_software/5_YMG_MISCAM_AKS_AFR_CMD_241004.xlsx (sheets B0, 撮影A3, 撮影B3, (付属))","AFR grp01 B3 shoot; SATLOG EXECUTED 2024-12-10 07:20:13 (uplinked pass 06:39 JST, timer 0x25=37 min). Original AFR_01_01_.png (10810 B, same size as the CBDC crop); csv lists 80x45 - probably mis-read; content is the CBDC crop of grp01 shot01",aeed47bae92c8217f4352718cee49ff3f8760d3c0f0dda8b4b373e263343fbac
YOMOGI,CAM,AFR,2025-01-18,unknown,data/03_yomogi/images/cam/afr_20250118T2041_afa1c57845.jpg,80,45,2261,106.26,70.92,ok,2025-01-18T20:41:46+09:00,2025-01-18T20:46:08+09:00,satlog,auto,auto,auto,sensor 1280x720 (cmd[7]=0x78 bits7-6=01); TMB resize 80x45 (11); RGB (bit3=1),"WB AUTO (cmd[9] high nibble=0); metering spot (cmd[9] bits3-2=01); TMB jpg ratio 1 (cmd[9] bits1-0=00); shoot interval 0 s; shots 7 (cmd[6]=0x07); product=thumbnail JPEG 80x45; source image = AFR grp 0D shot 01; shoot cmd = 59 00 A0 B3 4B 0D 07 78 B5 04 00 (timer=cmd[4] min, grp=cmd[5], shots=cmd[6])",high,"original: 03_Operation Log/06_AFR CAM/AFR_0F/AFR_0D_01.jpg || 03_Operation Log/06_AFR CAM/AFR_0D/AFR_0D_01.jpg | shoot event: 04_SATLOG/SATLOG_LN5.txt; 運用日報_20241223~0131.xlsx (2025-01-18, 2025-01-21) | command spec: 05_software/5_YMG_MISCAM_AKS_AFR_CMD_241004.xlsx (sheets B0, 撮影A3, 撮影B3, (付属))","AFR grp0D B3 shoot (Middle East); SATLOG EXECUTED 20:41:46 and 20:43:08 (received twice); uplinked pass 19:20 JST, timer 0x4B=75 min. AFR_0D_01; downlinked 2025-01-23 ('AFR1枚目' 39 packets)",afa1c578452a9d117158b80fa2670e79183cba609f43b189d79a4edd386df84f
YOMOGI,CAM,AFR,2024-12-21,unknown,data/03_yomogi/images/cam/afr_20241221T0845_b534f1100a.jpg,80,45,1535,184.08,27.96,ok,2024-12-21T08:45:55+09:00,2024-12-21T08:58:16+09:00,pass+timer,default,default,default,"B0 cmd[7]=0x3F: grp 0, 7 shots, RGB, TMB 80x45 (sensor mode not selectable in B0)","B0 'Africa colour thumbnail' mode; WB/metering/jpg ratio not in command; product=thumbnail JPEG 80x45; source image = AFR grp 00 shot 02; shoot cmd = 59 00 A0 B0 00 00 00 00 00 00 3F (timer=cmd[4] min, grp=cmd[5], shots=cmd[6])",medium,"original: 03_Operation Log/06_AFR CAM/AFR_00/AFR_00_02_TMB.jpg | shoot event: 04_運用日報/old/初期運用/運用日報_20241216-1222.xlsx (2024-12-21, 2024-12-22); 運用日報_20241223~0131.xlsx (2024-12-25); GDNS_PLAN_051 送信CMD pass 60 | command spec: 05_software/5_YMG_MISCAM_AKS_AFR_CMD_241004.xlsx (sheets B0, 撮影A3, 撮影B3, (付属))","AFR grp00 B0 colour-thumbnail shoot (cmd[7]=0x3F: 7 shots RGB TMB 80x45), uplinked pass 2024-12-21 08:45:55-08:55:16 JST immediate, ACK ok; latest B0 before the 12/22-12/25 downlinks. AFR_00_02_TMB.jpg; downlinked 2024-12-22",b534f1100ae70d8f23f702e9b1a125e2ab7a45d4fc2d6cb52cdd5d65c2943a38
YOMOGI,CAM,AFR,2024-12-10,unknown,data/03_yomogi/images/cam/afr_20241210T0720_ca793dc8d3.jpg,80,45,2695,156.09,31.90,ok,2024-12-10T07:20:13+09:00,2024-12-10T07:23:13+09:00,satlog,auto,auto,auto,sensor 1920x1080 (cmd[7]=0xB0 bits7-6=10); TMB resize 80x45 (bits5-4=11); GRAY (bit3=0),"WB AUTO (cmd[9] high nibble=0); metering spot (cmd[9] bits3-2=01); TMB jpg ratio 1 (cmd[9] bits1-0=00); shoot interval 0 s; shots 7 (cmd[6]=0x07); product=thumbnail JPEG 80x45; source image = AFR grp 01 shot 01; shoot cmd = 59 00 A0 B3 25 01 07 B0 B5 04 00 (timer=cmd[4] min, grp=cmd[5], shots=cmd[6])",high,"original: 03_Operation Log/06_AFR CAM/AFR_01/AFR_01_01.jpg | shoot event: 04_SATLOG/satlog_0-10日目.txt; 初期運用_20241210-1215.xlsx (20241210) | command spec: 05_software/5_YMG_MISCAM_AKS_AFR_CMD_241004.xlsx (sheets B0, 撮影A3, 撮影B3, (付属))","AFR grp01 B3 shoot; SATLOG EXECUTED 2024-12-10 07:20:13 (uplinked pass 06:39 JST, timer 0x25=37 min). AFR_01_01.jpg; downlinked 2024-12-10 ('AFRサムネDL 1枚目', 44 packets)",ca793dc8d3a981c88712aaaaa8ebf646ef3aa1f015975f2e32ced4c22a589ffb
YOMOGI,CAM,AFR,2025-01-18,unknown,data/03_yomogi/images/cam/afr_20250118T2041_fd2befa24d.jpg,80,45,2488,232.27,19.26,ok,2025-01-18T20:41:46+09:00,2025-01-18T20:46:08+09:00,satlog,auto,auto,auto,sensor 1280x720 (cmd[7]=0x78 bits7-6=01); TMB resize 80x45 (11); RGB (bit3=1),"WB AUTO (cmd[9] high nibble=0); metering spot (cmd[9] bits3-2=01); TMB jpg ratio 1 (cmd[9] bits1-0=00); shoot interval 0 s; shots 7 (cmd[6]=0x07); product=thumbnail JPEG 80x45; source image = AFR grp 0D shot 05; shoot cmd = 59 00 A0 B3 4B 0D 07 78 B5 04 00 (timer=cmd[4] min, grp=cmd[5], shots=cmd[6])",high,"original: 03_Operation Log/06_AFR CAM/AFR_0F/AFR_0D_05.jpg || 03_Operation Log/06_AFR CAM/AFR_0D/AFR_0D_05.jpg | shoot event: 04_SATLOG/SATLOG_LN5.txt; 運用日報_20241223~0131.xlsx (2025-01-18, 2025-01-21) | command spec: 05_software/5_YMG_MISCAM_AKS_AFR_CMD_241004.xlsx (sheets B0, 撮影A3, 撮影B3, (付属))","AFR grp0D B3 shoot (Middle East); SATLOG EXECUTED 20:41:46 and 20:43:08 (received twice); uplinked pass 19:20 JST, timer 0x4B=75 min. AFR_0D_05; downlinked 2025-01-23",fd2befa24d73ab28edc4b9a8cfdd9273a66277bd692eb1a0b78ee0fedc570345
YOMOGI,CAM,AKS,2024-12-10,2024-12-11,data/03_yomogi/images/cam/aks_20241210T1320_5cc7554ca4.jpg,80,45,1919,16.49,5.32,dark,2024-12-10T13:20:51+09:00,2024-12-10T13:23:51+09:00,satlog,auto,auto,auto,sensor 1920x1080 (cmd[7]=0xB0 bits7-6=10); TMB resize 80x45 (bits5-4=11); GRAY (bit3=0),"WB AUTO (cmd[9] high nibble=0); metering spot (cmd[9] bits3-2=01); TMB jpg ratio 1 (cmd[9] bits1-0=00); shoot interval 0 s; shots 7 (cmd[6]=0x07); product=thumbnail JPEG 80x45; source image = AKS grp 02 shot 02; shoot cmd = 59 00 A0 A3 08 02 07 B0 B5 04 00 (timer=cmd[4] min, grp=cmd[5], shots=cmd[6])",high,"original: 03_Operation Log/05_AKS CAM/AKS_02/AKS_02_02_20241211.jpg | shoot event: 04_SATLOG/satlog_0-10日目.txt; 初期運用_20241210-1215.xlsx (20241210, 20241211) | command spec: 05_software/5_YMG_MISCAM_AKS_AFR_CMD_241004.xlsx (sheets B0, 撮影A3, 撮影B3, (付属))","AKS grp02 A3 shoot; SATLOG EXECUTED 2024-12-10 13:20:51 (uplinked pass 13:10 JST, timer 0x08=8 min). AKS_02_02 downlinked 2024-12-11 07:26 pass ('AKS TMB 2枚目', 31 packets)",5cc7554ca4aa99667edcd5f9f940d6de18e66a98693e66d76108d134b2814514
YOMOGI,CAM,AKS,2024-12-10,2024-12-11,data/03_yomogi/images/cam/aks_20241210T1320_6491f848fc.jpg,80,45,1550,74.21,18.01,ok,2024-12-10T13:20:51+09:00,2024-12-10T13:23:51+09:00,satlog,auto,auto,auto,sensor 1920x1080 (cmd[7]=0xB0 bits7-6=10); TMB resize 80x45 (bits5-4=11); GRAY (bit3=0),"WB AUTO (cmd[9] high nibble=0); metering spot (cmd[9] bits3-2=01); TMB jpg ratio 1 (cmd[9] bits1-0=00); shoot interval 0 s; shots 7 (cmd[6]=0x07); product=thumbnail JPEG 80x45 (ground brightness-adjusted copy); source image = AKS grp 02 shot 02; shoot cmd = 59 00 A0 A3 08 02 07 B0 B5 04 00 (timer=cmd[4] min, grp=cmd[5], shots=cmd[6])",high,"original: 03_Operation Log/05_AKS CAM/AKS_02/AKS_02_02_20241211_明度調整済み.jpg | shoot event: 04_SATLOG/satlog_0-10日目.txt; 初期運用_20241210-1215.xlsx (20241210, 20241211) | command spec: 05_software/5_YMG_MISCAM_AKS_AFR_CMD_241004.xlsx (sheets B0, 撮影A3, 撮影B3, (付属))","AKS grp02 A3 shoot; SATLOG EXECUTED 2024-12-10 13:20:51 (uplinked pass 13:10 JST, timer 0x08=8 min). '明度調整済み' = brightness-adjusted on the ground from AKS_02_02_20241211.jpg",6491f848fc909d7c63924fea6122977a154cae10ecff120bd0cfbd8f3d9b692d
YOMOGI,CAM,AKS,2024-12-12,2024-12-15,data/03_yomogi/images/cam/aks_20241212T0536_59efaaf57f.jpg,80,45,2231,158.27,7.67,low_contrast,2024-12-12T05:36:59+09:00,2024-12-12T05:39:59+09:00,satlog,auto,auto,auto,sensor 1920x1080 (cmd[7]=0xB0 bits7-6=10); TMB resize 80x45 (bits5-4=11); GRAY (bit3=0),"WB AUTO (cmd[9] high nibble=0); metering spot (cmd[9] bits3-2=01); TMB jpg ratio 1 (cmd[9] bits1-0=00); shoot interval 0 s; shots 7 (cmd[6]=0x07); product=thumbnail JPEG 80x45; source image = AKS grp 03 shot 06; shoot cmd = 59 00 A0 A3 1E 03 07 B0 B5 04 00 (timer=cmd[4] min, grp=cmd[5], shots=cmd[6])",high,"original: 03_Operation Log/05_AKS CAM/AKS_03/AKS_03_06_TMB_20241215.jpg | shoot event: 04_SATLOG/satlog_0-10日目.txt; 初期運用_20241210-1215.xlsx (20241211, 20241212) | command spec: 05_software/5_YMG_MISCAM_AKS_AFR_CMD_241004.xlsx (sheets B0, 撮影A3, 撮影B3, (付属))","AKS grp03 A3 shoot; SATLOG EXECUTED 2024-12-12 05:36:59 (uplinked pass 05:02 JST, timer 0x1E=30 min; the 2024-12-11 10:44 attempt was not received). AKS_03_06_TMB downlinked 2024-12-14 (36 packets)",59efaaf57fe460acc6e3f4ff64f1c5c8abda596ef9bf5ec38913fc634f8d641c
YOMOGI,CAM,AKS,2024-12-12,2024-12-15,data/03_yomogi/images/cam/aks_20241212T0536_d929713cda.jpg,80,45,2677,175.54,32.17,ok,2024-12-12T05:36:59+09:00,2024-12-12T05:39:59+09:00,satlog,auto,auto,auto,sensor 1920x1080 (cmd[7]=0xB0 bits7-6=10); TMB resize 80x45 (bits5-4=11); GRAY (bit3=0),"WB AUTO (cmd[9] high nibble=0); metering spot (cmd[9] bits3-2=01); TMB jpg ratio 1 (cmd[9] bits1-0=00); shoot interval 0 s; shots 7 (cmd[6]=0x07); product=thumbnail JPEG 80x45; source image = AKS grp 03 shot 01; shoot cmd = 59 00 A0 A3 1E 03 07 B0 B5 04 00 (timer=cmd[4] min, grp=cmd[5], shots=cmd[6])",high,"original: 03_Operation Log/05_AKS CAM/AKS_03/AKS_03_01_TMB_20241215.jpg | shoot event: 04_SATLOG/satlog_0-10日目.txt; 初期運用_20241210-1215.xlsx (20241211, 20241212) | command spec: 05_software/5_YMG_MISCAM_AKS_AFR_CMD_241004.xlsx (sheets B0, 撮影A3, 撮影B3, (付属))","AKS grp03 A3 shoot; SATLOG EXECUTED 2024-12-12 05:36:59 (uplinked pass 05:02 JST, timer 0x1E=30 min; the 2024-12-11 10:44 attempt was not received). AKS_03_01_TMB downlinked 2024-12-14/15 (43 packets); 'Jamaica' frame",d929713cdaccf8bc4e9d5de6d5f9918370dce809a42609127f4b9c2aae799b57
YOMOGI,CAM,AKS,2024-12-12,2024-12-16,data/03_yomogi/images/cam/aks_20241212T0536_447067b8a7.jpg,80,45,2274,60.75,19.28,ok,2024-12-12T05:36:59+09:00,2024-12-12T05:39:59+09:00,satlog,auto,auto,auto,sensor 1920x1080 (cmd[7]=0xB0 bits7-6=10); TMB resize 80x45 (bits5-4=11); GRAY (bit3=0),"WB AUTO (cmd[9] high nibble=0); metering spot (cmd[9] bits3-2=01); TMB jpg ratio 1 (cmd[9] bits1-0=00); shoot interval 0 s; shots 7 (cmd[6]=0x07); product=thumbnail JPEG 80x45; source image = AKS grp 03 shot 02; shoot cmd = 59 00 A0 A3 1E 03 07 B0 B5 04 00 (timer=cmd[4] min, grp=cmd[5], shots=cmd[6])",high,"original: 03_Operation Log/05_AKS CAM/AKS_03/AKS_03_02_TMB_20241216.jpg | shoot event: 04_SATLOG/satlog_0-10日目.txt; 初期運用_20241210-1215.xlsx (20241211, 20241212) | command spec: 05_software/5_YMG_MISCAM_AKS_AFR_CMD_241004.xlsx (sheets B0, 撮影A3, 撮影B3, (付属))","AKS grp03 A3 shoot; SATLOG EXECUTED 2024-12-12 05:36:59 (uplinked pass 05:02 JST, timer 0x1E=30 min; the 2024-12-11 10:44 attempt was not received). AKS_03_02_TMB downlinked 2024-12-15/16 (37 packets)",447067b8a7a434d7ff0422c3b26528e308e4d48bb0b4292625dccb71c6ff04c8
YOMOGI,CAM,AKS,2024-12-12,2024-12-17,data/03_yomogi/images/cam/aks_20241212T0536_1a2ab51d0f.png,128,72,9971,201.77,28.34,ok,2024-12-12T05:36:59+09:00,2024-12-12T05:39:59+09:00,derived:satlog,auto,auto,auto,sensor 1920x1080 (cmd[7]=0xB0 bits7-6=10); TMB resize 80x45 (bits5-4=11); GRAY (bit3=0),"WB AUTO (cmd[9] high nibble=0); metering spot (cmd[9] bits3-2=01); TMB jpg ratio 1 (cmd[9] bits1-0=00); shoot interval 0 s; shots 7 (cmd[6]=0x07); product=crop PNG (A1 cell CCDD); source image = AKS grp 03 shot 01; shoot cmd = 59 00 A0 A3 1E 03 07 B0 B5 04 00 (timer=cmd[4] min, grp=cmd[5], shots=cmd[6])",high,"original: 03_Operation Log/05_AKS CAM/AKS_03/AKS_03_01_TMB_20241217.jpg || 03_Operation Log/05_AKS CAM/AKS_03/AKS_03_01_20241217_CCDD_2.png | shoot event: 04_SATLOG/satlog_0-10日目.txt; 初期運用_20241210-1215.xlsx (20241211, 20241212) | command spec: 05_software/5_YMG_MISCAM_AKS_AFR_CMD_241004.xlsx (sheets B0, 撮影A3, 撮影B3, (付属))","AKS grp03 A3 shoot; SATLOG EXECUTED 2024-12-12 05:36:59 (uplinked pass 05:02 JST, timer 0x1E=30 min; the 2024-12-11 10:44 attempt was not received). A1 crop CCDD executed 2024-12-15 05:58:29 (SATLOG); downlinked 12/15-12/17; variant _2",1a2ab51d0f378bf72d53b6965fa1f1dabcb540e1b47877a3b205d148e0dfe51e
YOMOGI,CAM,AKS,2024-12-12,2024-12-17,data/03_yomogi/images/cam/aks_20241212T0536_b7df9cea44.png,128,72,9971,3.20,26.98,dark,2024-12-12T05:36:59+09:00,2024-12-12T05:39:59+09:00,derived:satlog,auto,auto,auto,sensor 1920x1080 (cmd[7]=0xB0 bits7-6=10); TMB resize 80x45 (bits5-4=11); GRAY (bit3=0),"WB AUTO (cmd[9] high nibble=0); metering spot (cmd[9] bits3-2=01); TMB jpg ratio 1 (cmd[9] bits1-0=00); shoot interval 0 s; shots 7 (cmd[6]=0x07); product=crop PNG (A1 cell CCDD); source image = AKS grp 03 shot 01; shoot cmd = 59 00 A0 A3 1E 03 07 B0 B5 04 00 (timer=cmd[4] min, grp=cmd[5], shots=cmd[6])",high,"original: 03_Operation Log/05_AKS CAM/AKS_03/AKS_03_01_20241217_CCDD.png | shoot event: 04_SATLOG/satlog_0-10日目.txt; 初期運用_20241210-1215.xlsx (20241211, 20241212) | command spec: 05_software/5_YMG_MISCAM_AKS_AFR_CMD_241004.xlsx (sheets B0, 撮影A3, 撮影B3, (付属))","AKS grp03 A3 shoot; SATLOG EXECUTED 2024-12-12 05:36:59 (uplinked pass 05:02 JST, timer 0x1E=30 min; the 2024-12-11 10:44 attempt was not received). A1 crop CCDD executed 2024-12-15 05:58:29 (SATLOG); downlinked 12/15-12/17; dark = packet loss",b7df9cea44d58fc958c95a62c2f84f3d4534dec816fac3992208da1ef01e2956
YOMOGI,CAM,AKS,2024-12-12,2024-12-18,data/03_yomogi/images/cam/aks_20241212T0536_ddba08ef6c.png,128,72,9240,66.48,104.16,ok,2024-12-12T05:36:59+09:00,2024-12-12T05:39:59+09:00,derived:satlog,auto,auto,auto,sensor 1920x1080 (cmd[7]=0xB0 bits7-6=10); TMB resize 80x45 (bits5-4=11); GRAY (bit3=0),"WB AUTO (cmd[9] high nibble=0); metering spot (cmd[9] bits3-2=01); TMB jpg ratio 1 (cmd[9] bits1-0=00); shoot interval 0 s; shots 7 (cmd[6]=0x07); product=crop PNG (A1 cell BBCC); source image = AKS grp 03 shot 01; shoot cmd = 59 00 A0 A3 1E 03 07 B0 B5 04 00 (timer=cmd[4] min, grp=cmd[5], shots=cmd[6])",high,"original: 03_Operation Log/05_AKS CAM/AKS_03/AKS_03_01_BBCC_20241218.png | shoot event: 04_SATLOG/satlog_0-10日目.txt; 初期運用_20241210-1215.xlsx (20241211, 20241212) | command spec: 05_software/5_YMG_MISCAM_AKS_AFR_CMD_241004.xlsx (sheets B0, 撮影A3, 撮影B3, (付属))","AKS grp03 A3 shoot; SATLOG EXECUTED 2024-12-12 05:36:59 (uplinked pass 05:02 JST, timer 0x1E=30 min; the 2024-12-11 10:44 attempt was not received). A1 crop BBCC executed 2024-12-18 10:11:19 (SATLOG); downlinked 2024-12-18",ddba08ef6c495f99dd74b7da5b4413a6e5f879580bb669a0e782b723265fb834
YOMOGI,CAM,AKS,2024-12-12,2024-12-20,data/03_yomogi/images/cam/aks_20241212T0536_c3cd062b39.png,128,72,9240,209.47,24.43,ok,2024-12-12T05:36:59+09:00,2024-12-12T05:39:59+09:00,derived:satlog,auto,auto,auto,sensor 1920x1080 (cmd[7]=0xB0 bits7-6=10); TMB resize 80x45 (bits5-4=11); GRAY (bit3=0),"WB AUTO (cmd[9] high nibble=0); metering spot (cmd[9] bits3-2=01); TMB jpg ratio 1 (cmd[9] bits1-0=00); shoot interval 0 s; shots 7 (cmd[6]=0x07); product=crop PNG (A1 cell BBCC); source image = AKS grp 03 shot 01; shoot cmd = 59 00 A0 A3 1E 03 07 B0 B5 04 00 (timer=cmd[4] min, grp=cmd[5], shots=cmd[6])",high,"original: 03_Operation Log/05_AKS CAM/AKS_03/AKS_03_01_BBCC_20241220.png | shoot event: 04_SATLOG/satlog_0-10日目.txt; 初期運用_20241210-1215.xlsx (20241211, 20241212) | command spec: 05_software/5_YMG_MISCAM_AKS_AFR_CMD_241004.xlsx (sheets B0, 撮影A3, 撮影B3, (付属))","AKS grp03 A3 shoot; SATLOG EXECUTED 2024-12-12 05:36:59 (uplinked pass 05:02 JST, timer 0x1E=30 min; the 2024-12-11 10:44 attempt was not received). Same crop BBCC, re-downlinked 2024-12-20",c3cd062b3971a069c880b670ee9d11d8bb27e758152cc3298e253390058c107c
YOMOGI,CAM,AKS,2024-12-12,2024-12-21,data/03_yomogi/images/cam/aks_20241212T0536_f131a06444.png,128,72,10567,188.22,34.45,ok,2024-12-12T05:36:59+09:00,2024-12-12T05:39:59+09:00,derived:satlog,auto,auto,auto,sensor 1920x1080 (cmd[7]=0xB0 bits7-6=10); TMB resize 80x45 (bits5-4=11); GRAY (bit3=0),"WB AUTO (cmd[9] high nibble=0); metering spot (cmd[9] bits3-2=01); TMB jpg ratio 1 (cmd[9] bits1-0=00); shoot interval 0 s; shots 7 (cmd[6]=0x07); product=crop PNG (A1 cell CDDE); source image = AKS grp 03 shot 01; shoot cmd = 59 00 A0 A3 1E 03 07 B0 B5 04 00 (timer=cmd[4] min, grp=cmd[5], shots=cmd[6])",high,"original: 03_Operation Log/05_AKS CAM/AKS_03/AKS_03_01_CDDE_20241221.png | shoot event: 04_SATLOG/satlog_0-10日目.txt; 初期運用_20241210-1215.xlsx (20241211, 20241212) | command spec: 05_software/5_YMG_MISCAM_AKS_AFR_CMD_241004.xlsx (sheets B0, 撮影A3, 撮影B3, (付属))","AKS grp03 A3 shoot; SATLOG EXECUTED 2024-12-12 05:36:59 (uplinked pass 05:02 JST, timer 0x1E=30 min; the 2024-12-11 10:44 attempt was not received). A1 crop CDDE reserved 2024-12-20 11:16:04 +15 min (SATLOG) -> executed ~11:31; downlinked 2024-12-21",f131a06444b523283fa8d6b5a1bb078590ba91366193cacce43f2d50348cf6b2
YOMOGI,CAM,AKS,2024-12-12,2024-12-22,data/03_yomogi/images/cam/aks_20241212T0536_dfca55363c.png,128,72,10270,39.75,74.50,ok,2024-12-12T05:36:59+09:00,2024-12-12T05:39:59+09:00,derived:satlog,auto,auto,auto,sensor 1920x1080 (cmd[7]=0xB0 bits7-6=10); TMB resize 80x45 (bits5-4=11); GRAY (bit3=0),"WB AUTO (cmd[9] high nibble=0); metering spot (cmd[9] bits3-2=01); TMB jpg ratio 1 (cmd[9] bits1-0=00); shoot interval 0 s; shots 7 (cmd[6]=0x07); product=crop PNG (A1 cell BCCD); source image = AKS grp 03 shot 01; shoot cmd = 59 00 A0 A3 1E 03 07 B0 B5 04 00 (timer=cmd[4] min, grp=cmd[5], shots=cmd[6])",high,"original: 03_Operation Log/05_AKS CAM/AKS_03/AKS_03_01_BCCD_20241222.png | shoot event: 04_SATLOG/satlog_0-10日目.txt; 初期運用_20241210-1215.xlsx (20241211, 20241212) | command spec: 05_software/5_YMG_MISCAM_AKS_AFR_CMD_241004.xlsx (sheets B0, 撮影A3, 撮影B3, (付属))","AKS grp03 A3 shoot; SATLOG EXECUTED 2024-12-12 05:36:59 (uplinked pass 05:02 JST, timer 0x1E=30 min; the 2024-12-11 10:44 attempt was not received). A1 crop BCCD (cmd 59 00 A0 A1 19 03 01 01 00 BC CD) uplinked 2024-12-22 09:31 pass +25 min; downlinked 2024-12-22",dfca55363c41c17afd5c29b795b541dbe6e82ff2c1e4f5f7e915cb6514bf171a
YOMOGI,CAM,AKS,2024-12-12,2024-12-23,data/03_yomogi/images/cam/aks_20241212T0536_993c9d8ea6.png,128,72,10270,190.10,15.92,ok,2024-12-12T05:36:59+09:00,2024-12-12T05:39:59+09:00,derived:satlog,auto,auto,auto,sensor 1920x1080 (cmd[7]=0xB0 bits7-6=10); TMB resize 80x45 (bits5-4=11); GRAY (bit3=0),"WB AUTO (cmd[9] high nibble=0); metering spot (cmd[9] bits3-2=01); TMB jpg ratio 1 (cmd[9] bits1-0=00); shoot interval 0 s; shots 7 (cmd[6]=0x07); product=crop PNG (A1 cell BCCD); source image = AKS grp 03 shot 01; shoot cmd = 59 00 A0 A3 1E 03 07 B0 B5 04 00 (timer=cmd[4] min, grp=cmd[5], shots=cmd[6])",high,"original: 03_Operation Log/05_AKS CAM/AKS_03/AKS_03_01_BCCD_20241223.png | shoot event: 04_SATLOG/satlog_0-10日目.txt; 初期運用_20241210-1215.xlsx (20241211, 20241212) | command spec: 05_software/5_YMG_MISCAM_AKS_AFR_CMD_241004.xlsx (sheets B0, 撮影A3, 撮影B3, (付属))","AKS grp03 A3 shoot; SATLOG EXECUTED 2024-12-12 05:36:59 (uplinked pass 05:02 JST, timer 0x1E=30 min; the 2024-12-11 10:44 attempt was not received). Same crop, downlinked 2024-12-23",993c9d8ea6f82c62b60c6cc44546377034c3940f95d20509457fc86aaa8b25c5
YOMOGI,CAM,AKS,2024-12-12,2024-12-24,data/03_yomogi/images/cam/aks_20241212T0536_753ccadb09.png,128,72,10270,39.75,74.50,ok,2024-12-12T05:36:59+09:00,2024-12-12T05:39:59+09:00,derived:satlog,auto,auto,auto,sensor 1920x1080 (cmd[7]=0xB0 bits7-6=10); TMB resize 80x45 (bits5-4=11); GRAY (bit3=0),"WB AUTO (cmd[9] high nibble=0); metering spot (cmd[9] bits3-2=01); TMB jpg ratio 1 (cmd[9] bits1-0=00); shoot interval 0 s; shots 7 (cmd[6]=0x07); product=crop PNG (A1 cell BDCE); source image = AKS grp 03 shot 01; shoot cmd = 59 00 A0 A3 1E 03 07 B0 B5 04 00 (timer=cmd[4] min, grp=cmd[5], shots=cmd[6])",high,"original: 03_Operation Log/05_AKS CAM/AKS_03/AKS_03_01_BDCE_20241224.jpg | shoot event: 04_SATLOG/satlog_0-10日目.txt; 初期運用_20241210-1215.xlsx (20241211, 20241212) | command spec: 05_software/5_YMG_MISCAM_AKS_AFR_CMD_241004.xlsx (sheets B0, 撮影A3, 撮影B3, (付属))","AKS grp03 A3 shoot; SATLOG EXECUTED 2024-12-12 05:36:59 (uplinked pass 05:02 JST, timer 0x1E=30 min; the 2024-12-11 10:44 attempt was not received). A1 crop BDCE uplinked 2024-12-23 10:15 pass +30 min (re-sent 12/25); downlinked 2024-12-24",753ccadb09957540ceca6245914acaacc746a0ec7eb2828fc68520c2a1e87693
YOMOGI,CAM,AKS,2024-12-12,2024-12-27,data/03_yomogi/images/cam/aks_20241212T0536_3f1fed021e.png,128,72,10612,48.64,85.09,ok,2024-12-12T05:36:59+09:00,2024-12-12T05:39:59+09:00,derived:satlog,auto,auto,auto,sensor 1920x1080 (cmd[7]=0xB0 bits7-6=10); TMB resize 80x45 (bits5-4=11); GRAY (bit3=0),"WB AUTO (cmd[9] high nibble=0); metering spot (cmd[9] bits3-2=01); TMB jpg ratio 1 (cmd[9] bits1-0=00); shoot interval 0 s; shots 7 (cmd[6]=0x07); product=crop PNG (A1 cell BDCE); source image = AKS grp 03 shot 01; shoot cmd = 59 00 A0 A3 1E 03 07 B0 B5 04 00 (timer=cmd[4] min, grp=cmd[5], shots=cmd[6])",high,"original: 03_Operation Log/05_AKS CAM/AKS_03/AKS_03_01_BDCE_20241227.png | shoot event: 04_SATLOG/satlog_0-10日目.txt; 初期運用_20241210-1215.xlsx (20241211, 20241212) | command spec: 05_software/5_YMG_MISCAM_AKS_AFR_CMD_241004.xlsx (sheets B0, 撮影A3, 撮影B3, (付属))","AKS grp03 A3 shoot; SATLOG EXECUTED 2024-12-12 05:36:59 (uplinked pass 05:02 JST, timer 0x1E=30 min; the 2024-12-11 10:44 attempt was not received). A1 crop BDCE uplinked 2024-12-23 10:15 pass +30 min (re-sent 12/25); downlinked 2024-12-27",3f1fed021ec9f43794ebe0b4d0d8ec2d6a960119eb2691637790361fdd9c813b
YOMOGI,CAM,AKS,2024-12-12,2024-12-28,data/03_yomogi/images/cam/aks_20241212T0536_098c15acc8.png,128,72,10612,48.64,85.09,ok,2024-12-12T05:36:59+09:00,2024-12-12T05:39:59+09:00,derived:satlog,auto,auto,auto,sensor 1920x1080 (cmd[7]=0xB0 bits7-6=10); TMB resize 80x45 (bits5-4=11); GRAY (bit3=0),"WB AUTO (cmd[9] high nibble=0); metering spot (cmd[9] bits3-2=01); TMB jpg ratio 1 (cmd[9] bits1-0=00); shoot interval 0 s; shots 7 (cmd[6]=0x07); product=crop PNG (A1 cell BDCE); source image = AKS grp 03 shot 01; shoot cmd = 59 00 A0 A3 1E 03 07 B0 B5 04 00 (timer=cmd[4] min, grp=cmd[5], shots=cmd[6])",high,"original: 03_Operation Log/05_AKS CAM/AKS_03/AKS_03_01_BDCE_20241228.png | shoot event: 04_SATLOG/satlog_0-10日目.txt; 初期運用_20241210-1215.xlsx (20241211, 20241212) | command spec: 05_software/5_YMG_MISCAM_AKS_AFR_CMD_241004.xlsx (sheets B0, 撮影A3, 撮影B3, (付属))","AKS grp03 A3 shoot; SATLOG EXECUTED 2024-12-12 05:36:59 (uplinked pass 05:02 JST, timer 0x1E=30 min; the 2024-12-11 10:44 attempt was not received). A1 crop BDCE uplinked 2024-12-23 10:15 pass +30 min (re-sent 12/25); downlinked 2024-12-28",098c15acc81209f0b1617b4af9a5f2f315687338eb404d538ea51b4aa8e973a2
YOMOGI,CAM,AKS,2024-12-12,2024-12-29,data/03_yomogi/images/cam/aks_20241212T0536_0a9eb2a2e1.png,128,72,10612,189.31,29.09,ok,2024-12-12T05:36:59+09:00,2024-12-12T05:39:59+09:00,derived:satlog,auto,auto,auto,sensor 1920x1080 (cmd[7]=0xB0 bits7-6=10); TMB resize 80x45 (bits5-4=11); GRAY (bit3=0),"WB AUTO (cmd[9] high nibble=0); metering spot (cmd[9] bits3-2=01); TMB jpg ratio 1 (cmd[9] bits1-0=00); shoot interval 0 s; shots 7 (cmd[6]=0x07); product=crop PNG (A1 cell BDCE); source image = AKS grp 03 shot 01; shoot cmd = 59 00 A0 A3 1E 03 07 B0 B5 04 00 (timer=cmd[4] min, grp=cmd[5], shots=cmd[6])",high,"original: 03_Operation Log/05_AKS CAM/AKS_03/AKS_03_01_BDCE_20241229.png | shoot event: 04_SATLOG/satlog_0-10日目.txt; 初期運用_20241210-1215.xlsx (20241211, 20241212) | command spec: 05_software/5_YMG_MISCAM_AKS_AFR_CMD_241004.xlsx (sheets B0, 撮影A3, 撮影B3, (付属))","AKS grp03 A3 shoot; SATLOG EXECUTED 2024-12-12 05:36:59 (uplinked pass 05:02 JST, timer 0x1E=30 min; the 2024-12-11 10:44 attempt was not received). A1 crop BDCE uplinked 2024-12-23 10:15 pass +30 min (re-sent 12/25); downlinked 2024-12-29",0a9eb2a2e17f8d239b12745f81610167662fa1cab222b120b2bc7c84e5f4dc37
YOMOGI,CAM,AKS,2024-12-12,2024-12-29,data/03_yomogi/images/cam/aks_20241212T0536_b181974d04.png,256,72,20597,26.53,70.33,ok,2024-12-12T05:36:59+09:00,2024-12-12T05:39:59+09:00,derived:satlog,auto,auto,auto,sensor 1920x1080 (cmd[7]=0xB0 bits7-6=10); TMB resize 80x45 (bits5-4=11); GRAY (bit3=0),"WB AUTO (cmd[9] high nibble=0); metering spot (cmd[9] bits3-2=01); TMB jpg ratio 1 (cmd[9] bits1-0=00); shoot interval 0 s; shots 7 (cmd[6]=0x07); product=crop PNG (A1 cell 9BBC); source image = AKS grp 03 shot 01; shoot cmd = 59 00 A0 A3 1E 03 07 B0 B5 04 00 (timer=cmd[4] min, grp=cmd[5], shots=cmd[6])",high,"original: 03_Operation Log/05_AKS CAM/AKS_03/AKS_03_01_9BBC_20241229.png | shoot event: 04_SATLOG/satlog_0-10日目.txt; 初期運用_20241210-1215.xlsx (20241211, 20241212) | command spec: 05_software/5_YMG_MISCAM_AKS_AFR_CMD_241004.xlsx (sheets B0, 撮影A3, 撮影B3, (付属))","AKS grp03 A3 shoot; SATLOG EXECUTED 2024-12-12 05:36:59 (uplinked pass 05:02 JST, timer 0x1E=30 min; the 2024-12-11 10:44 attempt was not received). A1 crop 9BBC uplinked 2024-12-26/27/29 (+10 min); downlinked 2024-12-29",b181974d046a09400cf58d85bfb5342505633370d8f72c0df5d9c9bc276aedbf
YOMOGI,CAM,AKS,2024-12-12,2024-12-31,data/03_yomogi/images/cam/aks_20241212T0536_1add568d9c.png,256,72,20597,182.37,23.91,ok,2024-12-12T05:36:59+09:00,2024-12-12T05:39:59+09:00,derived:satlog,auto,auto,auto,sensor 1920x1080 (cmd[7]=0xB0 bits7-6=10); TMB resize 80x45 (bits5-4=11); GRAY (bit3=0),"WB AUTO (cmd[9] high nibble=0); metering spot (cmd[9] bits3-2=01); TMB jpg ratio 1 (cmd[9] bits1-0=00); shoot interval 0 s; shots 7 (cmd[6]=0x07); product=crop PNG (A1 cell 9BBC); source image = AKS grp 03 shot 01; shoot cmd = 59 00 A0 A3 1E 03 07 B0 B5 04 00 (timer=cmd[4] min, grp=cmd[5], shots=cmd[6])",high,"original: 03_Operation Log/05_AKS CAM/AKS_03/AKS_03_01_9BBC_20241231.png | shoot event: 04_SATLOG/satlog_0-10日目.txt; 初期運用_20241210-1215.xlsx (20241211, 20241212) | command spec: 05_software/5_YMG_MISCAM_AKS_AFR_CMD_241004.xlsx (sheets B0, 撮影A3, 撮影B3, (付属))","AKS grp03 A3 shoot; SATLOG EXECUTED 2024-12-12 05:36:59 (uplinked pass 05:02 JST, timer 0x1E=30 min; the 2024-12-11 10:44 attempt was not received). Same crop, downlinked 2024-12-31",1add568d9cacea26e76b07bffc9b89c0bbb410c407c7bafb9bd8cbe65fe9f324
YOMOGI,CAM,AKS,2024-12-12,2025-01-03,data/03_yomogi/images/cam/aks_20241212T0536_2c66c02a0a.png,256,72,16633,37.14,75.86,ok,2024-12-12T05:36:59+09:00,2024-12-12T05:39:59+09:00,derived:satlog,auto,auto,auto,sensor 1920x1080 (cmd[7]=0xB0 bits7-6=10); TMB resize 80x45 (bits5-4=11); GRAY (bit3=0),"WB AUTO (cmd[9] high nibble=0); metering spot (cmd[9] bits3-2=01); TMB jpg ratio 1 (cmd[9] bits1-0=00); shoot interval 0 s; shots 7 (cmd[6]=0x07); product=crop PNG (A1 cell BDCE); source image = AKS grp 03 shot 01; shoot cmd = 59 00 A0 A3 1E 03 07 B0 B5 04 00 (timer=cmd[4] min, grp=cmd[5], shots=cmd[6])",high,"original: 03_Operation Log/05_AKS CAM/AKS_03/AKS_03_01_BDCE_20250103.png | shoot event: 04_SATLOG/satlog_0-10日目.txt; 初期運用_20241210-1215.xlsx (20241211, 20241212) | command spec: 05_software/5_YMG_MISCAM_AKS_AFR_CMD_241004.xlsx (sheets B0, 撮影A3, 撮影B3, (付属))","AKS grp03 A3 shoot; SATLOG EXECUTED 2024-12-12 05:36:59 (uplinked pass 05:02 JST, timer 0x1E=30 min; the 2024-12-11 10:44 attempt was not received). A1 crop BDCE uplinked 2024-12-23 10:15 pass +30 min (re-sent 12/25); downlinked 2025-01-03",2c66c02a0a011c1e39394db8d40bb5ff4891095986c905513beec862cd29011d
YOMOGI,CAM,AKS,2024-12-12,2025-01-04,data/03_yomogi/images/cam/aks_20241212T0536_6d065a27af.png,256,72,16633,217.44,17.85,ok,2024-12-12T05:36:59+09:00,2024-12-12T05:39:59+09:00,derived:satlog,auto,auto,auto,sensor 1920x1080 (cmd[7]=0xB0 bits7-6=10); TMB resize 80x45 (bits5-4=11); GRAY (bit3=0),"WB AUTO (cmd[9] high nibble=0); metering spot (cmd[9] bits3-2=01); TMB jpg ratio 1 (cmd[9] bits1-0=00); shoot interval 0 s; shots 7 (cmd[6]=0x07); product=crop PNG (A1 cell 9CBD); source image = AKS grp 03 shot 01; shoot cmd = 59 00 A0 A3 1E 03 07 B0 B5 04 00 (timer=cmd[4] min, grp=cmd[5], shots=cmd[6])",high,"original: 03_Operation Log/05_AKS CAM/AKS_03/AKS_03_01_9CBD_20250104.png | shoot event: 04_SATLOG/satlog_0-10日目.txt; 初期運用_20241210-1215.xlsx (20241211, 20241212) | command spec: 05_software/5_YMG_MISCAM_AKS_AFR_CMD_241004.xlsx (sheets B0, 撮影A3, 撮影B3, (付属))","AKS grp03 A3 shoot; SATLOG EXECUTED 2024-12-12 05:36:59 (uplinked pass 05:02 JST, timer 0x1E=30 min; the 2024-12-11 10:44 attempt was not received). A1 crop 9CBD uplinked 2024-12-31 23:05 pass, timer 0xB4=180 min (exec ~2025-01-01 02:05 JST); downlinked 2025-01-04",6d065a27aff5da0fb66c39487885103e9a6822d30dce053a8961a2a2c40e759b
YOMOGI,CAM,AKS,2024-12-12,2025-01-04,data/03_yomogi/images/cam/aks_20241212T0536_e8d5b8dd3a.png,1920,1080,284894,175.52,32.17,ok,2024-12-12T05:36:59+09:00,2024-12-12T05:39:59+09:00,derived:satlog,auto,auto,auto,sensor 1920x1080 (cmd[7]=0xB0 bits7-6=10); TMB resize 80x45 (bits5-4=11); GRAY (bit3=0),"WB AUTO (cmd[9] high nibble=0); metering spot (cmd[9] bits3-2=01); TMB jpg ratio 1 (cmd[9] bits1-0=00); shoot interval 0 s; shots 7 (cmd[6]=0x07); product=ground composite PNG 1920x1080 (photo_pazzle: TMB + crops pasted on 15x15 grid); source image = AKS grp 03 shot 01; shoot cmd = 59 00 A0 A3 1E 03 07 B0 B5 04 00 (timer=cmd[4] min, grp=cmd[5], shots=cmd[6])",low,"original: 03_Operation Log/05_AKS CAM/AKS_03/AKS_03_01_TMB_20241215_devided.png || 03_Operation Log/05_AKS CAM/AKS_03/AKS_03_01_20250104.png | shoot event: 04_SATLOG/satlog_0-10日目.txt; 初期運用_20241210-1215.xlsx (20241211, 20241212) | command spec: 05_software/5_YMG_MISCAM_AKS_AFR_CMD_241004.xlsx (sheets B0, 撮影A3, 撮影B3, (付属))","AKS grp03 A3 shoot; SATLOG EXECUTED 2024-12-12 05:36:59 (uplinked pass 05:02 JST, timer 0x1E=30 min; the 2024-12-11 10:44 attempt was not received). Not a downlinked image: assembled on the ground (2025-01-04) from AKS grp03 shot01 thumbnail + A1 crops (06_解析/photo_pazzle/test_v5.py)",e8d5b8dd3a76550212d1e475e079beee3a18b033101cb6d2113f190292099c65
YOMOGI,CAM,AKS,2024-12-12,2025-01-06,data/03_yomogi/images/cam/aks_20241212T0536_a562f009ef.png,256,72,15965,220.16,12.06,ok,2024-12-12T05:36:59+09:00,2024-12-12T05:39:59+09:00,derived:satlog,auto,auto,auto,sensor 1920x1080 (cmd[7]=0xB0 bits7-6=10); TMB resize 80x45 (bits5-4=11); GRAY (bit3=0),"WB AUTO (cmd[9] high nibble=0); metering spot (cmd[9] bits3-2=01); TMB jpg ratio 1 (cmd[9] bits1-0=00); shoot interval 0 s; shots 7 (cmd[6]=0x07); product=crop PNG (A1 cell 9DBE); source image = AKS grp 03 shot 01; shoot cmd = 59 00 A0 A3 1E 03 07 B0 B5 04 00 (timer=cmd[4] min, grp=cmd[5], shots=cmd[6])",high,"original: 03_Operation Log/05_AKS CAM/AKS_03/AKS_03_01_9DBE_20250106_2.png || 03_Operation Log/05_AKS CAM/AKS_03/AKS_03_01_9DBE_20250106.png | shoot event: 04_SATLOG/satlog_0-10日目.txt; 初期運用_20241210-1215.xlsx (20241211, 20241212) | command spec: 05_software/5_YMG_MISCAM_AKS_AFR_CMD_241004.xlsx (sheets B0, 撮影A3, 撮影B3, (付属))","AKS grp03 A3 shoot; SATLOG EXECUTED 2024-12-12 05:36:59 (uplinked pass 05:02 JST, timer 0x1E=30 min; the 2024-12-11 10:44 attempt was not received). A1 crop 9DBE uplinked 2025-01-04 21:06 pass, timer 180 min; downlinked 2025-01-06",a562f009eff032e85968577cd3aa9c6aa3c8559b65b9725bcfb9f2762fb16628
YOMOGI,CAM,AKS,2024-12-12,2025-01-06,data/03_yomogi/images/cam/aks_20241212T0536_d98644c0ac.png,1920,1080,306006,175.52,32.17,ok,2024-12-12T05:36:59+09:00,2024-12-12T05:39:59+09:00,derived:satlog,auto,auto,auto,sensor 1920x1080 (cmd[7]=0xB0 bits7-6=10); TMB resize 80x45 (bits5-4=11); GRAY (bit3=0),"WB AUTO (cmd[9] high nibble=0); metering spot (cmd[9] bits3-2=01); TMB jpg ratio 1 (cmd[9] bits1-0=00); shoot interval 0 s; shots 7 (cmd[6]=0x07); product=ground composite PNG 1920x1080 (photo_pazzle: TMB + crops pasted on 15x15 grid); source image = AKS grp 03 shot 01; shoot cmd = 59 00 A0 A3 1E 03 07 B0 B5 04 00 (timer=cmd[4] min, grp=cmd[5], shots=cmd[6])",low,"original: 03_Operation Log/05_AKS CAM/AKS_03/AKS_03_01_20250104_devided.png || 03_Operation Log/05_AKS CAM/AKS_03/AKS_03_01_20250106.png | shoot event: 04_SATLOG/satlog_0-10日目.txt; 初期運用_20241210-1215.xlsx (20241211, 20241212) | command spec: 05_software/5_YMG_MISCAM_AKS_AFR_CMD_241004.xlsx (sheets B0, 撮影A3, 撮影B3, (付属))","AKS grp03 A3 shoot; SATLOG EXECUTED 2024-12-12 05:36:59 (uplinked pass 05:02 JST, timer 0x1E=30 min; the 2024-12-11 10:44 attempt was not received). Not a downlinked image: assembled on the ground (2025-01-06) from AKS grp03 shot01 thumbnail + A1 crops (06_解析/photo_pazzle/test_v5.py)",d98644c0acde18c531bb2e567bdb0509db935075983fc2fac39ba14a311b1482
YOMOGI,CAM,AKS,2024-12-12,2025-01-08,data/03_yomogi/images/cam/aks_20241212T0536_657c9b8017.png,256,72,17157,9.11,43.88,dark,2024-12-12T05:36:59+09:00,2024-12-12T05:39:59+09:00,derived:satlog,auto,auto,auto,sensor 1920x1080 (cmd[7]=0xB0 bits7-6=10); TMB resize 80x45 (bits5-4=11); GRAY (bit3=0),"WB AUTO (cmd[9] high nibble=0); metering spot (cmd[9] bits3-2=01); TMB jpg ratio 1 (cmd[9] bits1-0=00); shoot interval 0 s; shots 7 (cmd[6]=0x07); product=crop PNG (A1 cell 9EBF); source image = AKS grp 03 shot 01; shoot cmd = 59 00 A0 A3 1E 03 07 B0 B5 04 00 (timer=cmd[4] min, grp=cmd[5], shots=cmd[6])",high,"original: 03_Operation Log/05_AKS CAM/AKS_03/AKS_03_01_9EBF_20250108.png | shoot event: 04_SATLOG/satlog_0-10日目.txt; 初期運用_20241210-1215.xlsx (20241211, 20241212) | command spec: 05_software/5_YMG_MISCAM_AKS_AFR_CMD_241004.xlsx (sheets B0, 撮影A3, 撮影B3, (付属))","AKS grp03 A3 shoot; SATLOG EXECUTED 2024-12-12 05:36:59 (uplinked pass 05:02 JST, timer 0x1E=30 min; the 2024-12-11 10:44 attempt was not received). A1 crop 9EBF uplinked 2025-01-07 19:57 pass +20 min; downlinked 2025-01-08",657c9b80173e420b88d60f23a3ea17fc7b75f8eea6eef0ffaaa30de166b9234b
YOMOGI,CAM,AKS,2024-12-12,2025-01-09,data/03_yomogi/images/cam/aks_20241212T0536_3d1b1592f5.png,256,72,17157,58.09,95.96,ok,2024-12-12T05:36:59+09:00,2024-12-12T05:39:59+09:00,derived:satlog,auto,auto,auto,sensor 1920x1080 (cmd[7]=0xB0 bits7-6=10); TMB resize 80x45 (bits5-4=11); GRAY (bit3=0),"WB AUTO (cmd[9] high nibble=0); metering spot (cmd[9] bits3-2=01); TMB jpg ratio 1 (cmd[9] bits1-0=00); shoot interval 0 s; shots 7 (cmd[6]=0x07); product=crop PNG (A1 cell 9EBF); source image = AKS grp 03 shot 01; shoot cmd = 59 00 A0 A3 1E 03 07 B0 B5 04 00 (timer=cmd[4] min, grp=cmd[5], shots=cmd[6])",high,"original: 03_Operation Log/05_AKS CAM/AKS_03/AKS_03_01_9EBF_20250109.png | shoot event: 04_SATLOG/satlog_0-10日目.txt; 初期運用_20241210-1215.xlsx (20241211, 20241212) | command spec: 05_software/5_YMG_MISCAM_AKS_AFR_CMD_241004.xlsx (sheets B0, 撮影A3, 撮影B3, (付属))","AKS grp03 A3 shoot; SATLOG EXECUTED 2024-12-12 05:36:59 (uplinked pass 05:02 JST, timer 0x1E=30 min; the 2024-12-11 10:44 attempt was not received). A1 crop 9EBF uplinked 2025-01-07 19:57 pass +20 min; downlinked 2025-01-09",3d1b1592f5758f6dc73699025cbc079226f4b8ef9f7ca4980d58ebb84d2744d4
YOMOGI,CAM,AKS,2024-12-12,2025-01-09,data/03_yomogi/images/cam/aks_20241212T0536_876f2cbc8a.png,256,72,17157,217.01,17.56,ok,2024-12-12T05:36:59+09:00,2024-12-12T05:39:59+09:00,derived:satlog,auto,auto,auto,sensor 1920x1080 (cmd[7]=0xB0 bits7-6=10); TMB resize 80x45 (bits5-4=11); GRAY (bit3=0),"WB AUTO (cmd[9] high nibble=0); metering spot (cmd[9] bits3-2=01); TMB jpg ratio 1 (cmd[9] bits1-0=00); shoot interval 0 s; shots 7 (cmd[6]=0x07); product=crop PNG (A1 cell 9EBF); source image = AKS grp 03 shot 01; shoot cmd = 59 00 A0 A3 1E 03 07 B0 B5 04 00 (timer=cmd[4] min, grp=cmd[5], shots=cmd[6])",high,"original: 03_Operation Log/05_AKS CAM/AKS_03/AKS_03_01_9EBF_20250109_2.png | shoot event: 04_SATLOG/satlog_0-10日目.txt; 初期運用_20241210-1215.xlsx (20241211, 20241212) | command spec: 05_software/5_YMG_MISCAM_AKS_AFR_CMD_241004.xlsx (sheets B0, 撮影A3, 撮影B3, (付属))","AKS grp03 A3 shoot; SATLOG EXECUTED 2024-12-12 05:36:59 (uplinked pass 05:02 JST, timer 0x1E=30 min; the 2024-12-11 10:44 attempt was not received). A1 crop 9EBF uplinked 2025-01-07 19:57 pass +20 min; downlinked 2025-01-09",876f2cbc8a64e0b8b453527b7148439a821345282e89a985856aee19252ab59a
YOMOGI,CAM,AKS,2024-12-12,2025-01-10,data/03_yomogi/images/cam/aks_20241212T0536_f59044031c.png,256,72,19779,133.42,80.56,ok,2024-12-12T05:36:59+09:00,2024-12-12T05:39:59+09:00,derived:satlog,auto,auto,auto,sensor 1920x1080 (cmd[7]=0xB0 bits7-6=10); TMB resize 80x45 (bits5-4=11); GRAY (bit3=0),"WB AUTO (cmd[9] high nibble=0); metering spot (cmd[9] bits3-2=01); TMB jpg ratio 1 (cmd[9] bits1-0=00); shoot interval 0 s; shots 7 (cmd[6]=0x07); product=crop PNG (A1 cell 7B9C); source image = AKS grp 03 shot 01; shoot cmd = 59 00 A0 A3 1E 03 07 B0 B5 04 00 (timer=cmd[4] min, grp=cmd[5], shots=cmd[6])",high,"original: 03_Operation Log/05_AKS CAM/AKS_03/AKS_03_01_7B9C_20250110.png | shoot event: 04_SATLOG/satlog_0-10日目.txt; 初期運用_20241210-1215.xlsx (20241211, 20241212) | command spec: 05_software/5_YMG_MISCAM_AKS_AFR_CMD_241004.xlsx (sheets B0, 撮影A3, 撮影B3, (付属))","AKS grp03 A3 shoot; SATLOG EXECUTED 2024-12-12 05:36:59 (uplinked pass 05:02 JST, timer 0x1E=30 min; the 2024-12-11 10:44 attempt was not received). A1 crop 7B9C uplinked 2025-01-09 19:42 pass +15 min; downlinked 2025-01-10",f59044031c6f44daa7522b2cbe8d98304c28389d4a7f46fe72bbfbb2d9914e5f
YOMOGI,CAM,AKS,2024-12-12,2025-01-11,data/03_yomogi/images/cam/aks_20241212T0536_a9014bec68.png,1920,1080,320375,175.52,32.17,ok,2024-12-12T05:36:59+09:00,2024-12-12T05:39:59+09:00,derived:satlog,auto,auto,auto,sensor 1920x1080 (cmd[7]=0xB0 bits7-6=10); TMB resize 80x45 (bits5-4=11); GRAY (bit3=0),"WB AUTO (cmd[9] high nibble=0); metering spot (cmd[9] bits3-2=01); TMB jpg ratio 1 (cmd[9] bits1-0=00); shoot interval 0 s; shots 7 (cmd[6]=0x07); product=ground composite PNG 1920x1080 (photo_pazzle: TMB + crops pasted on 15x15 grid); source image = AKS grp 03 shot 01; shoot cmd = 59 00 A0 A3 1E 03 07 B0 B5 04 00 (timer=cmd[4] min, grp=cmd[5], shots=cmd[6])",low,"original: 03_Operation Log/05_AKS CAM/AKS_03/AKS_03_01_20250106_devided.png || 03_Operation Log/05_AKS CAM/AKS_03/AKS_03_01_20250111.png | shoot event: 04_SATLOG/satlog_0-10日目.txt; 初期運用_20241210-1215.xlsx (20241211, 20241212) | command spec: 05_software/5_YMG_MISCAM_AKS_AFR_CMD_241004.xlsx (sheets B0, 撮影A3, 撮影B3, (付属))","AKS grp03 A3 shoot; SATLOG EXECUTED 2024-12-12 05:36:59 (uplinked pass 05:02 JST, timer 0x1E=30 min; the 2024-12-11 10:44 attempt was not received). Not a downlinked image: assembled on the ground (2025-01-11) from AKS grp03 shot01 thumbnail + A1 crops (06_解析/photo_pazzle/test_v5.py)",a9014bec68ae26aedcca53acda9076bba9216aeb6483a2c88dd3e52b89adfcf2
YOMOGI,CAM,AKS,2024-12-12,2025-01-13,data/03_yomogi/images/cam/aks_20241212T0536_005b534d3c.png,256,72,19973,181.84,16.32,ok,2024-12-12T05:36:59+09:00,2024-12-12T05:39:59+09:00,derived:satlog,auto,auto,auto,sensor 1920x1080 (cmd[7]=0xB0 bits7-6=10); TMB resize 80x45 (bits5-4=11); GRAY (bit3=0),"WB AUTO (cmd[9] high nibble=0); metering spot (cmd[9] bits3-2=01); TMB jpg ratio 1 (cmd[9] bits1-0=00); shoot interval 0 s; shots 7 (cmd[6]=0x07); product=crop PNG (A1 cell 7C9D); source image = AKS grp 03 shot 01; shoot cmd = 59 00 A0 A3 1E 03 07 B0 B5 04 00 (timer=cmd[4] min, grp=cmd[5], shots=cmd[6])",high,"original: 03_Operation Log/05_AKS CAM/AKS_03/AKS_03_01__7C9D_20250113.png | shoot event: 04_SATLOG/satlog_0-10日目.txt; 初期運用_20241210-1215.xlsx (20241211, 20241212) | command spec: 05_software/5_YMG_MISCAM_AKS_AFR_CMD_241004.xlsx (sheets B0, 撮影A3, 撮影B3, (付属))","AKS grp03 A3 shoot; SATLOG EXECUTED 2024-12-12 05:36:59 (uplinked pass 05:02 JST, timer 0x1E=30 min; the 2024-12-11 10:44 attempt was not received). A1 crop 7C9D uplinked 2025-01-11 17:51 (+15) / 2025-01-13 17:35 (+25); downlinked 2025-01-13",005b534d3c098effa07c2f449100379d353bcf3eb4d99ba12027a04ebac81e83
YOMOGI,CAM,AKS,2024-12-12,2025-01-15,data/03_yomogi/images/cam/aks_20241212T0536_19b96da049.png,256,72,22168,148.41,15.50,ok,2024-12-12T05:36:59+09:00,2024-12-12T05:39:59+09:00,derived:satlog,auto,auto,auto,sensor 1920x1080 (cmd[7]=0xB0 bits7-6=10); TMB resize 80x45 (bits5-4=11); GRAY (bit3=0),"WB AUTO (cmd[9] high nibble=0); metering spot (cmd[9] bits3-2=01); TMB jpg ratio 1 (cmd[9] bits1-0=00); shoot interval 0 s; shots 7 (cmd[6]=0x07); product=crop PNG (A1 cell 7D9E); source image = AKS grp 03 shot 01; shoot cmd = 59 00 A0 A3 1E 03 07 B0 B5 04 00 (timer=cmd[4] min, grp=cmd[5], shots=cmd[6])",high,"original: 03_Operation Log/05_AKS CAM/AKS_03/AKS_03_01_7D9E_20250115.png | shoot event: 04_SATLOG/satlog_0-10日目.txt; 初期運用_20241210-1215.xlsx (20241211, 20241212) | command spec: 05_software/5_YMG_MISCAM_AKS_AFR_CMD_241004.xlsx (sheets B0, 撮影A3, 撮影B3, (付属))","AKS grp03 A3 shoot; SATLOG EXECUTED 2024-12-12 05:36:59 (uplinked pass 05:02 JST, timer 0x1E=30 min; the 2024-12-11 10:44 attempt was not received). A1 crop 7D9E uplinked 2025-01-13 (+25 min); downlinked 2025-01-15",19b96da04919ee3e5064142a8936440004ea30860b1d08147c22bae8fc7e6fa4
YOMOGI,CAM,AKS,2024-12-12,2025-01-16,data/03_yomogi/images/cam/aks_20241212T0536_ff39fcc38e.png,256,72,22482,147.64,16.55,ok,2024-12-12T05:36:59+09:00,2024-12-12T05:39:59+09:00,derived:satlog,auto,auto,auto,sensor 1920x1080 (cmd[7]=0xB0 bits7-6=10); TMB resize 80x45 (bits5-4=11); GRAY (bit3=0),"WB AUTO (cmd[9] high nibble=0); metering spot (cmd[9] bits3-2=01); TMB jpg ratio 1 (cmd[9] bits1-0=00); shoot interval 0 s; shots 7 (cmd[6]=0x07); product=crop PNG (A1 cell 7E9F); source image = AKS grp 03 shot 01; shoot cmd = 59 00 A0 A3 1E 03 07 B0 B5 04 00 (timer=cmd[4] min, grp=cmd[5], shots=cmd[6])",high,"original: 03_Operation Log/05_AKS CAM/20250116_1パス.jpg || 03_Operation Log/05_AKS CAM/AKS_03/AKS_03_01__7E9F_20250116.png | shoot event: 04_SATLOG/satlog_0-10日目.txt; 初期運用_20241210-1215.xlsx (20241211, 20241212) | command spec: 05_software/5_YMG_MISCAM_AKS_AFR_CMD_241004.xlsx (sheets B0, 撮影A3, 撮影B3, (付属))","AKS grp03 A3 shoot; SATLOG EXECUTED 2024-12-12 05:36:59 (uplinked pass 05:02 JST, timer 0x1E=30 min; the 2024-12-11 10:44 attempt was not received). A1 crop 7E9F uplinked 2025-01-14/15 (+25 min); downlinked 2025-01-16 (also saved as 20250116_1パス.jpg)",ff39fcc38e679dcda34cc81ccc2c3b8eac48cd720efffd15bcc1884e1f57ca61
YOMOGI,CAM,AKS,2024-12-12,2025-01-23,data/03_yomogi/images/cam/aks_20241212T0536_5b9221ac16.png,256,72,20293,158.70,57.65,ok,2024-12-12T05:36:59+09:00,2024-12-12T05:39:59+09:00,derived:satlog,auto,auto,auto,sensor 1920x1080 (cmd[7]=0xB0 bits7-6=10); TMB resize 80x45 (bits5-4=11); GRAY (bit3=0),"WB AUTO (cmd[9] high nibble=0); metering spot (cmd[9] bits3-2=01); TMB jpg ratio 1 (cmd[9] bits1-0=00); shoot interval 0 s; shots 7 (cmd[6]=0x07); product=crop PNG (A1 cell 5E7F); source image = AKS grp 03 shot 01; shoot cmd = 59 00 A0 A3 1E 03 07 B0 B5 04 00 (timer=cmd[4] min, grp=cmd[5], shots=cmd[6])",high,"original: 03_Operation Log/05_AKS CAM/AKS_03/AKS_03_01_5E7F_20250123.png | shoot event: 04_SATLOG/satlog_0-10日目.txt; 初期運用_20241210-1215.xlsx (20241211, 20241212) | command spec: 05_software/5_YMG_MISCAM_AKS_AFR_CMD_241004.xlsx (sheets B0, 撮影A3, 撮影B3, (付属))","AKS grp03 A3 shoot; SATLOG EXECUTED 2024-12-12 05:36:59 (uplinked pass 05:02 JST, timer 0x1E=30 min; the 2024-12-11 10:44 attempt was not received). A1 crop 5E7F executed 2025-01-22 15:43:31 (SATLOG); downlinked 2025-01-22/23",5b9221ac163732263c15367934bb53da12e191f815f827fd92218ec3ca97742c
YOMOGI,CAM,AKS,2024-12-12,2025-01-23,data/03_yomogi/images/cam/aks_20241212T0536_5db845121e.png,256,72,20293,179.56,13.94,ok,2024-12-12T05:36:59+09:00,2024-12-12T05:39:59+09:00,derived:satlog,auto,auto,auto,sensor 1920x1080 (cmd[7]=0xB0 bits7-6=10); TMB resize 80x45 (bits5-4=11); GRAY (bit3=0),"WB AUTO (cmd[9] high nibble=0); metering spot (cmd[9] bits3-2=01); TMB jpg ratio 1 (cmd[9] bits1-0=00); shoot interval 0 s; shots 7 (cmd[6]=0x07); product=crop PNG (A1 cell 5E7F); source image = AKS grp 03 shot 01; shoot cmd = 59 00 A0 A3 1E 03 07 B0 B5 04 00 (timer=cmd[4] min, grp=cmd[5], shots=cmd[6])",high,"original: 03_Operation Log/05_AKS CAM/AKS_03/AKS_03_01_5E7F_20250123_2.png | shoot event: 04_SATLOG/satlog_0-10日目.txt; 初期運用_20241210-1215.xlsx (20241211, 20241212) | command spec: 05_software/5_YMG_MISCAM_AKS_AFR_CMD_241004.xlsx (sheets B0, 撮影A3, 撮影B3, (付属))","AKS grp03 A3 shoot; SATLOG EXECUTED 2024-12-12 05:36:59 (uplinked pass 05:02 JST, timer 0x1E=30 min; the 2024-12-11 10:44 attempt was not received). Same crop, second reconstruction (_2), downlinked 2025-01-23",5db845121e5352d08623ec23c0715a8515bd6d340a9d8272e34ce41b90c5caad
YOMOGI,CAM,AKS,2024-12-12,2025-01-24,data/03_yomogi/images/cam/aks_20241212T0536_43b87ecd3c.png,128,72,11434,157.47,21.45,ok,2024-12-12T05:36:59+09:00,2024-12-12T05:39:59+09:00,derived:satlog,auto,auto,auto,sensor 1920x1080 (cmd[7]=0xB0 bits7-6=10); TMB resize 80x45 (bits5-4=11); GRAY (bit3=0),"WB AUTO (cmd[9] high nibble=0); metering spot (cmd[9] bits3-2=01); TMB jpg ratio 1 (cmd[9] bits1-0=00); shoot interval 0 s; shots 7 (cmd[6]=0x07); product=crop PNG (A1 cell 3E4F); source image = AKS grp 03 shot 01; shoot cmd = 59 00 A0 A3 1E 03 07 B0 B5 04 00 (timer=cmd[4] min, grp=cmd[5], shots=cmd[6])",high,"original: 03_Operation Log/05_AKS CAM/AKS_03/AKS_03_01_3E4F_20250124.png | shoot event: 04_SATLOG/satlog_0-10日目.txt; 初期運用_20241210-1215.xlsx (20241211, 20241212) | command spec: 05_software/5_YMG_MISCAM_AKS_AFR_CMD_241004.xlsx (sheets B0, 撮影A3, 撮影B3, (付属))","AKS grp03 A3 shoot; SATLOG EXECUTED 2024-12-12 05:36:59 (uplinked pass 05:02 JST, timer 0x1E=30 min; the 2024-12-11 10:44 attempt was not received). A1 crop 3E4F uplinked 2025-01-23 16:03 pass +15 min; downlinked 2025-01-24",43b87ecd3c88734e4c62cc9de488a8bbdc0397b46b5c6b17fa1718e3c3ffb06e
YOMOGI,CAM,AKS,2025-01-24,2025-01-25,data/03_yomogi/images/cam/aks_20250124T1642_1accbac17d.jpg,320,180,2594,0.01,0.11,dark,2025-01-24T16:42:42+09:00,2025-01-24T16:51:54+09:00,pass+timer,auto,auto,auto,sensor 1920x1080 (cmd[7]=0xA8 bits7-6=10); TMB resize 320x180 (10); RGB (bit3=1),"WB AUTO (cmd[9] high nibble=0); metering spot (cmd[9] bits3-2=01); TMB jpg ratio 1 (cmd[9] bits1-0=00); shoot interval 0 s; shots 7 (cmd[6]=0x07); product=thumbnail JPEG 320x180; source image = AKS grp 04 shot 07; shoot cmd = 59 00 A0 A3 00 04 07 A8 B5 04 00 (timer=cmd[4] min, grp=cmd[5], shots=cmd[6])",medium,"original: 03_Operation Log/05_AKS CAM/AKS_04/AKS_04_07_20250125_2.jpg | shoot event: 04_運用日報/old/運用日報_20241223~0131.xlsx (2025-01-24, 2025-01-25); 02_運用スケジュール/GDNS_PLAN_051_YMG運用スケジュール_20250219.xlsm (送信CMD pass 161) | command spec: 05_software/5_YMG_MISCAM_AKS_AFR_CMD_241004.xlsx (sheets B0, 撮影A3, 撮影B3, (付属))","AKS grp04 A3 shoot over Japan; uplinked in pass 2025-01-24 16:42:42-16:48:54 JST with timer 0 (immediate); ACK ok, data ok (運用日報); no SATLOG coverage. AKS_04_07 downlinked 2025-01-25 (variant _2, 42 packets, dark)",1accbac17dbd6c368b0c3ccd0996d6ea829435493aa1e492a171e5463efa549b
YOMOGI,CAM,AKS,2025-01-24,2025-01-25,data/03_yomogi/images/cam/aks_20250124T1642_720f7fceaa.jpg,320,180,11132,208.74,49.09,ok,2025-01-24T16:42:42+09:00,2025-01-24T16:51:54+09:00,pass+timer,auto,auto,auto,sensor 1920x1080 (cmd[7]=0xA8 bits7-6=10); TMB resize 320x180 (10); RGB (bit3=1),"WB AUTO (cmd[9] high nibble=0); metering spot (cmd[9] bits3-2=01); TMB jpg ratio 1 (cmd[9] bits1-0=00); shoot interval 0 s; shots 7 (cmd[6]=0x07); product=thumbnail JPEG 320x180; source image = AKS grp 04 shot 05; shoot cmd = 59 00 A0 A3 00 04 07 A8 B5 04 00 (timer=cmd[4] min, grp=cmd[5], shots=cmd[6])",medium,"original: 03_Operation Log/05_AKS CAM/AKS_04/AKS_04_05_20250125_2.jpg || 03_Operation Log/05_AKS CAM/AKS_04/AKS_04_05_20250125_3.jpg | shoot event: 04_運用日報/old/運用日報_20241223~0131.xlsx (2025-01-24, 2025-01-25); 02_運用スケジュール/GDNS_PLAN_051_YMG運用スケジュール_20250219.xlsm (送信CMD pass 161) | command spec: 05_software/5_YMG_MISCAM_AKS_AFR_CMD_241004.xlsx (sheets B0, 撮影A3, 撮影B3, (付属))","AKS grp04 A3 shoot over Japan; uplinked in pass 2025-01-24 16:42:42-16:48:54 JST with timer 0 (immediate); ACK ok, data ok (運用日報); no SATLOG coverage. AKS_04_05 downlinked 2025-01-25 (182 packets (also saved as _3))",720f7fceaa3155cab5ed8344eac1d133f690228a88ec6ae89cc83075e847ad7b
YOMOGI,CAM,AKS,2025-01-24,2025-01-25,data/03_yomogi/images/cam/aks_20250124T1642_74c411255e.jpg,320,180,2315,147.79,35.65,ok,2025-01-24T16:42:42+09:00,2025-01-24T16:51:54+09:00,pass+timer,auto,auto,auto,sensor 1920x1080 (cmd[7]=0xA8 bits7-6=10); TMB resize 320x180 (10); RGB (bit3=1),"WB AUTO (cmd[9] high nibble=0); metering spot (cmd[9] bits3-2=01); TMB jpg ratio 1 (cmd[9] bits1-0=00); shoot interval 0 s; shots 7 (cmd[6]=0x07); product=thumbnail JPEG 320x180; source image = AKS grp 04 shot 01; shoot cmd = 59 00 A0 A3 00 04 07 A8 B5 04 00 (timer=cmd[4] min, grp=cmd[5], shots=cmd[6])",medium,"original: 03_Operation Log/05_AKS CAM/AKS_04/AKS_04_01_20250125.jpg | shoot event: 04_運用日報/old/運用日報_20241223~0131.xlsx (2025-01-24, 2025-01-25); 02_運用スケジュール/GDNS_PLAN_051_YMG運用スケジュール_20250219.xlsm (送信CMD pass 161) | command spec: 05_software/5_YMG_MISCAM_AKS_AFR_CMD_241004.xlsx (sheets B0, 撮影A3, 撮影B3, (付属))","AKS grp04 A3 shoot over Japan; uplinked in pass 2025-01-24 16:42:42-16:48:54 JST with timer 0 (immediate); ACK ok, data ok (運用日報); no SATLOG coverage. AKS_04_01 downlinked 2025-01-25 (37 packets)",74c411255ecdb79d3b0f6c9d0f9f3482e55c907103079a6e4996e580840dec19
YOMOGI,CAM,AKS,2025-01-24,2025-01-25,data/03_yomogi/images/cam/aks_20250124T1642_76c46e6b6b.jpg,320,180,11132,204.45,50.28,ok,2025-01-24T16:42:42+09:00,2025-01-24T16:51:54+09:00,pass+timer,auto,auto,auto,sensor 1920x1080 (cmd[7]=0xA8 bits7-6=10); TMB resize 320x180 (10); RGB (bit3=1),"WB AUTO (cmd[9] high nibble=0); metering spot (cmd[9] bits3-2=01); TMB jpg ratio 1 (cmd[9] bits1-0=00); shoot interval 0 s; shots 7 (cmd[6]=0x07); product=thumbnail JPEG 320x180; source image = AKS grp 04 shot 05; shoot cmd = 59 00 A0 A3 00 04 07 A8 B5 04 00 (timer=cmd[4] min, grp=cmd[5], shots=cmd[6])",medium,"original: 03_Operation Log/05_AKS CAM/AKS_04/AKS_04_05_20250125.jpg | shoot event: 04_運用日報/old/運用日報_20241223~0131.xlsx (2025-01-24, 2025-01-25); 02_運用スケジュール/GDNS_PLAN_051_YMG運用スケジュール_20250219.xlsm (送信CMD pass 161) | command spec: 05_software/5_YMG_MISCAM_AKS_AFR_CMD_241004.xlsx (sheets B0, 撮影A3, 撮影B3, (付属))","AKS grp04 A3 shoot over Japan; uplinked in pass 2025-01-24 16:42:42-16:48:54 JST with timer 0 (immediate); ACK ok, data ok (運用日報); no SATLOG coverage. AKS_04_05 downlinked 2025-01-25 (182 packets)",76c46e6b6b307681c1610d67602a7858fbb32202e7dc1af773578be94825469d
YOMOGI,CAM,AKS,2025-01-24,2025-01-25,data/03_yomogi/images/cam/aks_20250124T1642_a0b3947bbc.jpg,320,180,2594,101.84,51.59,ok,2025-01-24T16:42:42+09:00,2025-01-24T16:51:54+09:00,pass+timer,auto,auto,auto,sensor 1920x1080 (cmd[7]=0xA8 bits7-6=10); TMB resize 320x180 (10); RGB (bit3=1),"WB AUTO (cmd[9] high nibble=0); metering spot (cmd[9] bits3-2=01); TMB jpg ratio 1 (cmd[9] bits1-0=00); shoot interval 0 s; shots 7 (cmd[6]=0x07); product=thumbnail JPEG 320x180; source image = AKS grp 04 shot 07; shoot cmd = 59 00 A0 A3 00 04 07 A8 B5 04 00 (timer=cmd[4] min, grp=cmd[5], shots=cmd[6])",medium,"original: 03_Operation Log/05_AKS CAM/AKS_04/AKS_04_07_20250125.jpg | shoot event: 04_運用日報/old/運用日報_20241223~0131.xlsx (2025-01-24, 2025-01-25); 02_運用スケジュール/GDNS_PLAN_051_YMG運用スケジュール_20250219.xlsm (送信CMD pass 161) | command spec: 05_software/5_YMG_MISCAM_AKS_AFR_CMD_241004.xlsx (sheets B0, 撮影A3, 撮影B3, (付属))","AKS grp04 A3 shoot over Japan; uplinked in pass 2025-01-24 16:42:42-16:48:54 JST with timer 0 (immediate); ACK ok, data ok (運用日報); no SATLOG coverage. AKS_04_07 downlinked 2025-01-25 (42 packets)",a0b3947bbca665bf4ce193befa9a55ffc6d44507d2b8d1bf934dca999ad174e3
YOMOGI,CAM,AKS,2025-01-24,2025-01-25,data/03_yomogi/images/cam/aks_20250124T1642_d1a9878840.jpg,320,180,1084,0.00,0.00,dark,2025-01-24T16:42:42+09:00,2025-01-24T16:51:54+09:00,pass+timer,auto,auto,auto,sensor 1920x1080 (cmd[7]=0xA8 bits7-6=10); TMB resize 320x180 (10); RGB (bit3=1),"WB AUTO (cmd[9] high nibble=0); metering spot (cmd[9] bits3-2=01); TMB jpg ratio 1 (cmd[9] bits1-0=00); shoot interval 0 s; shots 7 (cmd[6]=0x07); product=thumbnail JPEG 320x180; source image = AKS grp 04 shot 06; shoot cmd = 59 00 A0 A3 00 04 07 A8 B5 04 00 (timer=cmd[4] min, grp=cmd[5], shots=cmd[6])",medium,"original: 03_Operation Log/05_AKS CAM/AKS_04/AKS_04_06_20250125.jpg | shoot event: 04_運用日報/old/運用日報_20241223~0131.xlsx (2025-01-24, 2025-01-25); 02_運用スケジュール/GDNS_PLAN_051_YMG運用スケジュール_20250219.xlsm (送信CMD pass 161) | command spec: 05_software/5_YMG_MISCAM_AKS_AFR_CMD_241004.xlsx (sheets B0, 撮影A3, 撮影B3, (付属))","AKS grp04 A3 shoot over Japan; uplinked in pass 2025-01-24 16:42:42-16:48:54 JST with timer 0 (immediate); ACK ok, data ok (運用日報); no SATLOG coverage. AKS_04_06 downlinked 2025-01-25 (17 packets, dark)",d1a98788402dece109cceed38e0cce48f9d5cf3aafaaca5d74e423db3717723f
YOMOGI,CAM,AKS,2025-01-26,2025-01-27,data/03_yomogi/images/cam/aks_20250126T1551_3ef80f096d.jpg,80,45,2147,92.78,12.45,ok,2025-01-26T15:51:36+09:00,2025-01-26T16:02:45+09:00,pass+timer,auto,auto,auto,sensor 1280x720 (cmd[7]=0x78 bits7-6=01); TMB resize 80x45 (11); RGB (bit3=1),"WB AUTO (cmd[9] high nibble=0); metering spot (cmd[9] bits3-2=01); TMB jpg ratio 1 (cmd[9] bits1-0=00); shoot interval 0 s; shots 7 (cmd[6]=0x07); product=thumbnail JPEG 80x45; source image = AKS grp 05 shot 05; shoot cmd = 59 00 A0 A3 46 05 07 78 B5 04 00 (timer=cmd[4] min, grp=cmd[5], shots=cmd[6])",medium,"original: 03_Operation Log/05_AKS CAM/AKS_05/AKS_05_05_20250127.jpg | shoot event: 運用日報_20241223~0131.xlsx (2025-01-26, 2025-01-27); GDNS_PLAN_051 送信CMD pass 173 | command spec: 05_software/5_YMG_MISCAM_AKS_AFR_CMD_241004.xlsx (sheets B0, 撮影A3, 撮影B3, (付属))","AKS grp05 A3 shoot (target Madagascar); uplinked pass 2025-01-26 14:41:36-14:49:45 JST, timer 0x46=70 min (log label says 80); ACK ok; no SATLOG coverage. AKS_05_05 downlinked 2025-01-26/27 35 packets",3ef80f096d66d5a529f104734349ad843e2f7dbff27135a3d9c8835b2ff46563
YOMOGI,CAM,AKS,2025-01-26,2025-01-27,data/03_yomogi/images/cam/aks_20250126T1551_8e58f43782.jpg,80,45,2181,39.91,4.31,low_contrast,2025-01-26T15:51:36+09:00,2025-01-26T16:02:45+09:00,pass+timer,auto,auto,auto,sensor 1280x720 (cmd[7]=0x78 bits7-6=01); TMB resize 80x45 (11); RGB (bit3=1),"WB AUTO (cmd[9] high nibble=0); metering spot (cmd[9] bits3-2=01); TMB jpg ratio 1 (cmd[9] bits1-0=00); shoot interval 0 s; shots 7 (cmd[6]=0x07); product=thumbnail JPEG 80x45; source image = AKS grp 05 shot 01; shoot cmd = 59 00 A0 A3 46 05 07 78 B5 04 00 (timer=cmd[4] min, grp=cmd[5], shots=cmd[6])",medium,"original: 03_Operation Log/05_AKS CAM/AKS_05/AKS_05_01_20250127.jpg | shoot event: 運用日報_20241223~0131.xlsx (2025-01-26, 2025-01-27); GDNS_PLAN_051 送信CMD pass 173 | command spec: 05_software/5_YMG_MISCAM_AKS_AFR_CMD_241004.xlsx (sheets B0, 撮影A3, 撮影B3, (付属))","AKS grp05 A3 shoot (target Madagascar); uplinked pass 2025-01-26 14:41:36-14:49:45 JST, timer 0x46=70 min (log label says 80); ACK ok; no SATLOG coverage. AKS_05_01 downlinked 2025-01-26/27 36 packets",8e58f43782942d381c505e4934b8a93b1744c6327cec533e52047db9966154d1
YOMOGI,CAM,AKS,2025-01-26,2025-01-27,data/03_yomogi/images/cam/aks_20250126T1551_a40a87a38f.jpg,80,45,2293,145.74,16.62,ok,2025-01-26T15:51:36+09:00,2025-01-26T16:02:45+09:00,pass+timer,auto,auto,auto,sensor 1280x720 (cmd[7]=0x78 bits7-6=01); TMB resize 80x45 (11); RGB (bit3=1),"WB AUTO (cmd[9] high nibble=0); metering spot (cmd[9] bits3-2=01); TMB jpg ratio 1 (cmd[9] bits1-0=00); shoot interval 0 s; shots 7 (cmd[6]=0x07); product=thumbnail JPEG 80x45; source image = AKS grp 05 shot 03; shoot cmd = 59 00 A0 A3 46 05 07 78 B5 04 00 (timer=cmd[4] min, grp=cmd[5], shots=cmd[6])",medium,"original: 03_Operation Log/05_AKS CAM/AKS_05/AKS_05_03_20250127.jpg | shoot event: 運用日報_20241223~0131.xlsx (2025-01-26, 2025-01-27); GDNS_PLAN_051 送信CMD pass 173 | command spec: 05_software/5_YMG_MISCAM_AKS_AFR_CMD_241004.xlsx (sheets B0, 撮影A3, 撮影B3, (付属))","AKS grp05 A3 shoot (target Madagascar); uplinked pass 2025-01-26 14:41:36-14:49:45 JST, timer 0x46=70 min (log label says 80); ACK ok; no SATLOG coverage. AKS_05_03 downlinked 2025-01-26/27 37 packets",a40a87a38f73fb05f080c5fca7f1d3d6370f82d78347490e05d4b19cd95a2173
YOMOGI,CAM,AKS,2025-01-26,2025-01-27,data/03_yomogi/images/cam/aks_20250126T1551_e39ee40863.jpg,80,45,3176,119.14,69.28,ok,2025-01-26T15:51:36+09:00,2025-01-26T16:02:45+09:00,pass+timer,auto,auto,auto,sensor 1280x720 (cmd[7]=0x78 bits7-6=01); TMB resize 80x45 (11); RGB (bit3=1),"WB AUTO (cmd[9] high nibble=0); metering spot (cmd[9] bits3-2=01); TMB jpg ratio 1 (cmd[9] bits1-0=00); shoot interval 0 s; shots 7 (cmd[6]=0x07); product=thumbnail JPEG 80x45; source image = AKS grp 05 shot 04; shoot cmd = 59 00 A0 A3 46 05 07 78 B5 04 00 (timer=cmd[4] min, grp=cmd[5], shots=cmd[6])",medium,"original: 03_Operation Log/05_AKS CAM/AKS_05/AKS_05_04_20250127.jpg | shoot event: 運用日報_20241223~0131.xlsx (2025-01-26, 2025-01-27); GDNS_PLAN_051 送信CMD pass 173 | command spec: 05_software/5_YMG_MISCAM_AKS_AFR_CMD_241004.xlsx (sheets B0, 撮影A3, 撮影B3, (付属))","AKS grp05 A3 shoot (target Madagascar); uplinked pass 2025-01-26 14:41:36-14:49:45 JST, timer 0x46=70 min (log label says 80); ACK ok; no SATLOG coverage. AKS_05_04 downlinked 2025-01-26/27 52 packets",e39ee40863d8f5d248fb58005fa42fe12c37922ad75aa4c6f8d2067adf5c11b3
YOMOGI,CAM,AKS,2025-01-26,2025-01-27,data/03_yomogi/images/cam/aks_20250126T1551_e476c68800.jpg,80,45,681,77.68,12.65,ok,2025-01-26T15:51:36+09:00,2025-01-26T16:02:45+09:00,pass+timer,auto,auto,auto,sensor 1280x720 (cmd[7]=0x78 bits7-6=01); TMB resize 80x45 (11); RGB (bit3=1),"WB AUTO (cmd[9] high nibble=0); metering spot (cmd[9] bits3-2=01); TMB jpg ratio 1 (cmd[9] bits1-0=00); shoot interval 0 s; shots 7 (cmd[6]=0x07); product=thumbnail JPEG 80x45; source image = AKS grp 05 shot 06; shoot cmd = 59 00 A0 A3 46 05 07 78 B5 04 00 (timer=cmd[4] min, grp=cmd[5], shots=cmd[6])",medium,"original: 03_Operation Log/05_AKS CAM/AKS_05/AKS_05_06_20250127.jpg | shoot event: 運用日報_20241223~0131.xlsx (2025-01-26, 2025-01-27); GDNS_PLAN_051 送信CMD pass 173 | command spec: 05_software/5_YMG_MISCAM_AKS_AFR_CMD_241004.xlsx (sheets B0, 撮影A3, 撮影B3, (付属))","AKS grp05 A3 shoot (target Madagascar); uplinked pass 2025-01-26 14:41:36-14:49:45 JST, timer 0x46=70 min (log label says 80); ACK ok; no SATLOG coverage. AKS_05_06 downlinked 2025-01-26/27",e476c688004c1bf6149509e5f0be31b5734dcb496c90735817380442d8721513
YOMOGI,CAM,AKS,2025-01-26,2025-01-27,data/03_yomogi/images/cam/aks_20250126T1551_fc102509b1.png,1920,1080,266132,119.14,69.29,ok,2025-01-26T15:51:36+09:00,2025-01-26T16:02:45+09:00,derived:pass+timer,auto,auto,auto,sensor 1280x720 (cmd[7]=0x78 bits7-6=01); TMB resize 80x45 (11); RGB (bit3=1),"WB AUTO (cmd[9] high nibble=0); metering spot (cmd[9] bits3-2=01); TMB jpg ratio 1 (cmd[9] bits1-0=00); shoot interval 0 s; shots 7 (cmd[6]=0x07); product=ground composite PNG 1920x1080 (photo_pazzle); source image = AKS grp 05 shot 04; shoot cmd = 59 00 A0 A3 46 05 07 78 B5 04 00 (timer=cmd[4] min, grp=cmd[5], shots=cmd[6])",low,"original: 03_Operation Log/05_AKS CAM/AKS_05/AKS_05_04_20250127_devided.png || 03_Operation Log/05_AKS CAM/AKS_05/AKS_05_04_20250131_devided.png | shoot event: 運用日報_20241223~0131.xlsx (2025-01-26, 2025-01-27); GDNS_PLAN_051 送信CMD pass 173 | command spec: 05_software/5_YMG_MISCAM_AKS_AFR_CMD_241004.xlsx (sheets B0, 撮影A3, 撮影B3, (付属))","AKS grp05 A3 shoot (target Madagascar); uplinked pass 2025-01-26 14:41:36-14:49:45 JST, timer 0x46=70 min (log label says 80); ACK ok; no SATLOG coverage. Not downlinked as such: assembled on the ground (2025-01-27/31) from AKS grp05 shot04 thumbnail + A1 crops",fc102509b137a42717f3f1925d4246d577d63e3767bca6b0fe39f3142983d0da
YOMOGI,CAM,AKS,2025-01-26,2025-01-28,data/03_yomogi/images/cam/aks_20250126T1551_c6287ee711.png,170,48,8767,100.31,68.18,ok,2025-01-26T15:51:36+09:00,2025-01-26T16:02:45+09:00,derived:pass+timer,auto,auto,auto,sensor 1280x720 (cmd[7]=0x78 bits7-6=01); TMB resize 80x45 (11); RGB (bit3=1),"WB AUTO (cmd[9] high nibble=0); metering spot (cmd[9] bits3-2=01); TMB jpg ratio 1 (cmd[9] bits1-0=00); shoot interval 0 s; shots 7 (cmd[6]=0x07); product=crop PNG (A1 cell B5D6); source image = AKS grp 05 shot 04; shoot cmd = 59 00 A0 A3 46 05 07 78 B5 04 00 (timer=cmd[4] min, grp=cmd[5], shots=cmd[6])",medium,"original: 03_Operation Log/05_AKS CAM/AKS_05/AKS_05_04_B5D6_20250128.jpg || 03_Operation Log/05_AKS CAM/AKS_05/AKS_05_04_B5D6_20250128.png | shoot event: 運用日報_20241223~0131.xlsx (2025-01-26, 2025-01-27); GDNS_PLAN_051 送信CMD pass 173 | command spec: 05_software/5_YMG_MISCAM_AKS_AFR_CMD_241004.xlsx (sheets B0, 撮影A3, 撮影B3, (付属))","AKS grp05 A3 shoot (target Madagascar); uplinked pass 2025-01-26 14:41:36-14:49:45 JST, timer 0x46=70 min (log label says 80); ACK ok; no SATLOG coverage. A1 crop uplinked 2025-01-27 15:19 pass +60 min; downlinked 2025-01-28. Note: Feb-Mar log labels say 'AKS_03_01_xxxx' but the crop commands address grp 05 shot 04 (59 00 A0 A1 0A 05 04 01 00 xx xx); source image = AKS grp05 shot04 (1280x720 -> 85x48 px cells)",c6287ee7117fb768d6e9fff1ff42e6b44b79e223f9adab3ab0acbb97d222ca48
YOMOGI,CAM,AKS,2025-01-26,2025-01-29,data/03_yomogi/images/cam/aks_20250126T1551_0906890c4d.png,71,81,10168,153.45,22.78,ok,2025-01-26T15:51:36+09:00,2025-01-26T16:02:45+09:00,derived:pass+timer,auto,auto,auto,sensor 1280x720 (cmd[7]=0x78 bits7-6=01); TMB resize 80x45 (11); RGB (bit3=1),"WB AUTO (cmd[9] high nibble=0); metering spot (cmd[9] bits3-2=01); TMB jpg ratio 1 (cmd[9] bits1-0=00); shoot interval 0 s; shots 7 (cmd[6]=0x07); product=crop PNG (A1 cell B6C8); source image = AKS grp 05 shot 04; shoot cmd = 59 00 A0 A3 46 05 07 78 B5 04 00 (timer=cmd[4] min, grp=cmd[5], shots=cmd[6])",medium,"original: 03_Operation Log/05_AKS CAM/AKS_05/AKS_05_04_B6C8_20250129.png | shoot event: 運用日報_20241223~0131.xlsx (2025-01-26, 2025-01-27); GDNS_PLAN_051 送信CMD pass 173 | command spec: 05_software/5_YMG_MISCAM_AKS_AFR_CMD_241004.xlsx (sheets B0, 撮影A3, 撮影B3, (付属))","AKS grp05 A3 shoot (target Madagascar); uplinked pass 2025-01-26 14:41:36-14:49:45 JST, timer 0x46=70 min (log label says 80); ACK ok; no SATLOG coverage. A1 crop uplinked 2025-01-27 20:08 / 2025-01-28 11:04 pass +60 min; downlinked 2025-01-29 (71x81 px: corrupted reconstruction). Note: Feb-Mar log labels say 'AKS_03_01_xxxx' but the crop commands address grp 05 shot 04 (59 00 A0 A1 0A 05 04 01 00 xx xx); source image = AKS grp05 shot04 (1280x720 -> 85x48 px cells)",0906890c4d78c8a0efea83088915a4417dbe9fc91b38c8203544fcb22dbb1829
YOMOGI,CAM,AKS,2025-01-26,2025-01-30,data/03_yomogi/images/cam/aks_20250126T1551_9e915e6f08.png,145,83,17685,61.54,64.67,ok,2025-01-26T15:51:36+09:00,2025-01-26T16:02:45+09:00,derived:pass+timer,auto,auto,auto,sensor 1280x720 (cmd[7]=0x78 bits7-6=01); TMB resize 80x45 (11); RGB (bit3=1),"WB AUTO (cmd[9] high nibble=0); metering spot (cmd[9] bits3-2=01); TMB jpg ratio 1 (cmd[9] bits1-0=00); shoot interval 0 s; shots 7 (cmd[6]=0x07); product=crop PNG (A1 cell C6E8); source image = AKS grp 05 shot 04; shoot cmd = 59 00 A0 A3 46 05 07 78 B5 04 00 (timer=cmd[4] min, grp=cmd[5], shots=cmd[6])",medium,"original: 03_Operation Log/05_AKS CAM/AKS_05/AKS_05_04_C6E8_20250130.png | shoot event: 運用日報_20241223~0131.xlsx (2025-01-26, 2025-01-27); GDNS_PLAN_051 送信CMD pass 173 | command spec: 05_software/5_YMG_MISCAM_AKS_AFR_CMD_241004.xlsx (sheets B0, 撮影A3, 撮影B3, (付属))","AKS grp05 A3 shoot (target Madagascar); uplinked pass 2025-01-26 14:41:36-14:49:45 JST, timer 0x46=70 min (log label says 80); ACK ok; no SATLOG coverage. A1 crop uplinked 2025-01-28 19:08 pass +10 min; downlinked 2025-01-30 (145x83 px: corrupted reconstruction). Note: Feb-Mar log labels say 'AKS_03_01_xxxx' but the crop commands address grp 05 shot 04 (59 00 A0 A1 0A 05 04 01 00 xx xx); source image = AKS grp05 shot04 (1280x720 -> 85x48 px cells)",9e915e6f08dd9f7d75d1e2dc12c189202ef020026df4268215c4b9108963c711
YOMOGI,CAM,AKS,2025-01-26,2025-01-31,data/03_yomogi/images/cam/aks_20250126T1551_1cd8c1ab14.png,340,48,15175,82.86,55.15,ok,2025-01-26T15:51:36+09:00,2025-01-26T16:02:45+09:00,derived:pass+timer,auto,auto,auto,sensor 1280x720 (cmd[7]=0x78 bits7-6=01); TMB resize 80x45 (11); RGB (bit3=1),"WB AUTO (cmd[9] high nibble=0); metering spot (cmd[9] bits3-2=01); TMB jpg ratio 1 (cmd[9] bits1-0=00); shoot interval 0 s; shots 7 (cmd[6]=0x07); product=crop PNG (A1 cell B9FA (label B9EA)); source image = AKS grp 05 shot 04; shoot cmd = 59 00 A0 A3 46 05 07 78 B5 04 00 (timer=cmd[4] min, grp=cmd[5], shots=cmd[6])",medium,"original: 03_Operation Log/05_AKS CAM/AKS_05/AKS_05_04_B9EA_20250131.png | shoot event: 運用日報_20241223~0131.xlsx (2025-01-26, 2025-01-27); GDNS_PLAN_051 送信CMD pass 173 | command spec: 05_software/5_YMG_MISCAM_AKS_AFR_CMD_241004.xlsx (sheets B0, 撮影A3, 撮影B3, (付属))","AKS grp05 A3 shoot (target Madagascar); uplinked pass 2025-01-26 14:41:36-14:49:45 JST, timer 0x46=70 min (log label says 80); ACK ok; no SATLOG coverage. A1 crop executed 2025-01-31 13:06:53/13:07:59 (SATLOG); downlinked 2025-01-31. Note: Feb-Mar log labels say 'AKS_03_01_xxxx' but the crop commands address grp 05 shot 04 (59 00 A0 A1 0A 05 04 01 00 xx xx); source image = AKS grp05 shot04 (1280x720 -> 85x48 px cells)",1cd8c1ab14ab791d70291e562d32a42bcf3a51ba02e54cc2d5eab315852f249e
YOMOGI,CAM,AKS,2025-01-26,2025-01-31,data/03_yomogi/images/cam/aks_20250126T1551_bf86ad6274.png,255,48,13386,104.62,50.96,ok,2025-01-26T15:51:36+09:00,2025-01-26T16:02:45+09:00,derived:pass+timer,auto,auto,auto,sensor 1280x720 (cmd[7]=0x78 bits7-6=01); TMB resize 80x45 (11); RGB (bit3=1),"WB AUTO (cmd[9] high nibble=0); metering spot (cmd[9] bits3-2=01); TMB jpg ratio 1 (cmd[9] bits1-0=00); shoot interval 0 s; shots 7 (cmd[6]=0x07); product=crop PNG (A1 cell B8E9); source image = AKS grp 05 shot 04; shoot cmd = 59 00 A0 A3 46 05 07 78 B5 04 00 (timer=cmd[4] min, grp=cmd[5], shots=cmd[6])",medium,"original: 03_Operation Log/05_AKS CAM/AKS_05/AKS_05_04_B8E9_20250131.png | shoot event: 運用日報_20241223~0131.xlsx (2025-01-26, 2025-01-27); GDNS_PLAN_051 送信CMD pass 173 | command spec: 05_software/5_YMG_MISCAM_AKS_AFR_CMD_241004.xlsx (sheets B0, 撮影A3, 撮影B3, (付属))","AKS grp05 A3 shoot (target Madagascar); uplinked pass 2025-01-26 14:41:36-14:49:45 JST, timer 0x46=70 min (log label says 80); ACK ok; no SATLOG coverage. A1 crop executed 2025-01-30 11:42:55/11:45:00 (SATLOG); downlinked 2025-01-30/31. Note: Feb-Mar log labels say 'AKS_03_01_xxxx' but the crop commands address grp 05 shot 04 (59 00 A0 A1 0A 05 04 01 00 xx xx); source image = AKS grp05 shot04 (1280x720 -> 85x48 px cells)",bf86ad62742b28dbb71c3c5b5d92921f1d588f28f2bcd4588e4b14271fd30568
YOMOGI,CAM,AKS,2025-01-26,2025-02-01,data/03_yomogi/images/cam/aks_20250126T1551_71b6872bac.png,340,48,16264,90.60,49.95,ok,2025-01-26T15:51:36+09:00,2025-01-26T16:02:45+09:00,derived:pass+timer,auto,auto,auto,sensor 1280x720 (cmd[7]=0x78 bits7-6=01); TMB resize 80x45 (11); RGB (bit3=1),"WB AUTO (cmd[9] high nibble=0); metering spot (cmd[9] bits3-2=01); TMB jpg ratio 1 (cmd[9] bits1-0=00); shoot interval 0 s; shots 7 (cmd[6]=0x07); product=crop PNG (A1 cell BAFB); source image = AKS grp 05 shot 04; shoot cmd = 59 00 A0 A3 46 05 07 78 B5 04 00 (timer=cmd[4] min, grp=cmd[5], shots=cmd[6])",medium,"original: 03_Operation Log/05_AKS CAM/AKS_05/AKS_05_04_BAFB_20250201.png | shoot event: 運用日報_20241223~0131.xlsx (2025-01-26, 2025-01-27); GDNS_PLAN_051 送信CMD pass 173 | command spec: 05_software/5_YMG_MISCAM_AKS_AFR_CMD_241004.xlsx (sheets B0, 撮影A3, 撮影B3, (付属))","AKS grp05 A3 shoot (target Madagascar); uplinked pass 2025-01-26 14:41:36-14:49:45 JST, timer 0x46=70 min (log label says 80); ACK ok; no SATLOG coverage. A1 crop executed 2025-01-31 19:35:11 (SATLOG); downlinked 2025-02-01. Note: Feb-Mar log labels say 'AKS_03_01_xxxx' but the crop commands address grp 05 shot 04 (59 00 A0 A1 0A 05 04 01 00 xx xx); source image = AKS grp05 shot04 (1280x720 -> 85x48 px cells)",71b6872bacebab790e7b4aed777c4bc47e06dee1dc38961f8ee76c9050418fa0
YOMOGI,CAM,AKS,2025-01-26,2025-02-03,data/03_yomogi/images/cam/aks_20250126T1551_cafe012c81.png,340,48,17603,101.01,42.21,ok,2025-01-26T15:51:36+09:00,2025-01-26T16:02:45+09:00,derived:pass+timer,auto,auto,auto,sensor 1280x720 (cmd[7]=0x78 bits7-6=01); TMB resize 80x45 (11); RGB (bit3=1),"WB AUTO (cmd[9] high nibble=0); metering spot (cmd[9] bits3-2=01); TMB jpg ratio 1 (cmd[9] bits1-0=00); shoot interval 0 s; shots 7 (cmd[6]=0x07); product=crop PNG (A1 cell BBFC); source image = AKS grp 05 shot 04; shoot cmd = 59 00 A0 A3 46 05 07 78 B5 04 00 (timer=cmd[4] min, grp=cmd[5], shots=cmd[6])",medium,"original: 03_Operation Log/05_AKS CAM/AKS_05/AKS_05_01_BBFC_20250203.png | shoot event: 運用日報_20241223~0131.xlsx (2025-01-26, 2025-01-27); GDNS_PLAN_051 送信CMD pass 173 | command spec: 05_software/5_YMG_MISCAM_AKS_AFR_CMD_241004.xlsx (sheets B0, 撮影A3, 撮影B3, (付属))","AKS grp05 A3 shoot (target Madagascar); uplinked pass 2025-01-26 14:41:36-14:49:45 JST, timer 0x46=70 min (log label says 80); ACK ok; no SATLOG coverage. A1 crop executed 2025-02-02 09:27-09:30 (SATLOG); downlinked 2025-02-02/03. Note: Feb-Mar log labels say 'AKS_03_01_xxxx' but the crop commands address grp 05 shot 04 (59 00 A0 A1 0A 05 04 01 00 xx xx); source image = AKS grp05 shot04 (1280x720 -> 85x48 px cells)",cafe012c8155f80c4314c7616d9b7527434c7a6da6ab4d7f60cb3d342cd1e0e6
YOMOGI,CAM,AKS,2025-01-26,2025-02-14,data/03_yomogi/images/cam/aks_20250126T1551_e4d4c0c32e.png,340,48,18101,85.40,54.11,ok,2025-01-26T15:51:36+09:00,2025-01-26T16:02:45+09:00,derived:pass+timer,auto,auto,auto,sensor 1280x720 (cmd[7]=0x78 bits7-6=01); TMB resize 80x45 (11); RGB (bit3=1),"WB AUTO (cmd[9] high nibble=0); metering spot (cmd[9] bits3-2=01); TMB jpg ratio 1 (cmd[9] bits1-0=00); shoot interval 0 s; shots 7 (cmd[6]=0x07); product=crop PNG (A1 cell BDFE/BCFD); source image = AKS grp 05 shot 04; shoot cmd = 59 00 A0 A3 46 05 07 78 B5 04 00 (timer=cmd[4] min, grp=cmd[5], shots=cmd[6])",medium,"original: 03_Operation Log/05_AKS CAM/AKS_05/AKS_05_01_BDFE_20250214.png || 03_Operation Log/05_AKS CAM/AKS_05/AKS_05_04__BCFD_20250211.jpg || 03_Operation Log/05_AKS CAM/AKS_05/AKS_05_04_BCFD_20250209.png || 03_Operation Log/05_AKS CAM/AKS_01/AKS_01_000000000000000000.jpg | shoot event: 運用日報_20241223~0131.xlsx (2025-01-26, 2025-01-27); GDNS_PLAN_051 送信CMD pass 173 | command spec: 05_software/5_YMG_MISCAM_AKS_AFR_CMD_241004.xlsx (sheets B0, 撮影A3, 撮影B3, (付属))","AKS grp05 A3 shoot (target Madagascar); uplinked pass 2025-01-26 14:41:36-14:49:45 JST, timer 0x46=70 min (log label says 80); ACK ok; no SATLOG coverage. A1 crop BCFD (2025-02-03 17:50 +10) / BDFE (2025-02-10 12:07, 2025-02-12 13:10 +10 min); downlinked 2025-02-14/15; same bytes also stored as AKS_01_000000000000000000.jpg. Note: Feb-Mar log labels say 'AKS_03_01_xxxx' but the crop commands address grp 05 shot 04 (59 00 A0 A1 0A 05 04 01 00 xx xx); source image = AKS grp05 shot04 (1280x720 -> 85x48 px cells)",e4d4c0c32e3b1c0457acf3f539f5fdba2c7deca1f73d7520cdbf1dc4929c481e
YOMOGI,CAM,AKS,2025-01-26,2025-02-22,data/03_yomogi/images/cam/aks_20250126T1551_72dca2fea7.png,340,48,16873,36.93,61.45,ok,2025-01-26T15:51:36+09:00,2025-01-26T16:02:45+09:00,derived:pass+timer,auto,auto,auto,sensor 1280x720 (cmd[7]=0x78 bits7-6=01); TMB resize 80x45 (11); RGB (bit3=1),"WB AUTO (cmd[9] high nibble=0); metering spot (cmd[9] bits3-2=01); TMB jpg ratio 1 (cmd[9] bits1-0=00); shoot interval 0 s; shots 7 (cmd[6]=0x07); product=crop PNG (A1 cell 80B1); source image = AKS grp 05 shot 04; shoot cmd = 59 00 A0 A3 46 05 07 78 B5 04 00 (timer=cmd[4] min, grp=cmd[5], shots=cmd[6])",medium,"original: 03_Operation Log/05_AKS CAM/AKS_03/AKS_03__01_80B1_20250222.png | shoot event: 運用日報_20241223~0131.xlsx (2025-01-26, 2025-01-27); GDNS_PLAN_051 送信CMD pass 173 | command spec: 05_software/5_YMG_MISCAM_AKS_AFR_CMD_241004.xlsx (sheets B0, 撮影A3, 撮影B3, (付属))","AKS grp05 A3 shoot (target Madagascar); uplinked pass 2025-01-26 14:41:36-14:49:45 JST, timer 0x46=70 min (log label says 80); ACK ok; no SATLOG coverage. A1 crop uplinked 2025-02-20 10:46 pass +10 min; downlinked 2025-02-21/22. Note: Feb-Mar log labels say 'AKS_03_01_xxxx' but the crop commands address grp 05 shot 04 (59 00 A0 A1 0A 05 04 01 00 xx xx); source image = AKS grp05 shot04 (1280x720 -> 85x48 px cells)",72dca2fea78b7625c94b3f0c51f6050461d805b414130fae1ded6d492974bfc2
YOMOGI,CAM,AKS,2025-01-26,2025-02-22,data/03_yomogi/images/cam/aks_20250126T1551_99ea0927a2.png,340,48,16873,36.93,61.45,ok,2025-01-26T15:51:36+09:00,2025-01-26T16:02:45+09:00,derived:pass+timer,auto,auto,auto,sensor 1280x720 (cmd[7]=0x78 bits7-6=01); TMB resize 80x45 (11); RGB (bit3=1),"WB AUTO (cmd[9] high nibble=0); metering spot (cmd[9] bits3-2=01); TMB jpg ratio 1 (cmd[9] bits1-0=00); shoot interval 0 s; shots 7 (cmd[6]=0x07); product=crop PNG (A1 cell 80B1); source image = AKS grp 05 shot 04; shoot cmd = 59 00 A0 A3 46 05 07 78 B5 04 00 (timer=cmd[4] min, grp=cmd[5], shots=cmd[6])",medium,"original: 03_Operation Log/05_AKS CAM/AKS_03/AKS_03_01_80B1_20250222.png | shoot event: 運用日報_20241223~0131.xlsx (2025-01-26, 2025-01-27); GDNS_PLAN_051 送信CMD pass 173 | command spec: 05_software/5_YMG_MISCAM_AKS_AFR_CMD_241004.xlsx (sheets B0, 撮影A3, 撮影B3, (付属))","AKS grp05 A3 shoot (target Madagascar); uplinked pass 2025-01-26 14:41:36-14:49:45 JST, timer 0x46=70 min (log label says 80); ACK ok; no SATLOG coverage. A1 crop uplinked 2025-02-20 10:46 pass +10 min; downlinked 2025-02-21/22. Note: Feb-Mar log labels say 'AKS_03_01_xxxx' but the crop commands address grp 05 shot 04 (59 00 A0 A1 0A 05 04 01 00 xx xx); source image = AKS grp05 shot04 (1280x720 -> 85x48 px cells)",99ea0927a2926a3b354ef2e442202c42505c22c66c5aa6c0450573ea255c6894
YOMOGI,CAM,AKS,2025-01-26,2025-02-23,data/03_yomogi/images/cam/aks_20250126T1551_c2b08e2940.png,340,48,16873,125.69,21.76,ok,2025-01-26T15:51:36+09:00,2025-01-26T16:02:45+09:00,derived:pass+timer,auto,auto,auto,sensor 1280x720 (cmd[7]=0x78 bits7-6=01); TMB resize 80x45 (11); RGB (bit3=1),"WB AUTO (cmd[9] high nibble=0); metering spot (cmd[9] bits3-2=01); TMB jpg ratio 1 (cmd[9] bits1-0=00); shoot interval 0 s; shots 7 (cmd[6]=0x07); product=crop PNG (A1 cell 95A8); source image = AKS grp 05 shot 04; shoot cmd = 59 00 A0 A3 46 05 07 78 B5 04 00 (timer=cmd[4] min, grp=cmd[5], shots=cmd[6])",medium,"original: 03_Operation Log/05_AKS CAM/AKS_01/AKS_01_03_01_95A8_20250223.png | shoot event: 運用日報_20241223~0131.xlsx (2025-01-26, 2025-01-27); GDNS_PLAN_051 送信CMD pass 173 | command spec: 05_software/5_YMG_MISCAM_AKS_AFR_CMD_241004.xlsx (sheets B0, 撮影A3, 撮影B3, (付属))","AKS grp05 A3 shoot (target Madagascar); uplinked pass 2025-01-26 14:41:36-14:49:45 JST, timer 0x46=70 min (log label says 80); ACK ok; no SATLOG coverage. A1 crop uplinked 2025-02-23 10:36 pass +10 min; downlinked 2025-02-23/24. Note: Feb-Mar log labels say 'AKS_03_01_xxxx' but the crop commands address grp 05 shot 04 (59 00 A0 A1 0A 05 04 01 00 xx xx); source image = AKS grp05 shot04 (1280x720 -> 85x48 px cells)",c2b08e294062de8660a7164c87c863ec702276c119f83ad6149a4b9c9a40a820
YOMOGI,CAM,AKS,2025-01-26,2025-02-24,data/03_yomogi/images/cam/aks_20250126T1551_54ff5e55f7.png,85,144,12438,3.12,21.69,dark,2025-01-26T15:51:36+09:00,2025-01-26T16:02:45+09:00,derived:pass+timer,auto,auto,auto,sensor 1280x720 (cmd[7]=0x78 bits7-6=01); TMB resize 80x45 (11); RGB (bit3=1),"WB AUTO (cmd[9] high nibble=0); metering spot (cmd[9] bits3-2=01); TMB jpg ratio 1 (cmd[9] bits1-0=00); shoot interval 0 s; shots 7 (cmd[6]=0x07); product=crop PNG (A1 cell 95A8); source image = AKS grp 05 shot 04; shoot cmd = 59 00 A0 A3 46 05 07 78 B5 04 00 (timer=cmd[4] min, grp=cmd[5], shots=cmd[6])",medium,"original: 03_Operation Log/05_AKS CAM/AKS_03/AKS_03__01_95A8_20250224.png | shoot event: 運用日報_20241223~0131.xlsx (2025-01-26, 2025-01-27); GDNS_PLAN_051 送信CMD pass 173 | command spec: 05_software/5_YMG_MISCAM_AKS_AFR_CMD_241004.xlsx (sheets B0, 撮影A3, 撮影B3, (付属))","AKS grp05 A3 shoot (target Madagascar); uplinked pass 2025-01-26 14:41:36-14:49:45 JST, timer 0x46=70 min (log label says 80); ACK ok; no SATLOG coverage. Same crop, downlinked 2025-02-24 (dark = packet loss). Note: Feb-Mar log labels say 'AKS_03_01_xxxx' but the crop commands address grp 05 shot 04 (59 00 A0 A1 0A 05 04 01 00 xx xx); source image = AKS grp05 shot04 (1280x720 -> 85x48 px cells)",54ff5e55f70a3edabc2cd3dc920cf30ac8703620d72ea55ae6e73e1aa345b126
YOMOGI,CAM,AKS,2025-01-26,2025-02-25,data/03_yomogi/images/cam/aks_20250126T1551_05a5a91d55.png,85,144,12438,31.19,60.27,ok,2025-01-26T15:51:36+09:00,2025-01-26T16:02:45+09:00,derived:pass+timer,auto,auto,auto,sensor 1280x720 (cmd[7]=0x78 bits7-6=01); TMB resize 80x45 (11); RGB (bit3=1),"WB AUTO (cmd[9] high nibble=0); metering spot (cmd[9] bits3-2=01); TMB jpg ratio 1 (cmd[9] bits1-0=00); shoot interval 0 s; shots 7 (cmd[6]=0x07); product=crop PNG (A1 cell 95A8); source image = AKS grp 05 shot 04; shoot cmd = 59 00 A0 A3 46 05 07 78 B5 04 00 (timer=cmd[4] min, grp=cmd[5], shots=cmd[6])",medium,"original: 03_Operation Log/05_AKS CAM/AKS_03_01_95A8.jpg || 03_Operation Log/05_AKS CAM/AKS_03/AKS_03__01_95A8_20250226.png || 03_Operation Log/05_AKS CAM/AKS_03/AKS_03_01_95A8_20250226.png || 03_Operation Log/05_AKS CAM/AKS_03/AKS_03_01_95A8_20250225.jpg | shoot event: 運用日報_20241223~0131.xlsx (2025-01-26, 2025-01-27); GDNS_PLAN_051 送信CMD pass 173 | command spec: 05_software/5_YMG_MISCAM_AKS_AFR_CMD_241004.xlsx (sheets B0, 撮影A3, 撮影B3, (付属))","AKS grp05 A3 shoot (target Madagascar); uplinked pass 2025-01-26 14:41:36-14:49:45 JST, timer 0x46=70 min (log label says 80); ACK ok; no SATLOG coverage. Same crop, downlinked 2025-02-25/26. Note: Feb-Mar log labels say 'AKS_03_01_xxxx' but the crop commands address grp 05 shot 04 (59 00 A0 A1 0A 05 04 01 00 xx xx); source image = AKS grp05 shot04 (1280x720 -> 85x48 px cells)",05a5a91d550d34fc7a09efc222e5bacb06a40cb0749ac05c3830a9f4b1b99d57
YOMOGI,CAM,AKS,2025-01-26,2025-03-01,data/03_yomogi/images/cam/aks_20250126T1551_2a5c7676b7.png,85,144,12438,124.35,26.19,ok,2025-01-26T15:51:36+09:00,2025-01-26T16:02:45+09:00,derived:pass+timer,auto,auto,auto,sensor 1280x720 (cmd[7]=0x78 bits7-6=01); TMB resize 80x45 (11); RGB (bit3=1),"WB AUTO (cmd[9] high nibble=0); metering spot (cmd[9] bits3-2=01); TMB jpg ratio 1 (cmd[9] bits1-0=00); shoot interval 0 s; shots 7 (cmd[6]=0x07); product=crop PNG (A1 cell 95A8); source image = AKS grp 05 shot 04; shoot cmd = 59 00 A0 A3 46 05 07 78 B5 04 00 (timer=cmd[4] min, grp=cmd[5], shots=cmd[6])",medium,"original: 03_Operation Log/05_AKS CAM/AKS_03/AKS_03_01_95A8_20250301.png || 03_Operation Log/05_AKS CAM/AKS_03/AKS_03__01_95A8_20250225.png | shoot event: 運用日報_20241223~0131.xlsx (2025-01-26, 2025-01-27); GDNS_PLAN_051 送信CMD pass 173 | command spec: 05_software/5_YMG_MISCAM_AKS_AFR_CMD_241004.xlsx (sheets B0, 撮影A3, 撮影B3, (付属))","AKS grp05 A3 shoot (target Madagascar); uplinked pass 2025-01-26 14:41:36-14:49:45 JST, timer 0x46=70 min (log label says 80); ACK ok; no SATLOG coverage. Same crop, re-downlinked 2025-03-01. Note: Feb-Mar log labels say 'AKS_03_01_xxxx' but the crop commands address grp 05 shot 04 (59 00 A0 A1 0A 05 04 01 00 xx xx); source image = AKS grp05 shot04 (1280x720 -> 85x48 px cells)",2a5c7676b7161ef0e76d96e700f65aa52a4097c1770039568249053612adc6a0
YOMOGI,CAM,AKS,2025-01-26,2025-03-06,data/03_yomogi/images/cam/aks_20250126T1551_c75f4d2fa2.png,85,144,12813,122.26,29.66,ok,2025-01-26T15:51:36+09:00,2025-01-26T16:02:45+09:00,derived:pass+timer,auto,auto,auto,sensor 1280x720 (cmd[7]=0x78 bits7-6=01); TMB resize 80x45 (11); RGB (bit3=1),"WB AUTO (cmd[9] high nibble=0); metering spot (cmd[9] bits3-2=01); TMB jpg ratio 1 (cmd[9] bits1-0=00); shoot interval 0 s; shots 7 (cmd[6]=0x07); product=crop PNG (A1 cell A5B8); source image = AKS grp 05 shot 04; shoot cmd = 59 00 A0 A3 46 05 07 78 B5 04 00 (timer=cmd[4] min, grp=cmd[5], shots=cmd[6])",medium,"original: 03_Operation Log/05_AKS CAM/AKS_03/AKS_03_01_A5B8_20250306.jpg || 03_Operation Log/05_AKS CAM/AKS_03/AKS_03__01_A5B8_20250305.png | shoot event: 運用日報_20241223~0131.xlsx (2025-01-26, 2025-01-27); GDNS_PLAN_051 送信CMD pass 173 | command spec: 05_software/5_YMG_MISCAM_AKS_AFR_CMD_241004.xlsx (sheets B0, 撮影A3, 撮影B3, (付属))","AKS grp05 A3 shoot (target Madagascar); uplinked pass 2025-01-26 14:41:36-14:49:45 JST, timer 0x46=70 min (log label says 80); ACK ok; no SATLOG coverage. A1 crop uplinked 2025-03-03 20:40 / 2025-03-04 21:00 pass +10 min; downlinked 2025-03-05/06. Note: Feb-Mar log labels say 'AKS_03_01_xxxx' but the crop commands address grp 05 shot 04 (59 00 A0 A1 0A 05 04 01 00 xx xx); source image = AKS grp05 shot04 (1280x720 -> 85x48 px cells)",c75f4d2fa249c1f560e71ec65ea1470f70eb24baeb0f70d0565d1d95e237b31f
YOMOGI,CAM,AKS,2025-01-26,2025-03-07,data/03_yomogi/images/cam/aks_20250126T1551_351bf2a5b9.png,170,96,14982,19.69,36.23,dark,2025-01-26T15:51:36+09:00,2025-01-26T16:02:45+09:00,derived:pass+timer,auto,auto,auto,sensor 1280x720 (cmd[7]=0x78 bits7-6=01); TMB resize 80x45 (11); RGB (bit3=1),"WB AUTO (cmd[9] high nibble=0); metering spot (cmd[9] bits3-2=01); TMB jpg ratio 1 (cmd[9] bits1-0=00); shoot interval 0 s; shots 7 (cmd[6]=0x07); product=crop PNG (A1 cell 98BA); source image = AKS grp 05 shot 04; shoot cmd = 59 00 A0 A3 46 05 07 78 B5 04 00 (timer=cmd[4] min, grp=cmd[5], shots=cmd[6])",medium,"original: 03_Operation Log/05_AKS CAM/AKS_03/AKS_03_01_20250307.png || 03_Operation Log/05_AKS CAM/AKS_03/AKS_03_01_20250307.jpg | shoot event: 運用日報_20241223~0131.xlsx (2025-01-26, 2025-01-27); GDNS_PLAN_051 送信CMD pass 173 | command spec: 05_software/5_YMG_MISCAM_AKS_AFR_CMD_241004.xlsx (sheets B0, 撮影A3, 撮影B3, (付属))","AKS grp05 A3 shoot (target Madagascar); uplinked pass 2025-01-26 14:41:36-14:49:45 JST, timer 0x46=70 min (log label says 80); ACK ok; no SATLOG coverage. AKS_03_01_20250307: A1 crop 98BA uplinked 2025-03-06 20:06 pass +10 min; downlinked 2025-03-06/07 (dark = packet loss). Note: Feb-Mar log labels say 'AKS_03_01_xxxx' but the crop commands address grp 05 shot 04 (59 00 A0 A1 0A 05 04 01 00 xx xx); source image = AKS grp05 shot04 (1280x720 -> 85x48 px cells)",351bf2a5b9243050c1a4894e791df89e2b7ad2273cc2ad0e24b559d9ac2f5614
YOMOGI,CAM,AKS,2025-01-26,2025-03-09,data/03_yomogi/images/cam/aks_20250126T1551_880fdd9020.png,170,96,14982,89.01,10.25,ok,2025-01-26T15:51:36+09:00,2025-01-26T16:02:45+09:00,derived:pass+timer,auto,auto,auto,sensor 1280x720 (cmd[7]=0x78 bits7-6=01); TMB resize 80x45 (11); RGB (bit3=1),"WB AUTO (cmd[9] high nibble=0); metering spot (cmd[9] bits3-2=01); TMB jpg ratio 1 (cmd[9] bits1-0=00); shoot interval 0 s; shots 7 (cmd[6]=0x07); product=crop PNG (A1 cell 98BA); source image = AKS grp 05 shot 04; shoot cmd = 59 00 A0 A3 46 05 07 78 B5 04 00 (timer=cmd[4] min, grp=cmd[5], shots=cmd[6])",medium,"original: 03_Operation Log/05_AKS CAM/AKS_03/AKS_03_01_98BA_20250309.png | shoot event: 運用日報_20241223~0131.xlsx (2025-01-26, 2025-01-27); GDNS_PLAN_051 送信CMD pass 173 | command spec: 05_software/5_YMG_MISCAM_AKS_AFR_CMD_241004.xlsx (sheets B0, 撮影A3, 撮影B3, (付属))","AKS grp05 A3 shoot (target Madagascar); uplinked pass 2025-01-26 14:41:36-14:49:45 JST, timer 0x46=70 min (log label says 80); ACK ok; no SATLOG coverage. Same crop, downlinked 2025-03-09. Note: Feb-Mar log labels say 'AKS_03_01_xxxx' but the crop commands address grp 05 shot 04 (59 00 A0 A1 0A 05 04 01 00 xx xx); source image = AKS grp05 shot04 (1280x720 -> 85x48 px cells)",880fdd9020038e2b7489bbe0997a3cf0a4682ea0b7816cd4653da3e95dc0c8f4
YOMOGI,CAM,AKS,2025-01-26,2025-03-12,data/03_yomogi/images/cam/aks_20250126T1551_faac2a99ce.png,170,96,15327,34.15,55.41,ok,2025-01-26T15:51:36+09:00,2025-01-26T16:02:45+09:00,derived:pass+timer,auto,auto,auto,sensor 1280x720 (cmd[7]=0x78 bits7-6=01); TMB resize 80x45 (11); RGB (bit3=1),"WB AUTO (cmd[9] high nibble=0); metering spot (cmd[9] bits3-2=01); TMB jpg ratio 1 (cmd[9] bits1-0=00); shoot interval 0 s; shots 7 (cmd[6]=0x07); product=crop PNG (A1 cell 9ABC); source image = AKS grp 05 shot 04; shoot cmd = 59 00 A0 A3 46 05 07 78 B5 04 00 (timer=cmd[4] min, grp=cmd[5], shots=cmd[6])",medium,"original: 03_Operation Log/05_AKS CAM/AKS_03/AKS_03_01_9ABC_20250312.jpg | shoot event: 運用日報_20241223~0131.xlsx (2025-01-26, 2025-01-27); GDNS_PLAN_051 送信CMD pass 173 | command spec: 05_software/5_YMG_MISCAM_AKS_AFR_CMD_241004.xlsx (sheets B0, 撮影A3, 撮影B3, (付属))","AKS grp05 A3 shoot (target Madagascar); uplinked pass 2025-01-26 14:41:36-14:49:45 JST, timer 0x46=70 min (log label says 80); ACK ok; no SATLOG coverage. A1 crop uplinked 2025-03-10 18:17 pass +10 min; downlinked 2025-03-10..12. Note: Feb-Mar log labels say 'AKS_03_01_xxxx' but the crop commands address grp 05 shot 04 (59 00 A0 A1 0A 05 04 01 00 xx xx); source image = AKS grp05 shot04 (1280x720 -> 85x48 px cells)",faac2a99cecc375e9185f610d0cf132b52d10aedd10c664b38ba68791a6a6c6e
YOMOGI,CAM,AKS,2025-01-26,2025-03-14,data/03_yomogi/images/cam/aks_20250126T1551_3dc4ae4bf4.png,170,96,17487,33.64,56.59,ok,2025-01-26T15:51:36+09:00,2025-01-26T16:02:45+09:00,derived:pass+timer,auto,auto,auto,sensor 1280x720 (cmd[7]=0x78 bits7-6=01); TMB resize 80x45 (11); RGB (bit3=1),"WB AUTO (cmd[9] high nibble=0); metering spot (cmd[9] bits3-2=01); TMB jpg ratio 1 (cmd[9] bits1-0=00); shoot interval 0 s; shots 7 (cmd[6]=0x07); product=crop PNG (A1 cell 9CBE); source image = AKS grp 05 shot 04; shoot cmd = 59 00 A0 A3 46 05 07 78 B5 04 00 (timer=cmd[4] min, grp=cmd[5], shots=cmd[6])",medium,"original: 03_Operation Log/05_AKS CAM/AKS_03/AKS_03_01_9CBE_20250314.jpg | shoot event: 運用日報_20241223~0131.xlsx (2025-01-26, 2025-01-27); GDNS_PLAN_051 送信CMD pass 173 | command spec: 05_software/5_YMG_MISCAM_AKS_AFR_CMD_241004.xlsx (sheets B0, 撮影A3, 撮影B3, (付属))","AKS grp05 A3 shoot (target Madagascar); uplinked pass 2025-01-26 14:41:36-14:49:45 JST, timer 0x46=70 min (log label says 80); ACK ok; no SATLOG coverage. A1 crop uplinked 2025-03-11 20:10 / 2025-03-12 18:52 pass +10 min; downlinked 2025-03-13/14. Note: Feb-Mar log labels say 'AKS_03_01_xxxx' but the crop commands address grp 05 shot 04 (59 00 A0 A1 0A 05 04 01 00 xx xx); source image = AKS grp05 shot04 (1280x720 -> 85x48 px cells)",3dc4ae4bf4617eac1f08ee8e705d4fa15e6b63cd865ff64a774e6d7c21fd85b2
YOMOGI,CAM,AKS,2025-01-26,2025-03-14,data/03_yomogi/images/cam/aks_20250126T1551_e513d8e452.png,170,96,15327,89.29,11.73,ok,2025-01-26T15:51:36+09:00,2025-01-26T16:02:45+09:00,derived:pass+timer,auto,auto,auto,sensor 1280x720 (cmd[7]=0x78 bits7-6=01); TMB resize 80x45 (11); RGB (bit3=1),"WB AUTO (cmd[9] high nibble=0); metering spot (cmd[9] bits3-2=01); TMB jpg ratio 1 (cmd[9] bits1-0=00); shoot interval 0 s; shots 7 (cmd[6]=0x07); product=crop PNG (A1 cell 9ABC); source image = AKS grp 05 shot 04; shoot cmd = 59 00 A0 A3 46 05 07 78 B5 04 00 (timer=cmd[4] min, grp=cmd[5], shots=cmd[6])",medium,"original: 03_Operation Log/05_AKS CAM/AKS_03/AKS_03_01_9ABC_20250314.jpg | shoot event: 運用日報_20241223~0131.xlsx (2025-01-26, 2025-01-27); GDNS_PLAN_051 送信CMD pass 173 | command spec: 05_software/5_YMG_MISCAM_AKS_AFR_CMD_241004.xlsx (sheets B0, 撮影A3, 撮影B3, (付属))","AKS grp05 A3 shoot (target Madagascar); uplinked pass 2025-01-26 14:41:36-14:49:45 JST, timer 0x46=70 min (log label says 80); ACK ok; no SATLOG coverage. A1 crop re-issued 2025-03-14 16:17 pass +10 min; downlinked 2025-03-14. Note: Feb-Mar log labels say 'AKS_03_01_xxxx' but the crop commands address grp 05 shot 04 (59 00 A0 A1 0A 05 04 01 00 xx xx); source image = AKS grp05 shot04 (1280x720 -> 85x48 px cells)",e513d8e4524beeb63a23647952822d07f07b1aa57d27ac698f82d2f6b061f2a2
YOMOGI,CAM,AKS,2025-01-26,2025-03-19,data/03_yomogi/images/cam/aks_20250126T1551_34870620f7.png,128,72,3251,19.09,0.80,dark,2025-01-26T15:51:36+09:00,2025-01-26T16:02:45+09:00,derived:pass+timer,auto,auto,auto,sensor 1280x720 (cmd[7]=0x78 bits7-6=01); TMB resize 80x45 (11); RGB (bit3=1),"WB AUTO (cmd[9] high nibble=0); metering spot (cmd[9] bits3-2=01); TMB jpg ratio 1 (cmd[9] bits1-0=00); shoot interval 0 s; shots 7 (cmd[6]=0x07); product=crop PNG (A1 cell EBFC); source image = AKS grp 05 shot 04; shoot cmd = 59 00 A0 A3 46 05 07 78 B5 04 00 (timer=cmd[4] min, grp=cmd[5], shots=cmd[6])",medium,"original: 03_Operation Log/05_AKS CAM/AKS_03/AKS_03_01_EBFC_20250319.jpg | shoot event: 運用日報_20241223~0131.xlsx (2025-01-26, 2025-01-27); GDNS_PLAN_051 送信CMD pass 173 | command spec: 05_software/5_YMG_MISCAM_AKS_AFR_CMD_241004.xlsx (sheets B0, 撮影A3, 撮影B3, (付属))","AKS grp05 A3 shoot (target Madagascar); uplinked pass 2025-01-26 14:41:36-14:49:45 JST, timer 0x46=70 min (log label says 80); ACK ok; no SATLOG coverage. A1 crop uplinked 2025-03-17 16:53 pass +10 min; downlinked 2025-03-19 (128x72 px inconsistent with 85x48 cells; near-black -> failed reconstruction). Note: Feb-Mar log labels say 'AKS_03_01_xxxx' but the crop commands address grp 05 shot 04 (59 00 A0 A1 0A 05 04 01 00 xx xx); source image = AKS grp05 shot04 (1280x720 -> 85x48 px cells)",34870620f7cc0174c1ea11caac5d59366dba0a4b7480b745dd8b2980b6a1c73a
YOMOGI,CAM,AKS,2024-12-12,unknown,data/03_yomogi/images/cam/aks_20241212T0536_4500069d58.png,256,72,19779,183.16,11.08,ok,2024-12-12T05:36:59+09:00,2024-12-12T05:39:59+09:00,derived:satlog,auto,auto,auto,sensor 1920x1080 (cmd[7]=0xB0 bits7-6=10); TMB resize 80x45 (bits5-4=11); GRAY (bit3=0),"WB AUTO (cmd[9] high nibble=0); metering spot (cmd[9] bits3-2=01); TMB jpg ratio 1 (cmd[9] bits1-0=00); shoot interval 0 s; shots 7 (cmd[6]=0x07); product=crop PNG (A1 cell 7B9C); source image = AKS grp 03 shot 01; shoot cmd = 59 00 A0 A3 1E 03 07 B0 B5 04 00 (timer=cmd[4] min, grp=cmd[5], shots=cmd[6])",high,"original: 03_Operation Log/05_AKS CAM/AKS_03/AKS_03_01_7B9C_20240111.png | shoot event: 04_SATLOG/satlog_0-10日目.txt; 初期運用_20241210-1215.xlsx (20241211, 20241212) | command spec: 05_software/5_YMG_MISCAM_AKS_AFR_CMD_241004.xlsx (sheets B0, 撮影A3, 撮影B3, (付属))","AKS grp03 A3 shoot; SATLOG EXECUTED 2024-12-12 05:36:59 (uplinked pass 05:02 JST, timer 0x1E=30 min; the 2024-12-11 10:44 attempt was not received). Original dated '20240111' (typo for 2025-01-11); crop 7B9C downlinked 2025-01-10/11",4500069d58867c3cd81967f08382995b5232b973e8f3c7ba53b0ded491ac23e2
YOMOGI,CAM,AKS,2024-12-12,unknown,data/03_yomogi/images/cam/aks_20241212T0536_8ed2a40a9a.png,256,72,19868,176.99,13.01,ok,2024-12-12T05:36:59+09:00,2024-12-12T05:39:59+09:00,derived:satlog,auto,auto,auto,sensor 1920x1080 (cmd[7]=0xB0 bits7-6=10); TMB resize 80x45 (bits5-4=11); GRAY (bit3=0),"WB AUTO (cmd[9] high nibble=0); metering spot (cmd[9] bits3-2=01); TMB jpg ratio 1 (cmd[9] bits1-0=00); shoot interval 0 s; shots 7 (cmd[6]=0x07); product=crop PNG (A1 cell 5C7D); source image = AKS grp 03 shot 01; shoot cmd = 59 00 A0 A3 1E 03 07 B0 B5 04 00 (timer=cmd[4] min, grp=cmd[5], shots=cmd[6])",high,"original: 03_Operation Log/05_AKS CAM/AKS_03/AKS_03_01_5C7D_20240119_2.png | shoot event: 04_SATLOG/satlog_0-10日目.txt; 初期運用_20241210-1215.xlsx (20241211, 20241212) | command spec: 05_software/5_YMG_MISCAM_AKS_AFR_CMD_241004.xlsx (sheets B0, 撮影A3, 撮影B3, (付属))","AKS grp03 A3 shoot; SATLOG EXECUTED 2024-12-12 05:36:59 (uplinked pass 05:02 JST, timer 0x1E=30 min; the 2024-12-11 10:44 attempt was not received). Original dated '20240119' (typo for 2025-01-19); A1 crop 5C7D executed 2025-01-18 17:04:27 (SATLOG); downlinked 2025-01-19",8ed2a40a9aba7f28512c094ec12737f338f0cde7e2d249428b43544434e2df77
YOMOGI,CAM,AKS,2024-12-12,unknown,data/03_yomogi/images/cam/aks_20241212T0536_a2b526aeb6.png,256,72,16633,18.05,55.17,dark,2024-12-12T05:36:59+09:00,2024-12-12T05:39:59+09:00,derived:satlog,auto,auto,auto,sensor 1920x1080 (cmd[7]=0xB0 bits7-6=10); TMB resize 80x45 (bits5-4=11); GRAY (bit3=0),"WB AUTO (cmd[9] high nibble=0); metering spot (cmd[9] bits3-2=01); TMB jpg ratio 1 (cmd[9] bits1-0=00); shoot interval 0 s; shots 7 (cmd[6]=0x07); product=crop PNG (A1 cell 9CBD); source image = AKS grp 03 shot 01; shoot cmd = 59 00 A0 A3 1E 03 07 B0 B5 04 00 (timer=cmd[4] min, grp=cmd[5], shots=cmd[6])",high,"original: 03_Operation Log/05_AKS CAM/AKS_03/AKS_03_01_9CBD.png | shoot event: 04_SATLOG/satlog_0-10日目.txt; 初期運用_20241210-1215.xlsx (20241211, 20241212) | command spec: 05_software/5_YMG_MISCAM_AKS_AFR_CMD_241004.xlsx (sheets B0, 撮影A3, 撮影B3, (付属))","AKS grp03 A3 shoot; SATLOG EXECUTED 2024-12-12 05:36:59 (uplinked pass 05:02 JST, timer 0x1E=30 min; the 2024-12-11 10:44 attempt was not received). AKS_03_01_9CBD.png (undated); crop 9CBD as above, downlinked ~2025-01-03/04",a2b526aeb6f49cafd83b30fbaffb1732322c3ef6c57e514fd6a7d2aa303e063b
YOMOGI,CAM,AKS,2024-12-12,unknown,data/03_yomogi/images/cam/aks_20241212T0536_a6712d5654.jpg,80,45,3000,99.75,27.83,ok,2024-12-12T05:36:59+09:00,2024-12-12T05:39:59+09:00,satlog,auto,auto,auto,sensor 1920x1080 (cmd[7]=0xB0 bits7-6=10); TMB resize 80x45 (bits5-4=11); GRAY (bit3=0),"WB AUTO (cmd[9] high nibble=0); metering spot (cmd[9] bits3-2=01); TMB jpg ratio 1 (cmd[9] bits1-0=00); shoot interval 0 s; shots 7 (cmd[6]=0x07); product=thumbnail JPEG 80x45; source image = AKS grp 03 shot 03; shoot cmd = 59 00 A0 A3 1E 03 07 B0 B5 04 00 (timer=cmd[4] min, grp=cmd[5], shots=cmd[6])",high,"original: 03_Operation Log/05_AKS CAM/AKS_03/AKS_03_03_TMB.jpg | shoot event: 04_SATLOG/satlog_0-10日目.txt; 初期運用_20241210-1215.xlsx (20241211, 20241212) | command spec: 05_software/5_YMG_MISCAM_AKS_AFR_CMD_241004.xlsx (sheets B0, 撮影A3, 撮影B3, (付属))","AKS grp03 A3 shoot; SATLOG EXECUTED 2024-12-12 05:36:59 (uplinked pass 05:02 JST, timer 0x1E=30 min; the 2024-12-11 10:44 attempt was not received). AKS_03_03_TMB downlinked 2024-12-13/14 (49 packets)",a6712d56541f622e0ed7183c35959b736442b17e755018f6c8735dafaba0bc10
YOMOGI,CAM,AKS,2024-12-12,unknown,data/03_yomogi/images/cam/aks_20241212T0536_a6bded21d1.png,128,72,21084,157.47,21.45,ok,2024-12-12T05:36:59+09:00,2024-12-12T05:39:59+09:00,derived:satlog,auto,auto,auto,sensor 1920x1080 (cmd[7]=0xB0 bits7-6=10); TMB resize 80x45 (bits5-4=11); GRAY (bit3=0),"WB AUTO (cmd[9] high nibble=0); metering spot (cmd[9] bits3-2=01); TMB jpg ratio 1 (cmd[9] bits1-0=00); shoot interval 0 s; shots 7 (cmd[6]=0x07); product=crop PNG (A1 cell 3E4F); source image = AKS grp 03 shot 01; shoot cmd = 59 00 A0 A3 1E 03 07 B0 B5 04 00 (timer=cmd[4] min, grp=cmd[5], shots=cmd[6])",high,"original: 03_Operation Log/05_AKS CAM/AKS_03/AKS_01_0124.png | shoot event: 04_SATLOG/satlog_0-10日目.txt; 初期運用_20241210-1215.xlsx (20241211, 20241212) | command spec: 05_software/5_YMG_MISCAM_AKS_AFR_CMD_241004.xlsx (sheets B0, 撮影A3, 撮影B3, (付属))","AKS grp03 A3 shoot; SATLOG EXECUTED 2024-12-12 05:36:59 (uplinked pass 05:02 JST, timer 0x1E=30 min; the 2024-12-11 10:44 attempt was not received). AKS_01_0124.png: same brightness/contrast as the 3E4F crop downlinked 2025-01-24 (different PNG encoding)",a6bded21d1d347053de358828369a6d94d18d0544763c566671e4061c12a4664
YOMOGI,CAM,AKS,2024-12-12,unknown,data/03_yomogi/images/cam/aks_20241212T0536_b494a08337.png,256,72,20597,182.48,23.92,ok,2024-12-12T05:36:59+09:00,2024-12-12T05:39:59+09:00,derived:satlog,auto,auto,auto,sensor 1920x1080 (cmd[7]=0xB0 bits7-6=10); TMB resize 80x45 (bits5-4=11); GRAY (bit3=0),"WB AUTO (cmd[9] high nibble=0); metering spot (cmd[9] bits3-2=01); TMB jpg ratio 1 (cmd[9] bits1-0=00); shoot interval 0 s; shots 7 (cmd[6]=0x07); product=crop PNG (A1 cell 9BBC); source image = AKS grp 03 shot 01; shoot cmd = 59 00 A0 A3 1E 03 07 B0 B5 04 00 (timer=cmd[4] min, grp=cmd[5], shots=cmd[6])",high,"original: 03_Operation Log/05_AKS CAM/AKS_03/Divided_AKS_03_01_1231.png | shoot event: 04_SATLOG/satlog_0-10日目.txt; 初期運用_20241210-1215.xlsx (20241211, 20241212) | command spec: 05_software/5_YMG_MISCAM_AKS_AFR_CMD_241004.xlsx (sheets B0, 撮影A3, 撮影B3, (付属))","AKS grp03 A3 shoot; SATLOG EXECUTED 2024-12-12 05:36:59 (uplinked pass 05:02 JST, timer 0x1E=30 min; the 2024-12-11 10:44 attempt was not received). Divided_AKS_03_01_1231.png; same content as the 9BBC crop downlinked 2024-12-31",b494a08337c4021fe9fbca71b2f630ad6ac3a24551d7899e3e4c241f82ff61f9
YOMOGI,CAM,AKS,2024-12-12,unknown,data/03_yomogi/images/cam/aks_20241212T0536_c443243e19.png,256,72,19868,6.43,33.84,dark,2024-12-12T05:36:59+09:00,2024-12-12T05:39:59+09:00,derived:satlog,auto,auto,auto,sensor 1920x1080 (cmd[7]=0xB0 bits7-6=10); TMB resize 80x45 (bits5-4=11); GRAY (bit3=0),"WB AUTO (cmd[9] high nibble=0); metering spot (cmd[9] bits3-2=01); TMB jpg ratio 1 (cmd[9] bits1-0=00); shoot interval 0 s; shots 7 (cmd[6]=0x07); product=crop PNG (A1 cell 5C7D); source image = AKS grp 03 shot 01; shoot cmd = 59 00 A0 A3 1E 03 07 B0 B5 04 00 (timer=cmd[4] min, grp=cmd[5], shots=cmd[6])",high,"original: 03_Operation Log/05_AKS CAM/AKS_03/AKS_03_01_5C7D_20240119.png | shoot event: 04_SATLOG/satlog_0-10日目.txt; 初期運用_20241210-1215.xlsx (20241211, 20241212) | command spec: 05_software/5_YMG_MISCAM_AKS_AFR_CMD_241004.xlsx (sheets B0, 撮影A3, 撮影B3, (付属))","AKS grp03 A3 shoot; SATLOG EXECUTED 2024-12-12 05:36:59 (uplinked pass 05:02 JST, timer 0x1E=30 min; the 2024-12-11 10:44 attempt was not received). As above; dark = packet loss; downlinked 2025-01-19",c443243e1995f19a0b1056059ba770a1d68d89f2e0759d78d343aff3b0482a99
YOMOGI,CAM,AKS,2024-12-12,unknown,data/03_yomogi/images/cam/aks_20241212T0536_d063d3fcfe.png,256,72,20423,175.81,11.52,ok,2024-12-12T05:36:59+09:00,2024-12-12T05:39:59+09:00,derived:satlog,auto,auto,auto,sensor 1920x1080 (cmd[7]=0xB0 bits7-6=10); TMB resize 80x45 (bits5-4=11); GRAY (bit3=0),"WB AUTO (cmd[9] high nibble=0); metering spot (cmd[9] bits3-2=01); TMB jpg ratio 1 (cmd[9] bits1-0=00); shoot interval 0 s; shots 7 (cmd[6]=0x07); product=crop PNG (A1 cell 5D7E); source image = AKS grp 03 shot 01; shoot cmd = 59 00 A0 A3 1E 03 07 B0 B5 04 00 (timer=cmd[4] min, grp=cmd[5], shots=cmd[6])",high,"original: 03_Operation Log/05_AKS CAM/AKS_03/AKS_03_01_5D7E_20240122.png | shoot event: 04_SATLOG/satlog_0-10日目.txt; 初期運用_20241210-1215.xlsx (20241211, 20241212) | command spec: 05_software/5_YMG_MISCAM_AKS_AFR_CMD_241004.xlsx (sheets B0, 撮影A3, 撮影B3, (付属))","AKS grp03 A3 shoot; SATLOG EXECUTED 2024-12-12 05:36:59 (uplinked pass 05:02 JST, timer 0x1E=30 min; the 2024-12-11 10:44 attempt was not received). Original dated '20240122' (typo for 2025-01-22); A1 crop 5D7E executed 2025-01-19 17:03:06 (SATLOG); downlinked 2025-01-21/22",d063d3fcfe3620de3bd8b1f305f8e3391d097013b57acdddc08f9e95c5a4f09f
YOMOGI,CAM,AKS,2025-01-26,unknown,data/03_yomogi/images/cam/aks_20250126T1551_d9dbbc5105.png,340,48,17365,25.41,50.59,ok,2025-01-26T15:51:36+09:00,2025-01-26T16:02:45+09:00,derived:pass+timer,auto,auto,auto,sensor 1280x720 (cmd[7]=0x78 bits7-6=01); TMB resize 80x45 (11); RGB (bit3=1),"WB AUTO (cmd[9] high nibble=0); metering spot (cmd[9] bits3-2=01); TMB jpg ratio 1 (cmd[9] bits1-0=00); shoot interval 0 s; shots 7 (cmd[6]=0x07); product=crop PNG (A1 cell BDFE); source image = AKS grp 05 shot 04; shoot cmd = 59 00 A0 A3 46 05 07 78 B5 04 00 (timer=cmd[4] min, grp=cmd[5], shots=cmd[6])",medium,"original: 03_Operation Log/05_AKS CAM/AKS_03_01_BDFE.jpg | shoot event: 運用日報_20241223~0131.xlsx (2025-01-26, 2025-01-27); GDNS_PLAN_051 送信CMD pass 173 | command spec: 05_software/5_YMG_MISCAM_AKS_AFR_CMD_241004.xlsx (sheets B0, 撮影A3, 撮影B3, (付属))","AKS grp05 A3 shoot (target Madagascar); uplinked pass 2025-01-26 14:41:36-14:49:45 JST, timer 0x46=70 min (log label says 80); ACK ok; no SATLOG coverage. A1 crop BDFE (2025-02-10/12 +10 min); downlinked 2025-02-14/15; original AKS_03_01_BDFE.jpg. Note: Feb-Mar log labels say 'AKS_03_01_xxxx' but the crop commands address grp 05 shot 04 (59 00 A0 A1 0A 05 04 01 00 xx xx); source image = AKS grp05 shot04 (1280x720 -> 85x48 px cells)",d9dbbc510569ac61bf3caaf2a12c89dabf6d777ab3c064d0d3d1b270f0911adc
BOTAN,CAM,AURORA,2026-01-20,2026-01-25,data/04_botan/images/cam/aurora_20260120T1603_1f9d2e11cf.jpg,960,540,15913,105.45,20.89,ok,2026-01-20T16:03:41+09:00,2026-01-20T16:20:11+09:00,pass+timer,1600,2000 ms,manual,TMB 960x540 (downscaled from native 720x480 capture),"cmd=42 00 A0 B1 64 2C 08 12 02 08 39; mission=AURORA grp=0x2C pic=7; shots=8; interval=40 s; exposure_compensation=+2 (picamera units, 1/6 EV); JPEG quality=50; raw SS byte=0x39",high,"04_BTN運用/04_運用日報/運用日報 20251010-.xlsx#20260120 pass2; 04_BTN運用/02_運用スケジュール/GDNS_DRW_246_BTN運用スケジュール_ver2.xlsm#送信CMD r683; 04_BTN運用/03_Operation Log/01_GS Monitor Log/20260120_1423.txt; original: 04_BTN運用/03_Operation Log/06_Aurora/02C_20260125_7_TMB.jpg (packets 06_Aurora/バイナリ/02C_20260125_7_TMB.txt, 100% match); cmd decoding: BTNprograms/BTN_CAM_CMD_20231102.py; ISO/shutter table: Handbook GDNS_PROC_040 table 4.10.1.2-1 (EMF image14) — documented; anchors 04_BTN運用/16_成果報告会&Lessones Learned/BOTAN 成果報告会.pptx slide 45","100-min reserve (0x64); ISO/shutter values are documented (handbook table 4.10.1.2-1), 0x31->1600/1ms and 0x10->100/0.5ms cross-checked with 成果報告会 slide 45",1f9d2e11cff074375e080fc3f5ff273940220bd424b257e88f972e84719e1a07
BOTAN,CAM,AURORA,2026-01-20,2026-01-25,data/04_botan/images/cam/aurora_20260120T1603_dafcfcb945.jpg,960,540,15036,140.59,30.27,ok,2026-01-20T16:03:41+09:00,2026-01-20T16:20:11+09:00,pass+timer,1600,2000 ms,manual,TMB 960x540 (downscaled from native 720x480 capture),"cmd=42 00 A0 B1 64 2C 08 12 02 08 39; mission=AURORA grp=0x2C pic=1; shots=8; interval=40 s; exposure_compensation=+2 (picamera units, 1/6 EV); JPEG quality=50; raw SS byte=0x39",high,"04_BTN運用/04_運用日報/運用日報 20251010-.xlsx#20260120 pass2; 04_BTN運用/02_運用スケジュール/GDNS_DRW_246_BTN運用スケジュール_ver2.xlsm#送信CMD r683; 04_BTN運用/03_Operation Log/01_GS Monitor Log/20260120_1423.txt; original: 04_BTN運用/03_Operation Log/06_Aurora/02C_20260125_1_TMB.jpg (02C_20260125_1_TMB.txt, 100%); cmd decoding: BTNprograms/BTN_CAM_CMD_20231102.py; ISO/shutter table: Handbook GDNS_PROC_040 table 4.10.1.2-1 (EMF image14) — documented; anchors 04_BTN運用/16_成果報告会&Lessones Learned/BOTAN 成果報告会.pptx slide 45","100-min reserve (0x64); ISO/shutter values are documented (handbook table 4.10.1.2-1), 0x31->1600/1ms and 0x10->100/0.5ms cross-checked with 成果報告会 slide 45",dafcfcb945c24726fbe13665a857485a524a33abd586e1c14f3d946ae439b24b
BOTAN,CAM,AURORA,2025-10-22,unknown,data/04_botan/images/cam/aurora_20251022T1214_582cf16b9a.jpg,960,540,9775,68.99,71.08,ok,2025-10-22T12:14:54+09:00,2025-10-22T12:31:40+09:00,pass+timer,800,0.5 ms,manual,TMB 960x540 (downscaled from native 720x480 capture),"cmd=42 00 A0 B1 50 06 08 02 02 2E 20; mission=AURORA grp=0x06 pic=3; shots=8; interval=30 s; exposure_compensation=+14 (picamera units, 1/6 EV); JPEG quality=10; raw SS byte=0x20; operators labelled it grp 9 (AURORA cmd 2025-11-12 17:18 pass, no ACK) but the flash slot still held the grp-6 image, so capture = grp 6 event",medium,04_BTN運用/04_運用日報/運用日報 20251010-.xlsx#20251022 pass3; 04_BTN運用/03_Operation Log/01_GS Monitor Log/20251022_1056.txt; 04_BTN運用/03_Operation Log/04_SATLOG/20251105_1934.txt; original: 04_BTN運用/03_Operation Log/06_Aurora/009_03_TMB.jpg; bytes identical to 006_03 data (009_03_TMB.txt is byte-identical to 006_03_TMB.txt); cmd decoding: BTNprograms/BTN_CAM_CMD_20231102.py; ISO/shutter table: Handbook GDNS_PROC_040 table 4.10.1.2-1 (EMF image14) — documented; anchors 04_BTN運用/16_成果報告会&Lessones Learned/BOTAN 成果報告会.pptx slide 45,"SATLOG day11: cmd recv 16:01:12 (timer 0x50=80 min), mission exec 17:22:20, end 17:26:52 -> capture = uplink+81..86 min; ISO/shutter values are documented (handbook table 4.10.1.2-1), 0x31->1600/1ms and 0x10->100/0.5ms cross-checked with 成果報告会 slide 45",582cf16b9afc0e4b156bd3d5b7da06b86d7d9869ba3e626bf666e4c99419a04a
BOTAN,CAM,AURORA,2025-11-24,unknown,data/04_botan/images/cam/aurora_20251124T1253_5ba7a78451.jpg,960,540,12817,9.14,40.80,dark,2025-11-24T12:53:00+09:00,2025-11-24T13:11:00+09:00,pass+timer,1600,2000 ms,manual,TMB 960x540 (downscaled from native 720x480 capture),"cmd=42 00 A0 B1 0F 0F 08 12 02 07 39; mission=AURORA grp=0x0F pic=5; shots=8; interval=40 s; exposure_compensation=+0 (picamera units, 1/6 EV); JPEG quality=50; raw SS byte=0x39",high,"04_BTN運用/04_運用日報/運用日報 20251010-.xlsx#20251124 pass1; 04_BTN運用/02_運用スケジュール/GDNS_DRW_246_BTN運用スケジュール_ver2.xlsm#送信CMD r327; 04_BTN運用/03_Operation Log/01_GS Monitor Log/20251124_1239.txt; original: 04_BTN運用/03_Operation Log/06_Aurora/0F_05_TMB.jpg (0F_05_TMB.txt, 100%); cmd decoding: BTNprograms/BTN_CAM_CMD_20231102.py; ISO/shutter table: Handbook GDNS_PROC_040 table 4.10.1.2-1 (EMF image14) — documented; anchors 04_BTN運用/16_成果報告会&Lessones Learned/BOTAN 成果報告会.pptx slide 45","15-min reserve; ISO/shutter values are documented (handbook table 4.10.1.2-1), 0x31->1600/1ms and 0x10->100/0.5ms cross-checked with 成果報告会 slide 45",5ba7a784511d591586f784f8d2841be8848f05b1ab4aefd4bc9b8bc711e67d7e
BOTAN,CAM,AURORA,2025-11-21,unknown,data/04_botan/images/cam/aurora_20251121T1401_7551c85638.jpg,960,540,16706,208.32,31.46,ok,2025-11-21T14:01:00+09:00,2025-11-21T14:18:00+09:00,pass+timer,1600,2000 ms,manual,TMB 960x540 (downscaled from native 720x480 capture),"cmd=42 00 A0 B1 0A 39 08 12 02 07 39; mission=AURORA grp=0x39 pic=1; shots=8; interval=40 s; exposure_compensation=+0 (picamera units, 1/6 EV); JPEG quality=50; raw SS byte=0x39",high,"04_BTN運用/04_運用日報/運用日報 20251010-.xlsx#20251121 pass1; 04_BTN運用/02_運用スケジュール/GDNS_DRW_246_BTN運用スケジュール_ver2.xlsm#送信CMD r301; 04_BTN運用/03_Operation Log/01_GS Monitor Log/20251121_1351.txt; 04_BTN運用/03_Operation Log/04_SATLOG/20260223_2333.txt; original: 04_BTN運用/03_Operation Log/06_Aurora/039_01_TMB.jpg (039_01_TMB.txt, 100%); cmd decoding: BTNprograms/BTN_CAM_CMD_20231102.py; ISO/shutter table: Handbook GDNS_PROC_040 table 4.10.1.2-1 (EMF image14) — documented; anchors 04_BTN運用/16_成果報告会&Lessones Learned/BOTAN 成果報告会.pptx slide 45","SATLOG day41: recv 08:56:41/08:56:59 (timer 0x0A=10 min), exec 09:07:13, end 09:14:16; ISO/shutter values are documented (handbook table 4.10.1.2-1), 0x31->1600/1ms and 0x10->100/0.5ms cross-checked with 成果報告会 slide 45",7551c8563854c464c8018367a0e6ee7d9663fe04af4a216119c07ce6d4da889f
BOTAN,CAM,PUMICE,2026-01-16,unknown,data/04_botan/images/cam/pumice_20260116T1550_7741382f4d.jpg,1920,1080,116598,78.59,86.21,ok,2026-01-16T15:50:08+09:00,2026-01-16T16:03:38+09:00,pass+timer,100,0.5 ms,manual,TMB 1920x1080 (downscaled from native 720x480 capture),"cmd=42 00 A0 B1 00 26 08 23 03 20 10; mission=PUMICE grp=0x26 pic=3; shots=8; interval=3.0 s; exposure_compensation=-14 (picamera units, 1/6 EV); JPEG quality=80; raw SS byte=0x10; actually a PUMICE-mode image (grp 0x26 pic 3, 1920x1080) misfiled in the Aurora folder",medium,04_BTN運用/04_運用日報/運用日報 20251010-.xlsx#20260116 pass2; 04_BTN運用/02_運用スケジュール/GDNS_DRW_246_BTN運用スケジュール_ver2.xlsm#送信CMD r655; 04_BTN運用/03_Operation Log/01_GS Monitor Log/20260116_1600.txt; original: 04_BTN運用/03_Operation Log/06_Aurora/1.jpg; partial (76%) restoration of 07_Pumice/バイナリ/026_03_0129.txt; cmd decoding: BTNprograms/BTN_CAM_CMD_20231102.py; ISO/shutter table: Handbook GDNS_PROC_040 table 4.10.1.2-1 (EMF image14) — documented; anchors 04_BTN運用/16_成果報告会&Lessones Learned/BOTAN 成果報告会.pptx slide 45,"immediate, just before culmination (max el 74.7 deg); ISO/shutter values are documented (handbook table 4.10.1.2-1), 0x31->1600/1ms and 0x10->100/0.5ms cross-checked with 成果報告会 slide 45; NOTE mission in csv (AURORA) differs from commanded mission (PUMICE)",7741382f4dd8d77fca6b34b56b9439e2642a9d5376f4d707f980f6a688b1f7e3
BOTAN,CAM,AURORA,2025-11-28,unknown,data/04_botan/images/cam/aurora_20251128T1832_8b7eb0015a.jpg,960,540,64880,158.74,44.15,ok,2025-11-28T18:32:00+09:00,2025-11-28T18:49:00+09:00,pass+timer,1600,2000 ms,manual,TMB 960x540 (downscaled from native 720x480 capture),"cmd=42 00 A0 B1 00 42 08 12 02 07 39; mission=AURORA grp=0x42 pic=1; shots=8; interval=40 s; exposure_compensation=+0 (picamera units, 1/6 EV); JPEG quality=50; raw SS byte=0x39; two grp-0x42 commands the same day; see notes",medium,"04_BTN運用/04_運用日報/運用日報 20251010-.xlsx#20251128 pass4-5; 04_BTN運用/02_運用スケジュール/GDNS_DRW_246_BTN運用スケジュール_ver2.xlsm#送信CMD r373,r375; 04_BTN運用/03_Operation Log/01_GS Monitor Log/20251128_1657.txt, 20251128_1832.txt; original: 04_BTN運用/03_Operation Log/06_Aurora/042_01_TMB.jpg (042_01_TMB.txt, 100%); cmd decoding: BTNprograms/BTN_CAM_CMD_20231102.py; ISO/shutter table: Handbook GDNS_PROC_040 table 4.10.1.2-1 (EMF image14) — documented; anchors 04_BTN運用/16_成果報告会&Lessones Learned/BOTAN 成果報告会.pptx slide 45","grp 0x42 commanded twice: 16:56-17:04 pass with 17-min timer (-> 17:13-17:21) and 18:32-18:42 pass immediate; window given is the later (overwriting) command; earliest possible 17:13; ISO/shutter values are documented (handbook table 4.10.1.2-1), 0x31->1600/1ms and 0x10->100/0.5ms cross-checked with 成果報告会 slide 45",8b7eb0015a666ecc4f7d695026e5c4525542ba6ef7fdd61b3e2ff76baa8b3285
BOTAN,CAM,AURORA,2025-11-21,unknown,data/04_botan/images/cam/aurora_20251121T1401_94d2b14d97.jpg,960,540,11827,20.98,10.94,ok,2025-11-21T14:01:00+09:00,2025-11-21T14:18:00+09:00,pass+timer,1600,2000 ms,manual,TMB 960x540 (downscaled from native 720x480 capture),"cmd=42 00 A0 B1 0A 39 08 12 02 07 39; mission=AURORA grp=0x39 pic=2; shots=8; interval=40 s; exposure_compensation=+0 (picamera units, 1/6 EV); JPEG quality=50; raw SS byte=0x39",high,"04_BTN運用/04_運用日報/運用日報 20251010-.xlsx#20251121 pass1; 04_BTN運用/02_運用スケジュール/GDNS_DRW_246_BTN運用スケジュール_ver2.xlsm#送信CMD r301; 04_BTN運用/03_Operation Log/01_GS Monitor Log/20251121_1351.txt; 04_BTN運用/03_Operation Log/04_SATLOG/20260223_2333.txt; original: 04_BTN運用/03_Operation Log/06_Aurora/039_02_TMB.jpg (039_02_TMB.txt, 100%); cmd decoding: BTNprograms/BTN_CAM_CMD_20231102.py; ISO/shutter table: Handbook GDNS_PROC_040 table 4.10.1.2-1 (EMF image14) — documented; anchors 04_BTN運用/16_成果報告会&Lessones Learned/BOTAN 成果報告会.pptx slide 45","SATLOG day41: recv 08:56:41/08:56:59 (timer 0x0A=10 min), exec 09:07:13, end 09:14:16; ISO/shutter values are documented (handbook table 4.10.1.2-1), 0x31->1600/1ms and 0x10->100/0.5ms cross-checked with 成果報告会 slide 45",94d2b14d9741f4429376e352b3c07d0990950181691f60588784762879596843
BOTAN,CAM,AURORA,2025-11-24,unknown,data/04_botan/images/cam/aurora_20251124T1253_9b7b3a7c07.jpg,960,540,12201,8.32,37.63,dark,2025-11-24T12:53:00+09:00,2025-11-24T13:11:00+09:00,pass+timer,1600,2000 ms,manual,TMB 960x540 (downscaled from native 720x480 capture),"cmd=42 00 A0 B1 0F 0F 08 12 02 07 39; mission=AURORA grp=0x0F pic=4; shots=8; interval=40 s; exposure_compensation=+0 (picamera units, 1/6 EV); JPEG quality=50; raw SS byte=0x39",high,"04_BTN運用/04_運用日報/運用日報 20251010-.xlsx#20251124 pass1; 04_BTN運用/02_運用スケジュール/GDNS_DRW_246_BTN運用スケジュール_ver2.xlsm#送信CMD r327; 04_BTN運用/03_Operation Log/01_GS Monitor Log/20251124_1239.txt; original: 04_BTN運用/03_Operation Log/06_Aurora/0F_04_TMB.jpg (0F_04_TMB.txt, 100%); cmd decoding: BTNprograms/BTN_CAM_CMD_20231102.py; ISO/shutter table: Handbook GDNS_PROC_040 table 4.10.1.2-1 (EMF image14) — documented; anchors 04_BTN運用/16_成果報告会&Lessones Learned/BOTAN 成果報告会.pptx slide 45","15-min reserve; ISO/shutter values are documented (handbook table 4.10.1.2-1), 0x31->1600/1ms and 0x10->100/0.5ms cross-checked with 成果報告会 slide 45",9b7b3a7c07c8d7a1db9af80c6e3615f39cbd6223a0fe919d3154ed6051d448ee
BOTAN,CAM,AURORA,2025-10-22,unknown,data/04_botan/images/cam/aurora_20251022T1214_df6ec4c683.jpg,960,540,40643,68.99,71.08,ok,2025-10-22T12:14:54+09:00,2025-10-22T12:31:40+09:00,pass+timer,800,0.5 ms,manual,TMB 960x540 (downscaled from native 720x480 capture),"cmd=42 00 A0 B1 50 06 08 02 02 2E 20; mission=AURORA grp=0x06 pic=3; shots=8; interval=30 s; exposure_compensation=+14 (picamera units, 1/6 EV); JPEG quality=10; raw SS byte=0x20",high,"04_BTN運用/04_運用日報/運用日報 20251010-.xlsx#20251022 pass3; 04_BTN運用/03_Operation Log/01_GS Monitor Log/20251022_1056.txt; 04_BTN運用/03_Operation Log/04_SATLOG/20251105_1934.txt; original: 04_BTN運用/03_Operation Log/06_Aurora/006_03_TMB.jpg (006_03_TMB.txt, 100%); cmd decoding: BTNprograms/BTN_CAM_CMD_20231102.py; ISO/shutter table: Handbook GDNS_PROC_040 table 4.10.1.2-1 (EMF image14) — documented; anchors 04_BTN運用/16_成果報告会&Lessones Learned/BOTAN 成果報告会.pptx slide 45","SATLOG day11: cmd recv 16:01:12 (timer 0x50=80 min), mission exec 17:22:20, end 17:26:52 -> capture = uplink+81..86 min; ISO/shutter values are documented (handbook table 4.10.1.2-1), 0x31->1600/1ms and 0x10->100/0.5ms cross-checked with 成果報告会 slide 45",df6ec4c68363b72e398a0f7c4d4e3c3b8a9066450db9248d2b100a8854233ff4
BOTAN,CAM,AURORA,2025-11-14,unknown,data/04_botan/images/cam/aurora_20251114T1557_f98649cb11.jpg,960,540,9276,0.93,5.28,dark,2025-11-14T15:57:54+09:00,2025-11-14T16:12:24+09:00,pass+timer,1600,2000 ms,manual,TMB 960x540 (downscaled from native 720x480 capture),"cmd=42 00 A0 B1 1A 12 08 12 02 08 39; mission=AURORA grp=0x12 pic=1; shots=8; interval=40 s; exposure_compensation=+2 (picamera units, 1/6 EV); JPEG quality=50; raw SS byte=0x39",high,"04_BTN運用/04_運用日報/運用日報 20251010-.xlsx#20251114 pass1; 04_BTN運用/02_運用スケジュール/GDNS_DRW_246_BTN運用スケジュール_ver2.xlsm#送信CMD r241; 04_BTN運用/03_Operation Log/01_GS Monitor Log/20251114_1539.txt; 04_BTN運用/03_Operation Log/04_SATLOG/20260223_2333.txt; original: 04_BTN運用/03_Operation Log/06_Aurora/012_01_TMB.jpg (012_01_TMB.txt, 100%); cmd decoding: BTNprograms/BTN_CAM_CMD_20231102.py; ISO/shutter table: Handbook GDNS_PROC_040 table 4.10.1.2-1 (EMF image14) — documented; anchors 04_BTN運用/16_成果報告会&Lessones Learned/BOTAN 成果報告会.pptx slide 45","SATLOG day34: recv 10:41:27 (timer 0x1A=26 min), exec 11:07:40, end 11:14:37; ISO/shutter values are documented (handbook table 4.10.1.2-1), 0x31->1600/1ms and 0x10->100/0.5ms cross-checked with 成果報告会 slide 45",f98649cb11533789b0d3e6956081bd134666de115e8436d74e838bb61e04f25f
BOTAN,CAM,CORN,2025-10-11,2025-10-11,data/04_botan/images/cam/corn_20251011T0554_0f0f3996e5.jpg,960,540,8846,150.80,48.76,ok,2025-10-11T05:54:08+09:00,2025-10-11T06:07:19+09:00,pass+timer,1600,1 ms,manual,TMB 960x540 (downscaled from native 720x480 capture),"cmd=42 00 A0 B1 19 01 08 02 01 27 31; mission=CORN grp=0x01 pic=1; shots=8; interval=3.0 s; exposure_compensation=+0 (picamera units, 1/6 EV); JPEG quality=10; raw SS byte=0x31; first-ever capture group; TMB slot 1",medium,"04_BTN運用/04_運用日報/運用日報 20251010-.xlsx#20251011 pass1; 04_BTN運用/02_運用スケジュール/GDNS_DRW_246_BTN運用スケジュール_ver2.xlsm#送信CMD r3; 04_BTN運用/03_Operation Log/01_GS Monitor Log/20251011_0538.txt; 04_BTN運用/03_Operation Log/04_SATLOG/20251011_0541.txt; original: 04_BTN運用/03_Operation Log/05_Corn/復元画像/fail/001_2025_1011.jpg; 145-packet partial DL of TMB slot 1 (pass 2 10/11 07:04), no packet txt kept; cmd decoding: BTNprograms/BTN_CAM_CMD_20231102.py; ISO/shutter table: Handbook GDNS_PROC_040 table 4.10.1.2-1 (EMF image14) — documented; anchors 04_BTN運用/16_成果報告会&Lessones Learned/BOTAN 成果報告会.pptx slide 45","SATLOG: CAM cmd received onboard day0 10:39:31 (timer 0x19); daily report: command sent right at AOS -> capture ~05:54 JST; ISO/shutter values are documented (handbook table 4.10.1.2-1), 0x31->1600/1ms and 0x10->100/0.5ms cross-checked with 成果報告会 slide 45",0f0f3996e5a1f96d30f53dfede0b3c798a24e42567ac0cc776d21e02626867c1
BOTAN,CAM,CORN,2025-10-11,2025-10-11,data/04_botan/images/cam/corn_20251011T0554_37b289080d.jpg,960,540,9469,127.95,110.45,ok,2025-10-11T05:54:08+09:00,2025-10-11T06:07:19+09:00,pass+timer,1600,1 ms,manual,TMB 960x540 (downscaled from native 720x480 capture),"cmd=42 00 A0 B1 19 01 08 02 01 27 31; mission=CORN grp=0x01 pic=4; shots=8; interval=3.0 s; exposure_compensation=+0 (picamera units, 1/6 EV); JPEG quality=10; raw SS byte=0x31",high,"04_BTN運用/04_運用日報/運用日報 20251010-.xlsx#20251011 pass1; 04_BTN運用/02_運用スケジュール/GDNS_DRW_246_BTN運用スケジュール_ver2.xlsm#送信CMD r3; 04_BTN運用/03_Operation Log/01_GS Monitor Log/20251011_0538.txt; 04_BTN運用/03_Operation Log/04_SATLOG/20251011_0541.txt; original: 04_BTN運用/03_Operation Log/05_Corn/復元画像/001_2025_1011_.jpg (001_2025_1011.txt, 100%); cmd decoding: BTNprograms/BTN_CAM_CMD_20231102.py; ISO/shutter table: Handbook GDNS_PROC_040 table 4.10.1.2-1 (EMF image14) — documented; anchors 04_BTN運用/16_成果報告会&Lessones Learned/BOTAN 成果報告会.pptx slide 45","SATLOG: CAM cmd received onboard day0 10:39:31 (timer 0x19); daily report: command sent right at AOS -> capture ~05:54 JST; ISO/shutter values are documented (handbook table 4.10.1.2-1), 0x31->1600/1ms and 0x10->100/0.5ms cross-checked with 成果報告会 slide 45",37b289080d6c43dc174238b1ce768ad83f6eb6d019636555ca42a345820de4d5
BOTAN,CAM,CORN,2025-10-11,2025-10-11,data/04_botan/images/cam/corn_20251011T1151_39491a5439.jpg,960,540,12678,153.69,45.72,ok,2025-10-11T11:51:54+09:00,2025-10-11T12:03:18+09:00,pass+timer,100,0.5 ms,manual,TMB 960x540 (downscaled from native 720x480 capture),"cmd=42 00 A0 B1 5A 04 08 02 01 27 10; mission=CORN grp=0x04 pic=1; shots=8; interval=3.0 s; exposure_compensation=+0 (picamera units, 1/6 EV); JPEG quality=10; raw SS byte=0x10; '002' in operator file names = 2nd capture session (grp 4)",medium,"04_BTN運用/04_運用日報/運用日報 20251010-.xlsx#20251011 pass3-5; 04_BTN運用/03_Operation Log/01_GS Monitor Log/20251011_1030.txt; original: 04_BTN運用/03_Operation Log/05_Corn/復元画像/fail/002_2025_1011_1.jpg; partial restoration of 002_2025_1011.txt (slot-1, 207 pkts, DL 10/11 pass 6 after 2nd capture); cmd decoding: BTNprograms/BTN_CAM_CMD_20231102.py; ISO/shutter table: Handbook GDNS_PROC_040 table 4.10.1.2-1 (EMF image14) — documented; anchors 04_BTN運用/16_成果報告会&Lessones Learned/BOTAN 成果報告会.pptx slide 45","90-min reserve uplinked in pass 4 (10:21:54-10:29:18, ACK seen); earlier attempt pass 3 08:42 had no ACK (would give 10:12-10:22); TMB header/DL of this group started pass 5 11:59; ISO/shutter values are documented (handbook table 4.10.1.2-1), 0x31->1600/1ms and 0x10->100/0.5ms cross-checked with 成果報告会 slide 45",39491a543930f606ac596610304993c69aa57b05406becbfdb319a56e0260e53
BOTAN,CAM,CORN,2025-10-11,2025-10-11,data/04_botan/images/cam/corn_20251011T0554_5fd43fef4b.jpg,960,540,9469,123.80,70.06,ok,2025-10-11T05:54:08+09:00,2025-10-11T06:07:19+09:00,pass+timer,1600,1 ms,manual,TMB 960x540 (downscaled from native 720x480 capture),"cmd=42 00 A0 B1 19 01 08 02 01 27 31; mission=CORN grp=0x01 pic=4; shots=8; interval=3.0 s; exposure_compensation=+0 (picamera units, 1/6 EV); JPEG quality=10; raw SS byte=0x31",medium,04_BTN運用/04_運用日報/運用日報 20251010-.xlsx#20251011 pass1; 04_BTN運用/02_運用スケジュール/GDNS_DRW_246_BTN運用スケジュール_ver2.xlsm#送信CMD r3; 04_BTN運用/03_Operation Log/01_GS Monitor Log/20251011_0538.txt; 04_BTN運用/03_Operation Log/04_SATLOG/20251011_0541.txt; original: 04_BTN運用/03_Operation Log/05_Corn/復元画像/fail/2025_1011_002_02.jpg; partial restoration (49%) of 001_2025_1011.txt (same 9469-byte declared size); cmd decoding: BTNprograms/BTN_CAM_CMD_20231102.py; ISO/shutter table: Handbook GDNS_PROC_040 table 4.10.1.2-1 (EMF image14) — documented; anchors 04_BTN運用/16_成果報告会&Lessones Learned/BOTAN 成果報告会.pptx slide 45,"SATLOG: CAM cmd received onboard day0 10:39:31 (timer 0x19); daily report: command sent right at AOS -> capture ~05:54 JST; ISO/shutter values are documented (handbook table 4.10.1.2-1), 0x31->1600/1ms and 0x10->100/0.5ms cross-checked with 成果報告会 slide 45",5fd43fef4b17f8067bd3460f2eb5c302017c85193d46ecbb2e138ed32adbd60f
BOTAN,CAM,CORN,2025-10-11,2025-10-11,data/04_botan/images/cam/corn_20251011T0554_b8f46dd5f6.jpg,960,540,9469,132.02,36.07,ok,2025-10-11T05:54:08+09:00,2025-10-11T06:07:19+09:00,pass+timer,1600,1 ms,manual,TMB 960x540 (downscaled from native 720x480 capture),"cmd=42 00 A0 B1 19 01 08 02 01 27 31; mission=CORN grp=0x01 pic=4; shots=8; interval=3.0 s; exposure_compensation=+0 (picamera units, 1/6 EV); JPEG quality=10; raw SS byte=0x31",medium,04_BTN運用/04_運用日報/運用日報 20251010-.xlsx#20251011 pass1; 04_BTN運用/02_運用スケジュール/GDNS_DRW_246_BTN運用スケジュール_ver2.xlsm#送信CMD r3; 04_BTN運用/03_Operation Log/01_GS Monitor Log/20251011_0538.txt; 04_BTN運用/03_Operation Log/04_SATLOG/20251011_0541.txt; original: 04_BTN運用/03_Operation Log/05_Corn/復元画像/fail/2025_1011_002.jpg; partial restoration (21%) of 001_2025_1011.txt; cmd decoding: BTNprograms/BTN_CAM_CMD_20231102.py; ISO/shutter table: Handbook GDNS_PROC_040 table 4.10.1.2-1 (EMF image14) — documented; anchors 04_BTN運用/16_成果報告会&Lessones Learned/BOTAN 成果報告会.pptx slide 45,"SATLOG: CAM cmd received onboard day0 10:39:31 (timer 0x19); daily report: command sent right at AOS -> capture ~05:54 JST; ISO/shutter values are documented (handbook table 4.10.1.2-1), 0x31->1600/1ms and 0x10->100/0.5ms cross-checked with 成果報告会 slide 45",b8f46dd5f64b6f87ec0544d99eac9d3f655dd13b6d9107fde167a439025176a9
BOTAN,CAM,CORN,2025-10-11,2025-10-11,data/04_botan/images/cam/corn_20251011T1151_bf6be68015.jpg,960,540,15389,226.27,35.24,ok,2025-10-11T11:51:54+09:00,2025-10-11T12:03:18+09:00,pass+timer,100,0.5 ms,manual,TMB 960x540 (downscaled from native 720x480 capture),"cmd=42 00 A0 B1 5A 04 08 02 01 27 10; mission=CORN grp=0x04 pic=1; shots=8; interval=3.0 s; exposure_compensation=+0 (picamera units, 1/6 EV); JPEG quality=10; raw SS byte=0x10; bright Earth frame = '2nd capture' described in 成果報告会 slide 45",medium,04_BTN運用/04_運用日報/運用日報 20251010-.xlsx#20251011 pass3-5; 04_BTN運用/03_Operation Log/01_GS Monitor Log/20251011_1030.txt; original: 04_BTN運用/03_Operation Log/05_Corn/復元画像/002_2025_1011_1.jpg (re-encoded with EXIF by a PC editor; no byte match); cmd decoding: BTNprograms/BTN_CAM_CMD_20231102.py; ISO/shutter table: Handbook GDNS_PROC_040 table 4.10.1.2-1 (EMF image14) — documented; anchors 04_BTN運用/16_成果報告会&Lessones Learned/BOTAN 成果報告会.pptx slide 45,"90-min reserve uplinked in pass 4 (10:21:54-10:29:18, ACK seen); earlier attempt pass 3 08:42 had no ACK (would give 10:12-10:22); TMB header/DL of this group started pass 5 11:59; ISO/shutter values are documented (handbook table 4.10.1.2-1), 0x31->1600/1ms and 0x10->100/0.5ms cross-checked with 成果報告会 slide 45",bf6be680157d2a904859ae18f85ce78db038e41c18d0e8d4973d4f79f06739b3
BOTAN,CAM,CORN,2025-10-11,2025-10-11,data/04_botan/images/cam/corn_20251011T0554_c05d0da103.jpg,960,540,9469,128.20,92.63,ok,2025-10-11T05:54:08+09:00,2025-10-11T06:07:19+09:00,pass+timer,1600,1 ms,manual,TMB 960x540 (downscaled from native 720x480 capture),"cmd=42 00 A0 B1 19 01 08 02 01 27 31; mission=CORN grp=0x01 pic=4; shots=8; interval=3.0 s; exposure_compensation=+0 (picamera units, 1/6 EV); JPEG quality=10; raw SS byte=0x31",medium,04_BTN運用/04_運用日報/運用日報 20251010-.xlsx#20251011 pass1; 04_BTN運用/02_運用スケジュール/GDNS_DRW_246_BTN運用スケジュール_ver2.xlsm#送信CMD r3; 04_BTN運用/03_Operation Log/01_GS Monitor Log/20251011_0538.txt; 04_BTN運用/03_Operation Log/04_SATLOG/20251011_0541.txt; original: 04_BTN運用/03_Operation Log/05_Corn/復元画像/fail/2025_1011_002_03.jpg; partial restoration (74%) of 001_2025_1011.txt; cmd decoding: BTNprograms/BTN_CAM_CMD_20231102.py; ISO/shutter table: Handbook GDNS_PROC_040 table 4.10.1.2-1 (EMF image14) — documented; anchors 04_BTN運用/16_成果報告会&Lessones Learned/BOTAN 成果報告会.pptx slide 45,"SATLOG: CAM cmd received onboard day0 10:39:31 (timer 0x19); daily report: command sent right at AOS -> capture ~05:54 JST; ISO/shutter values are documented (handbook table 4.10.1.2-1), 0x31->1600/1ms and 0x10->100/0.5ms cross-checked with 成果報告会 slide 45",c05d0da103f8051ed6c3427719e35de30502b4f93774a8b13ac34da7a21144bc
BOTAN,CAM,CORN,2025-10-11,2025-10-12,data/04_botan/images/cam/corn_20251011T1151_3596cef5bc.jpg,960,540,116598,230.55,27.06,ok,2025-10-11T11:51:54+09:00,2025-10-11T12:03:18+09:00,pass+timer,100,0.5 ms,manual,TMB 960x540 (downscaled from native 720x480 capture),"cmd=42 00 A0 B1 5A 04 08 02 01 27 10; mission=CORN grp=0x04 pic=3; shots=8; interval=3.0 s; exposure_compensation=+0 (picamera units, 1/6 EV); JPEG quality=10; raw SS byte=0x10",high,"04_BTN運用/04_運用日報/運用日報 20251010-.xlsx#20251011 pass3-5; 04_BTN運用/03_Operation Log/01_GS Monitor Log/20251011_1030.txt; original: 04_BTN運用/03_Operation Log/05_Corn/復元画像/002_2025_1012_3 CORN.jpg (004_2025_1013 3枚目.txt, 100%); cmd decoding: BTNprograms/BTN_CAM_CMD_20231102.py; ISO/shutter table: Handbook GDNS_PROC_040 table 4.10.1.2-1 (EMF image14) — documented; anchors 04_BTN運用/16_成果報告会&Lessones Learned/BOTAN 成果報告会.pptx slide 45","90-min reserve uplinked in pass 4 (10:21:54-10:29:18, ACK seen); earlier attempt pass 3 08:42 had no ACK (would give 10:12-10:22); TMB header/DL of this group started pass 5 11:59; ISO/shutter values are documented (handbook table 4.10.1.2-1), 0x31->1600/1ms and 0x10->100/0.5ms cross-checked with 成果報告会 slide 45",3596cef5bcf5e5627f27598fe6af38932c0b69d57aea298b3521f1e745bbc020
BOTAN,CAM,CORN,2025-10-11,2025-10-12,data/04_botan/images/cam/corn_20251011T1151_e913f4b299.jpg,960,540,16442,231.18,33.75,ok,2025-10-11T11:51:54+09:00,2025-10-11T12:03:18+09:00,pass+timer,100,0.5 ms,manual,TMB 960x540 (downscaled from native 720x480 capture),"cmd=42 00 A0 B1 5A 04 08 02 01 27 10; mission=CORN grp=0x04 pic=1; shots=8; interval=3.0 s; exposure_compensation=+0 (picamera units, 1/6 EV); JPEG quality=10; raw SS byte=0x10",medium,04_BTN運用/04_運用日報/運用日報 20251010-.xlsx#20251011 pass3-5; 04_BTN運用/03_Operation Log/01_GS Monitor Log/20251011_1030.txt; original: 04_BTN運用/03_Operation Log/05_Corn/復元画像/002_2025_1012_1 CORN.jpg (re-encoded with EXIF; slot-1 image 002_2025_1012 1枚目.txt); cmd decoding: BTNprograms/BTN_CAM_CMD_20231102.py; ISO/shutter table: Handbook GDNS_PROC_040 table 4.10.1.2-1 (EMF image14) — documented; anchors 04_BTN運用/16_成果報告会&Lessones Learned/BOTAN 成果報告会.pptx slide 45,"90-min reserve uplinked in pass 4 (10:21:54-10:29:18, ACK seen); earlier attempt pass 3 08:42 had no ACK (would give 10:12-10:22); TMB header/DL of this group started pass 5 11:59; ISO/shutter values are documented (handbook table 4.10.1.2-1), 0x31->1600/1ms and 0x10->100/0.5ms cross-checked with 成果報告会 slide 45",e913f4b299984c7bf28a1148a986528f907e574170fcc6b5382494a487f7b336
BOTAN,CAM,CORN,2025-10-11,2025-10-13,data/04_botan/images/cam/corn_20251011T1151_f2128da481.jpg,960,540,11511,167.36,84.74,ok,2025-10-11T11:51:54+09:00,2025-10-11T12:03:18+09:00,pass+timer,100,0.5 ms,manual,TMB 960x540 (downscaled from native 720x480 capture),"cmd=42 00 A0 B1 5A 04 08 02 01 27 10; mission=CORN grp=0x04 pic=4; shots=8; interval=3.0 s; exposure_compensation=+0 (picamera units, 1/6 EV); JPEG quality=10; raw SS byte=0x10",high,"04_BTN運用/04_運用日報/運用日報 20251010-.xlsx#20251011 pass3-5; 04_BTN運用/03_Operation Log/01_GS Monitor Log/20251011_1030.txt; original: 04_BTN運用/03_Operation Log/05_Corn/復元画像/004_2025_1013_4 CORN.jpg (004_2025_1013 4枚目.txt, 100%); cmd decoding: BTNprograms/BTN_CAM_CMD_20231102.py; ISO/shutter table: Handbook GDNS_PROC_040 table 4.10.1.2-1 (EMF image14) — documented; anchors 04_BTN運用/16_成果報告会&Lessones Learned/BOTAN 成果報告会.pptx slide 45","90-min reserve uplinked in pass 4 (10:21:54-10:29:18, ACK seen); earlier attempt pass 3 08:42 had no ACK (would give 10:12-10:22); TMB header/DL of this group started pass 5 11:59; ISO/shutter values are documented (handbook table 4.10.1.2-1), 0x31->1600/1ms and 0x10->100/0.5ms cross-checked with 成果報告会 slide 45",f2128da4817ffffea65aaced0fd3555713a650d37f599b715af96868fa080339
BOTAN,CAM,CORN,2025-10-11,2025-10-14,data/04_botan/images/cam/corn_20251011T1151_12db3f0507.jpg,240,224,8130,129.97,114.97,ok,2025-10-11T11:51:54+09:00,2025-10-11T12:03:18+09:00,pass+timer,100,0.5 ms,manual,TMB 960x540 (cmd NN resize bits); cut tiles are 240x224/240x256 crops of the native 720x480 frame,"cmd=42 00 A0 B1 5A 04 08 02 01 27 10; mission=CORN grp=0x04 pic=4; shots=8; interval=3.0 s; exposure_compensation=+0 (picamera units, 1/6 EV); JPEG quality=95 (cv2 default, cut); raw SS byte=0x10; CUT tile 1: cmd 42 00 A0 C1 00 04 04 00 01 A0 F7 (2025-10-14 04:38 pass); cells top(w10,h0)-bottom(w15,h7) of 15x15 grid on 720x480 frame; cv2 default JPEG q95",high,"04_BTN運用/04_運用日報/運用日報 20251010-.xlsx#20251011 pass3-5; 04_BTN運用/03_Operation Log/01_GS Monitor Log/20251011_1030.txt; original: 04_BTN運用/03_Operation Log/05_Corn/復元画像/CORN_Main_004_本画像/004_04_20251014_1.jpg (004_2025_1014 4枚目_本画像_1.txt, 100%); cmd decoding: BTNprograms/BTN_CAM_CMD_20231102.py; ISO/shutter table: Handbook GDNS_PROC_040 table 4.10.1.2-1 (EMF image14) — documented; anchors 04_BTN運用/16_成果報告会&Lessones Learned/BOTAN 成果報告会.pptx slide 45","90-min reserve uplinked in pass 4 (10:21:54-10:29:18, ACK seen); earlier attempt pass 3 08:42 had no ACK (would give 10:12-10:22); TMB header/DL of this group started pass 5 11:59; ISO/shutter values are documented (handbook table 4.10.1.2-1), 0x31->1600/1ms and 0x10->100/0.5ms cross-checked with 成果報告会 slide 45",12db3f05076c16e192e3b5a42fee4aa1c2f426b160362e042b4bdad64b21851e
BOTAN,CAM,CORN,2025-10-11,2025-10-14,data/04_botan/images/cam/corn_20251011T1151_204abcdf15.jpg,240,224,10149,186.36,26.33,ok,2025-10-11T11:51:54+09:00,2025-10-11T12:03:18+09:00,pass+timer,100,0.5 ms,manual,TMB 960x540 (cmd NN resize bits); cut tiles are 240x224/240x256 crops of the native 720x480 frame,"cmd=42 00 A0 B1 5A 04 08 02 01 27 10; mission=CORN grp=0x04 pic=4; shots=8; interval=3.0 s; exposure_compensation=+0 (picamera units, 1/6 EV); JPEG quality=95 (cv2 default, cut); raw SS byte=0x10; CUT tile 2: A0 C1 00 04 04 00 01 50 A7 (2025-10-14 11:09 pass); cells (w5,h0)-(w10,h7); q95",high,"04_BTN運用/04_運用日報/運用日報 20251010-.xlsx#20251011 pass3-5; 04_BTN運用/03_Operation Log/01_GS Monitor Log/20251011_1030.txt; original: 04_BTN運用/03_Operation Log/05_Corn/復元画像/CORN_Main_004_本画像/004_04_20251014_2.jpg (本画像_2.txt, 100%); cmd decoding: BTNprograms/BTN_CAM_CMD_20231102.py; ISO/shutter table: Handbook GDNS_PROC_040 table 4.10.1.2-1 (EMF image14) — documented; anchors 04_BTN運用/16_成果報告会&Lessones Learned/BOTAN 成果報告会.pptx slide 45","90-min reserve uplinked in pass 4 (10:21:54-10:29:18, ACK seen); earlier attempt pass 3 08:42 had no ACK (would give 10:12-10:22); TMB header/DL of this group started pass 5 11:59; ISO/shutter values are documented (handbook table 4.10.1.2-1), 0x31->1600/1ms and 0x10->100/0.5ms cross-checked with 成果報告会 slide 45",204abcdf15772e6513aad2c3f099c20a29e26257c91d51d0fbe033b3a3bca40b
BOTAN,CAM,CORN,2025-10-11,2025-10-14,data/04_botan/images/cam/corn_20251011T1151_2e93d2f25a.jpg,960,540,9823,107.78,100.79,ok,2025-10-11T11:51:54+09:00,2025-10-11T12:03:18+09:00,pass+timer,100,0.5 ms,manual,TMB 960x540 (downscaled from native 720x480 capture),"cmd=42 00 A0 B1 5A 04 08 02 01 27 10; mission=CORN grp=0x04 pic=5; shots=8; interval=3.0 s; exposure_compensation=+0 (picamera units, 1/6 EV); JPEG quality=10; raw SS byte=0x10",high,"04_BTN運用/04_運用日報/運用日報 20251010-.xlsx#20251011 pass3-5; 04_BTN運用/03_Operation Log/01_GS Monitor Log/20251011_1030.txt; original: 04_BTN運用/03_Operation Log/05_Corn/復元画像/004_2025_1014 5枚目.jpg (004_2025_1013 5枚目.txt, 100%); cmd decoding: BTNprograms/BTN_CAM_CMD_20231102.py; ISO/shutter table: Handbook GDNS_PROC_040 table 4.10.1.2-1 (EMF image14) — documented; anchors 04_BTN運用/16_成果報告会&Lessones Learned/BOTAN 成果報告会.pptx slide 45","90-min reserve uplinked in pass 4 (10:21:54-10:29:18, ACK seen); earlier attempt pass 3 08:42 had no ACK (would give 10:12-10:22); TMB header/DL of this group started pass 5 11:59; ISO/shutter values are documented (handbook table 4.10.1.2-1), 0x31->1600/1ms and 0x10->100/0.5ms cross-checked with 成果報告会 slide 45",2e93d2f25a3c7aac6fe74b37a606364ebe8ab8f304799d890045d9ab7f7c7044
BOTAN,CAM,CORN,2025-10-11,2025-10-14,data/04_botan/images/cam/corn_20251011T1151_732adaa522.jpg,240,224,13055,199.20,32.66,ok,2025-10-11T11:51:54+09:00,2025-10-11T12:03:18+09:00,pass+timer,100,0.5 ms,manual,TMB 960x540 (cmd NN resize bits); cut tiles are 240x224/240x256 crops of the native 720x480 frame,"cmd=42 00 A0 B1 5A 04 08 02 01 27 10; mission=CORN grp=0x04 pic=4; shots=8; interval=3.0 s; exposure_compensation=+0 (picamera units, 1/6 EV); JPEG quality=95 (cv2 default, cut); raw SS byte=0x10; CUT tile 3: A0 C1 00 04 04 00 01 00 57 (2025-10-15 03:49/05:24 passes); cells (w0,h0)-(w5,h7); q95",high,"04_BTN運用/04_運用日報/運用日報 20251010-.xlsx#20251011 pass3-5; 04_BTN運用/03_Operation Log/01_GS Monitor Log/20251011_1030.txt; original: 04_BTN運用/03_Operation Log/05_Corn/復元画像/CORN_Main_004_本画像/004_04_20251014_3.jpg (本画像_3.txt, 100%); cmd decoding: BTNprograms/BTN_CAM_CMD_20231102.py; ISO/shutter table: Handbook GDNS_PROC_040 table 4.10.1.2-1 (EMF image14) — documented; anchors 04_BTN運用/16_成果報告会&Lessones Learned/BOTAN 成果報告会.pptx slide 45","90-min reserve uplinked in pass 4 (10:21:54-10:29:18, ACK seen); earlier attempt pass 3 08:42 had no ACK (would give 10:12-10:22); TMB header/DL of this group started pass 5 11:59; ISO/shutter values are documented (handbook table 4.10.1.2-1), 0x31->1600/1ms and 0x10->100/0.5ms cross-checked with 成果報告会 slide 45",732adaa522eed7b17c9c5156220fdc4b921d4532253530589f159c316b41d6fd
BOTAN,CAM,CORN,2025-10-11,2025-10-14,data/04_botan/images/cam/corn_20251011T1151_f9feb72c91.jpg,240,256,14344,198.56,30.80,ok,2025-10-11T11:51:54+09:00,2025-10-11T12:03:18+09:00,pass+timer,100,0.5 ms,manual,TMB 960x540 (cmd NN resize bits); cut tiles are 240x224/240x256 crops of the native 720x480 frame,"cmd=42 00 A0 B1 5A 04 08 02 01 27 10; mission=CORN grp=0x04 pic=4; shots=8; interval=3.0 s; exposure_compensation=+0 (picamera units, 1/6 EV); JPEG quality=95 (cv2 default, cut); raw SS byte=0x10; CUT tile 5: A0 C1 00 04 04 00 01 57 AF (2025-10-16 04:34, 10/17 passes); cells (w5,h7)-(w10,h15); q95",medium,"04_BTN運用/04_運用日報/運用日報 20251010-.xlsx#20251011 pass3-5; 04_BTN運用/03_Operation Log/01_GS Monitor Log/20251011_1030.txt; original: 04_BTN運用/03_Operation Log/05_Corn/復元画像/CORN_Main_004_本画像/004_04_20251014_5.jpg (復元不可/CORN ４枚目_5復元不可.txt, 79%); cmd decoding: BTNprograms/BTN_CAM_CMD_20231102.py; ISO/shutter table: Handbook GDNS_PROC_040 table 4.10.1.2-1 (EMF image14) — documented; anchors 04_BTN運用/16_成果報告会&Lessones Learned/BOTAN 成果報告会.pptx slide 45","90-min reserve uplinked in pass 4 (10:21:54-10:29:18, ACK seen); earlier attempt pass 3 08:42 had no ACK (would give 10:12-10:22); TMB header/DL of this group started pass 5 11:59; ISO/shutter values are documented (handbook table 4.10.1.2-1), 0x31->1600/1ms and 0x10->100/0.5ms cross-checked with 成果報告会 slide 45",f9feb72c91a78f0bc4da8281255f5cdcf0bd6c2f0034a3bcefedff3b773784a1
BOTAN,CAM,CORN,2025-10-11,2025-10-16,data/04_botan/images/cam/corn_20251011T1151_924d20fcce.jpg,240,256,9513,74.97,104.90,ok,2025-10-11T11:51:54+09:00,2025-10-11T12:03:18+09:00,pass+timer,100,0.5 ms,manual,TMB 960x540 (cmd NN resize bits); cut tiles are 240x224/240x256 crops of the native 720x480 frame,"cmd=42 00 A0 B1 5A 04 08 02 01 27 10; mission=CORN grp=0x04 pic=4; shots=8; interval=3.0 s; exposure_compensation=+0 (picamera units, 1/6 EV); JPEG quality=95 (cv2 default, cut); raw SS byte=0x10; CUT tile 4: A0 C1 00 04 04 00 01 A7 FF (2025-10-15 13:36 pass); cells (w10,h7)-(w15,h15); q95",high,"04_BTN運用/04_運用日報/運用日報 20251010-.xlsx#20251011 pass3-5; 04_BTN運用/03_Operation Log/01_GS Monitor Log/20251011_1030.txt; original: 04_BTN運用/03_Operation Log/05_Corn/復元画像/CORN_Main_004_本画像/004_04_20251016_4.jpg (本画像_4.txt, 100%); cmd decoding: BTNprograms/BTN_CAM_CMD_20231102.py; ISO/shutter table: Handbook GDNS_PROC_040 table 4.10.1.2-1 (EMF image14) — documented; anchors 04_BTN運用/16_成果報告会&Lessones Learned/BOTAN 成果報告会.pptx slide 45","90-min reserve uplinked in pass 4 (10:21:54-10:29:18, ACK seen); earlier attempt pass 3 08:42 had no ACK (would give 10:12-10:22); TMB header/DL of this group started pass 5 11:59; ISO/shutter values are documented (handbook table 4.10.1.2-1), 0x31->1600/1ms and 0x10->100/0.5ms cross-checked with 成果報告会 slide 45",924d20fccef9e6a0c67bb1e5afec7b11ccb6c73d4a669e548583f3f7c6ec69de
BOTAN,CAM,CORN,2025-10-11,2025-10-20,data/04_botan/images/cam/corn_20251011T1151_49a4f39e15.jpg,240,256,40643,218.11,27.60,ok,2025-10-11T11:51:54+09:00,2025-10-11T12:03:18+09:00,pass+timer,100,0.5 ms,manual,TMB 960x540 (cmd NN resize bits); cut tiles are 240x224/240x256 crops of the native 720x480 frame,"cmd=42 00 A0 B1 5A 04 08 02 01 27 10; mission=CORN grp=0x04 pic=4; shots=8; interval=3.0 s; exposure_compensation=+0 (picamera units, 1/6 EV); JPEG quality=95 (cv2 default, cut); raw SS byte=0x10; CUT tile 6: A0 C1 00 04 04 00 01 07 5F (2025-10-18/19 passes); cells (w0,h7)-(w5,h15); q95",high,"04_BTN運用/04_運用日報/運用日報 20251010-.xlsx#20251011 pass3-5; 04_BTN運用/03_Operation Log/01_GS Monitor Log/20251011_1030.txt; original: 04_BTN運用/03_Operation Log/05_Corn/復元画像/CORN_Main_004_本画像/004_04_20251020_6.jpg (本画像_6.txt, 100%); cmd decoding: BTNprograms/BTN_CAM_CMD_20231102.py; ISO/shutter table: Handbook GDNS_PROC_040 table 4.10.1.2-1 (EMF image14) — documented; anchors 04_BTN運用/16_成果報告会&Lessones Learned/BOTAN 成果報告会.pptx slide 45","90-min reserve uplinked in pass 4 (10:21:54-10:29:18, ACK seen); earlier attempt pass 3 08:42 had no ACK (would give 10:12-10:22); TMB header/DL of this group started pass 5 11:59; ISO/shutter values are documented (handbook table 4.10.1.2-1), 0x31->1600/1ms and 0x10->100/0.5ms cross-checked with 成果報告会 slide 45",49a4f39e152cabed6bae429c8edb89764adae628fe9ed5df9c0b2f0f4bf27611
BOTAN,CAM,CORN,2025-10-22,2025-10-30,data/04_botan/images/cam/corn_20251022T1244_2de207031a.jpg,960,540,40643,187.87,38.42,ok,2025-10-22T12:44:54+09:00,2025-10-22T12:58:40+09:00,pass+timer,100,0.5 ms,manual,TMB 960x540 (downscaled from native 720x480 capture),"cmd=42 00 A0 B1 6E 07 08 02 01 20 10; mission=CORN grp=0x07 pic=2; shots=8; interval=3.0 s; exposure_compensation=-14 (picamera units, 1/6 EV); JPEG quality=10; raw SS byte=0x10",high,"04_BTN運用/04_運用日報/運用日報 20251010-.xlsx#20251022 pass3; 04_BTN運用/03_Operation Log/01_GS Monitor Log/20251022_1056.txt; 04_BTN運用/03_Operation Log/04_SATLOG/20251105_1934.txt; original: 04_BTN運用/03_Operation Log/05_Corn/復元画像/007_2025_1030_2.jpg (007_2025_1024 2枚目_TMB.txt, 100%); cmd decoding: BTNprograms/BTN_CAM_CMD_20231102.py; ISO/shutter table: Handbook GDNS_PROC_040 table 4.10.1.2-1 (EMF image14) — documented; anchors 04_BTN運用/16_成果報告会&Lessones Learned/BOTAN 成果報告会.pptx slide 45","SATLOG day11: cmd recv 16:03:03 (timer 0x6E=110 min); ISO/shutter values are documented (handbook table 4.10.1.2-1), 0x31->1600/1ms and 0x10->100/0.5ms cross-checked with 成果報告会 slide 45",2de207031ab160d1a49df47ae933982d6e15a9ec262daad0a60bbdf5f5c27549
BOTAN,CAM,CORN,2025-10-22,2025-10-30,data/04_botan/images/cam/corn_20251022T1244_751f8da3f7.jpg,960,540,40643,81.93,94.82,ok,2025-10-22T12:44:54+09:00,2025-10-22T12:58:40+09:00,pass+timer,100,0.5 ms,manual,TMB 960x540 (downscaled from native 720x480 capture),"cmd=42 00 A0 B1 6E 07 08 02 01 20 10; mission=CORN grp=0x07 pic=4; shots=8; interval=3.0 s; exposure_compensation=-14 (picamera units, 1/6 EV); JPEG quality=10; raw SS byte=0x10",high,"04_BTN運用/04_運用日報/運用日報 20251010-.xlsx#20251022 pass3; 04_BTN運用/03_Operation Log/01_GS Monitor Log/20251022_1056.txt; 04_BTN運用/03_Operation Log/04_SATLOG/20251105_1934.txt; original: 04_BTN運用/03_Operation Log/05_Corn/復元画像/007_2025_1030_4.jpg (007_2025_1102 4枚目_TMB.txt, 100%); cmd decoding: BTNprograms/BTN_CAM_CMD_20231102.py; ISO/shutter table: Handbook GDNS_PROC_040 table 4.10.1.2-1 (EMF image14) — documented; anchors 04_BTN運用/16_成果報告会&Lessones Learned/BOTAN 成果報告会.pptx slide 45","SATLOG day11: cmd recv 16:03:03 (timer 0x6E=110 min); ISO/shutter values are documented (handbook table 4.10.1.2-1), 0x31->1600/1ms and 0x10->100/0.5ms cross-checked with 成果報告会 slide 45",751f8da3f748587232a5a2a6ed4e72ec85c67f1995a52a143b33b67fdf0324d4
BOTAN,CAM,CORN,2025-10-22,2025-10-30,data/04_botan/images/cam/corn_20251022T1244_9b405e4dba.jpg,960,540,40643,162.85,84.13,ok,2025-10-22T12:44:54+09:00,2025-10-22T12:58:40+09:00,pass+timer,100,0.5 ms,manual,TMB 960x540 (downscaled from native 720x480 capture),"cmd=42 00 A0 B1 6E 07 08 02 01 20 10; mission=CORN grp=0x07 pic=3; shots=8; interval=3.0 s; exposure_compensation=-14 (picamera units, 1/6 EV); JPEG quality=10; raw SS byte=0x10",high,"04_BTN運用/04_運用日報/運用日報 20251010-.xlsx#20251022 pass3; 04_BTN運用/03_Operation Log/01_GS Monitor Log/20251022_1056.txt; 04_BTN運用/03_Operation Log/04_SATLOG/20251105_1934.txt; original: 04_BTN運用/03_Operation Log/05_Corn/復元画像/007_2025_1030_3.jpg (007_2025_1024 3枚目_TMB.txt, 100%); cmd decoding: BTNprograms/BTN_CAM_CMD_20231102.py; ISO/shutter table: Handbook GDNS_PROC_040 table 4.10.1.2-1 (EMF image14) — documented; anchors 04_BTN運用/16_成果報告会&Lessones Learned/BOTAN 成果報告会.pptx slide 45","SATLOG day11: cmd recv 16:03:03 (timer 0x6E=110 min); ISO/shutter values are documented (handbook table 4.10.1.2-1), 0x31->1600/1ms and 0x10->100/0.5ms cross-checked with 成果報告会 slide 45",9b405e4dba5d77486a07a1b4a61ec2ba693aeab7266af180ffbc5ed1fa96f573
BOTAN,CAM,CORN,2025-10-22,2025-11-02,data/04_botan/images/cam/corn_20251022T1244_6d37c1f109.jpg,960,540,40643,185.12,35.98,ok,2025-10-22T12:44:54+09:00,2025-10-22T12:58:40+09:00,pass+timer,100,0.5 ms,manual,TMB 960x540 (downscaled from native 720x480 capture),"cmd=42 00 A0 B1 6E 07 08 02 01 20 10; mission=CORN grp=0x07 pic=1; shots=8; interval=3.0 s; exposure_compensation=-14 (picamera units, 1/6 EV); JPEG quality=10; raw SS byte=0x10",high,"04_BTN運用/04_運用日報/運用日報 20251010-.xlsx#20251022 pass3; 04_BTN運用/03_Operation Log/01_GS Monitor Log/20251022_1056.txt; 04_BTN運用/03_Operation Log/04_SATLOG/20251105_1934.txt; original: 04_BTN運用/03_Operation Log/05_Corn/復元画像/007_2025_1102_1.jpg (007_2025_1102 1枚目_TMB.txt, 100%); cmd decoding: BTNprograms/BTN_CAM_CMD_20231102.py; ISO/shutter table: Handbook GDNS_PROC_040 table 4.10.1.2-1 (EMF image14) — documented; anchors 04_BTN運用/16_成果報告会&Lessones Learned/BOTAN 成果報告会.pptx slide 45","SATLOG day11: cmd recv 16:03:03 (timer 0x6E=110 min); ISO/shutter values are documented (handbook table 4.10.1.2-1), 0x31->1600/1ms and 0x10->100/0.5ms cross-checked with 成果報告会 slide 45",6d37c1f109db03f6b475e2e25867239e565072845208f3547215cf7724a591c2
BOTAN,CAM,CORN,2025-10-22,2025-11-06,data/04_botan/images/cam/corn_20251022T1244_9fb4992df0.jpg,960,540,40643,23.48,68.05,ok,2025-10-22T12:44:54+09:00,2025-10-22T12:58:40+09:00,pass+timer,100,0.5 ms,manual,TMB 960x540 (downscaled from native 720x480 capture),"cmd=42 00 A0 B1 6E 07 08 02 01 20 10; mission=CORN grp=0x07 pic=5; shots=8; interval=3.0 s; exposure_compensation=-14 (picamera units, 1/6 EV); JPEG quality=10; raw SS byte=0x10",high,"04_BTN運用/04_運用日報/運用日報 20251010-.xlsx#20251022 pass3; 04_BTN運用/03_Operation Log/01_GS Monitor Log/20251022_1056.txt; 04_BTN運用/03_Operation Log/04_SATLOG/20251105_1934.txt; original: 04_BTN運用/03_Operation Log/05_Corn/復元画像/007_2025_1106_5.jpg (007_2025_1106 5枚目_TMB.txt, 100%); cmd decoding: BTNprograms/BTN_CAM_CMD_20231102.py; ISO/shutter table: Handbook GDNS_PROC_040 table 4.10.1.2-1 (EMF image14) — documented; anchors 04_BTN運用/16_成果報告会&Lessones Learned/BOTAN 成果報告会.pptx slide 45","SATLOG day11: cmd recv 16:03:03 (timer 0x6E=110 min); ISO/shutter values are documented (handbook table 4.10.1.2-1), 0x31->1600/1ms and 0x10->100/0.5ms cross-checked with 成果報告会 slide 45",9fb4992df041359e1a9e4e30298fbf1708e9bc771bc5ba714de54e18ba3087fe
BOTAN,CAM,CORN,2025-11-19,2025-11-21,data/04_botan/images/cam/corn_20251119T1409_01f4927c0f.jpg,960,540,60808,131.72,82.35,ok,2025-11-19T14:09:05+09:00,2025-11-19T14:22:05+09:00,pass+timer,100,0.5 ms,manual,TMB 960x540 (downscaled from native 720x480 capture),"cmd=42 00 A0 B1 00 13 08 22 01 20 10; mission=CORN grp=0x13 pic=2; shots=8; interval=3.0 s; exposure_compensation=-14 (picamera units, 1/6 EV); JPEG quality=80; raw SS byte=0x10",high,"04_BTN運用/04_運用日報/運用日報 20251010-.xlsx#20251119 pass1; 04_BTN運用/02_運用スケジュール/GDNS_DRW_246_BTN運用スケジュール_ver2.xlsm#送信CMD r279; 04_BTN運用/03_Operation Log/01_GS Monitor Log/20251119_1417.txt; 04_BTN運用/03_Operation Log/04_SATLOG/20260223_2333.txt; original: 04_BTN運用/03_Operation Log/05_Corn/復元画像/013_2025_1121_2.jpg (013_2025_1121 2枚目_TMB.txt, 100%); cmd decoding: BTNprograms/BTN_CAM_CMD_20231102.py; ISO/shutter table: Handbook GDNS_PROC_040 table 4.10.1.2-1 (EMF image14) — documented; anchors 04_BTN運用/16_成果報告会&Lessones Learned/BOTAN 成果報告会.pptx slide 45","SATLOG day39: recv 09:14:02, exec 09:14:14, end 09:18:06 (immediate); ISO/shutter values are documented (handbook table 4.10.1.2-1), 0x31->1600/1ms and 0x10->100/0.5ms cross-checked with 成果報告会 slide 45",01f4927c0ff89de88e6474becfea4b33f85850e335a856d7c5b1b4fb653caad6
BOTAN,CAM,CORN,2025-11-19,2025-11-21,data/04_botan/images/cam/corn_20251119T1409_1a0ca1280f.jpg,960,540,24438,67.05,100.71,ok,2025-11-19T14:09:05+09:00,2025-11-19T14:22:05+09:00,pass+timer,100,0.5 ms,manual,TMB 960x540 (downscaled from native 720x480 capture),"cmd=42 00 A0 B1 00 13 08 22 01 20 10; mission=CORN grp=0x13 pic=1; shots=8; interval=3.0 s; exposure_compensation=-14 (picamera units, 1/6 EV); JPEG quality=80; raw SS byte=0x10",high,"04_BTN運用/04_運用日報/運用日報 20251010-.xlsx#20251119 pass1; 04_BTN運用/02_運用スケジュール/GDNS_DRW_246_BTN運用スケジュール_ver2.xlsm#送信CMD r279; 04_BTN運用/03_Operation Log/01_GS Monitor Log/20251119_1417.txt; 04_BTN運用/03_Operation Log/04_SATLOG/20260223_2333.txt; original: 04_BTN運用/03_Operation Log/05_Corn/復元画像/013_2025_1121_1.jpg (013_2025_1121 1枚目_TMB.txt, 100%); cmd decoding: BTNprograms/BTN_CAM_CMD_20231102.py; ISO/shutter table: Handbook GDNS_PROC_040 table 4.10.1.2-1 (EMF image14) — documented; anchors 04_BTN運用/16_成果報告会&Lessones Learned/BOTAN 成果報告会.pptx slide 45","SATLOG day39: recv 09:14:02, exec 09:14:14, end 09:18:06 (immediate); ISO/shutter values are documented (handbook table 4.10.1.2-1), 0x31->1600/1ms and 0x10->100/0.5ms cross-checked with 成果報告会 slide 45",1a0ca1280f33dac521f398de647d8faf72929388b35b4b145001b3287cfa1414
BOTAN,CAM,CORN,2025-11-19,2025-11-21,data/04_botan/images/cam/corn_20251119T1409_b093071a5c.jpg,960,540,64880,156.27,46.91,ok,2025-11-19T14:09:05+09:00,2025-11-19T14:22:05+09:00,pass+timer,100,0.5 ms,manual,TMB 960x540 (downscaled from native 720x480 capture),"cmd=42 00 A0 B1 00 13 08 22 01 20 10; mission=CORN grp=0x13 pic=3; shots=8; interval=3.0 s; exposure_compensation=-14 (picamera units, 1/6 EV); JPEG quality=80; raw SS byte=0x10",high,"04_BTN運用/04_運用日報/運用日報 20251010-.xlsx#20251119 pass1; 04_BTN運用/02_運用スケジュール/GDNS_DRW_246_BTN運用スケジュール_ver2.xlsm#送信CMD r279; 04_BTN運用/03_Operation Log/01_GS Monitor Log/20251119_1417.txt; 04_BTN運用/03_Operation Log/04_SATLOG/20260223_2333.txt; original: 04_BTN運用/03_Operation Log/05_Corn/復元画像/fail/013_2025_1121_3.jpg (013_2025_1202 3枚目_TMB.txt, 94% partial); cmd decoding: BTNprograms/BTN_CAM_CMD_20231102.py; ISO/shutter table: Handbook GDNS_PROC_040 table 4.10.1.2-1 (EMF image14) — documented; anchors 04_BTN運用/16_成果報告会&Lessones Learned/BOTAN 成果報告会.pptx slide 45","SATLOG day39: recv 09:14:02, exec 09:14:14, end 09:18:06 (immediate); ISO/shutter values are documented (handbook table 4.10.1.2-1), 0x31->1600/1ms and 0x10->100/0.5ms cross-checked with 成果報告会 slide 45",b093071a5c19555bb05e63ec0a4bae1a50b8a6ccfeb2e8cf6f0e1208be956baa
BOTAN,CAM,CORN,2025-11-19,2025-12-02,data/04_botan/images/cam/corn_20251119T1409_dffe6c9794.jpg,960,540,64880,158.53,47.74,ok,2025-11-19T14:09:05+09:00,2025-11-19T14:22:05+09:00,pass+timer,100,0.5 ms,manual,TMB 960x540 (downscaled from native 720x480 capture),"cmd=42 00 A0 B1 00 13 08 22 01 20 10; mission=CORN grp=0x13 pic=3; shots=8; interval=3.0 s; exposure_compensation=-14 (picamera units, 1/6 EV); JPEG quality=80; raw SS byte=0x10",high,"04_BTN運用/04_運用日報/運用日報 20251010-.xlsx#20251119 pass1; 04_BTN運用/02_運用スケジュール/GDNS_DRW_246_BTN運用スケジュール_ver2.xlsm#送信CMD r279; 04_BTN運用/03_Operation Log/01_GS Monitor Log/20251119_1417.txt; 04_BTN運用/03_Operation Log/04_SATLOG/20260223_2333.txt; original: 04_BTN運用/03_Operation Log/05_Corn/復元画像/013_2025_1202_3.jpg (013_2025_1202 3枚目_TMB.txt, 100%); cmd decoding: BTNprograms/BTN_CAM_CMD_20231102.py; ISO/shutter table: Handbook GDNS_PROC_040 table 4.10.1.2-1 (EMF image14) — documented; anchors 04_BTN運用/16_成果報告会&Lessones Learned/BOTAN 成果報告会.pptx slide 45","SATLOG day39: recv 09:14:02, exec 09:14:14, end 09:18:06 (immediate); ISO/shutter values are documented (handbook table 4.10.1.2-1), 0x31->1600/1ms and 0x10->100/0.5ms cross-checked with 成果報告会 slide 45",dffe6c9794f6e2a3134e79e96e552c45eaa42d636115c7839571e4b9ddb5c579
BOTAN,CAM,CORN,2025-11-19,2025-12-03,data/04_botan/images/cam/corn_20251119T1409_9d762f7c21.jpg,960,540,64880,169.75,52.96,ok,2025-11-19T14:09:05+09:00,2025-11-19T14:22:05+09:00,pass+timer,100,0.5 ms,manual,TMB 960x540 (downscaled from native 720x480 capture),"cmd=42 00 A0 B1 00 13 08 22 01 20 10; mission=CORN grp=0x13 pic=4; shots=8; interval=3.0 s; exposure_compensation=-14 (picamera units, 1/6 EV); JPEG quality=80; raw SS byte=0x10",high,"04_BTN運用/04_運用日報/運用日報 20251010-.xlsx#20251119 pass1; 04_BTN運用/02_運用スケジュール/GDNS_DRW_246_BTN運用スケジュール_ver2.xlsm#送信CMD r279; 04_BTN運用/03_Operation Log/01_GS Monitor Log/20251119_1417.txt; 04_BTN運用/03_Operation Log/04_SATLOG/20260223_2333.txt; original: 04_BTN運用/03_Operation Log/05_Corn/復元画像/013_2025_1203_4.jpg (013_2025_1203 4枚目_TMB.txt, 100%); cmd decoding: BTNprograms/BTN_CAM_CMD_20231102.py; ISO/shutter table: Handbook GDNS_PROC_040 table 4.10.1.2-1 (EMF image14) — documented; anchors 04_BTN運用/16_成果報告会&Lessones Learned/BOTAN 成果報告会.pptx slide 45","SATLOG day39: recv 09:14:02, exec 09:14:14, end 09:18:06 (immediate); ISO/shutter values are documented (handbook table 4.10.1.2-1), 0x31->1600/1ms and 0x10->100/0.5ms cross-checked with 成果報告会 slide 45",9d762f7c2182009e15172a942649d00290b5fc8c99bcdac75693e0b6ee5545c4
BOTAN,CAM,CORN,2025-12-29,2025-12-29,data/04_botan/images/cam/corn_20251229T0633_1d17c6754d.jpg,960,540,10282,41.55,51.39,ok,2025-12-29T06:33:39+09:00,2025-12-29T06:48:09+09:00,pass+timer,100,0.5 ms,manual,TMB 960x540 (downscaled from native 720x480 capture),"cmd=42 00 A0 B1 00 19 08 02 01 27 10; mission=CORN grp=0x19 pic=6; shots=8; interval=3.0 s; exposure_compensation=+0 (picamera units, 1/6 EV); JPEG quality=10; raw SS byte=0x10",high,"04_BTN運用/04_運用日報/運用日報 20251010-.xlsx#20251229 pass1; 04_BTN運用/02_運用スケジュール/GDNS_DRW_246_BTN運用スケジュール_ver2.xlsm#送信CMD r591; 04_BTN運用/03_Operation Log/01_GS Monitor Log/20251229_0632.txt; original: 04_BTN運用/03_Operation Log/05_Corn/復元画像/019_2025_1229_6.jpg (019_2025_1229_6_TMB.txt, 100%); cmd decoding: BTNprograms/BTN_CAM_CMD_20231102.py; ISO/shutter table: Handbook GDNS_PROC_040 table 4.10.1.2-1 (EMF image14) — documented; anchors 04_BTN運用/16_成果報告会&Lessones Learned/BOTAN 成果報告会.pptx slide 45","immediate, sent just before culmination (max el 80 deg); ISO/shutter values are documented (handbook table 4.10.1.2-1), 0x31->1600/1ms and 0x10->100/0.5ms cross-checked with 成果報告会 slide 45",1d17c6754dd6085177f6ddac0d4f99261e00ef71e1ec19dcd4a8d165e4f2cb90
BOTAN,CAM,CORN,2025-12-29,2025-12-29,data/04_botan/images/cam/corn_20251229T0633_528f7ea9ab.jpg,960,540,9260,54.82,52.05,ok,2025-12-29T06:33:39+09:00,2025-12-29T06:48:09+09:00,pass+timer,100,0.5 ms,manual,TMB 960x540 (downscaled from native 720x480 capture),"cmd=42 00 A0 B1 00 19 08 02 01 27 10; mission=CORN grp=0x19 pic=5; shots=8; interval=3.0 s; exposure_compensation=+0 (picamera units, 1/6 EV); JPEG quality=10; raw SS byte=0x10",high,"04_BTN運用/04_運用日報/運用日報 20251010-.xlsx#20251229 pass1; 04_BTN運用/02_運用スケジュール/GDNS_DRW_246_BTN運用スケジュール_ver2.xlsm#送信CMD r591; 04_BTN運用/03_Operation Log/01_GS Monitor Log/20251229_0632.txt; original: 04_BTN運用/03_Operation Log/05_Corn/復元画像/019_2025_1229_5.jpg (019_2025_1229_5_TMB.txt, 100%); cmd decoding: BTNprograms/BTN_CAM_CMD_20231102.py; ISO/shutter table: Handbook GDNS_PROC_040 table 4.10.1.2-1 (EMF image14) — documented; anchors 04_BTN運用/16_成果報告会&Lessones Learned/BOTAN 成果報告会.pptx slide 45","immediate, sent just before culmination (max el 80 deg); ISO/shutter values are documented (handbook table 4.10.1.2-1), 0x31->1600/1ms and 0x10->100/0.5ms cross-checked with 成果報告会 slide 45",528f7ea9ab1736461b6110c36355c1bc4c45219ded5d8bbc0c4240bd1e2f4447
BOTAN,CAM,CORN,2025-12-29,2025-12-29,data/04_botan/images/cam/corn_20251229T0633_6986727717.jpg,960,540,8846,0.00,0.00,dark,2025-12-29T06:33:39+09:00,2025-12-29T06:48:09+09:00,pass+timer,100,0.5 ms,manual,TMB 960x540 (downscaled from native 720x480 capture),"cmd=42 00 A0 B1 00 19 08 02 01 27 10; mission=CORN grp=0x19 pic=4; shots=8; interval=3.0 s; exposure_compensation=+0 (picamera units, 1/6 EV); JPEG quality=10; raw SS byte=0x10",high,"04_BTN運用/04_運用日報/運用日報 20251010-.xlsx#20251229 pass1; 04_BTN運用/02_運用スケジュール/GDNS_DRW_246_BTN運用スケジュール_ver2.xlsm#送信CMD r591; 04_BTN運用/03_Operation Log/01_GS Monitor Log/20251229_0632.txt; original: 04_BTN運用/03_Operation Log/05_Corn/復元画像/019_2025_1229_4.jpg (019_2025_1229_4_TMB.txt; all-black frame, byte-identical to other black q10 frames); cmd decoding: BTNprograms/BTN_CAM_CMD_20231102.py; ISO/shutter table: Handbook GDNS_PROC_040 table 4.10.1.2-1 (EMF image14) — documented; anchors 04_BTN運用/16_成果報告会&Lessones Learned/BOTAN 成果報告会.pptx slide 45","immediate, sent just before culmination (max el 80 deg); ISO/shutter values are documented (handbook table 4.10.1.2-1), 0x31->1600/1ms and 0x10->100/0.5ms cross-checked with 成果報告会 slide 45",698672771778e60b3820fbb29633259d5f7c92d7f90bf4dc7e1b7fb6db9b42d7
BOTAN,CAM,CORN,2025-12-29,2025-12-29,data/04_botan/images/cam/corn_20251229T0633_d4308dee1e.jpg,960,540,11057,64.74,68.64,ok,2025-12-29T06:33:39+09:00,2025-12-29T06:48:09+09:00,pass+timer,100,0.5 ms,manual,TMB 960x540 (downscaled from native 720x480 capture),"cmd=42 00 A0 B1 00 19 08 02 01 27 10; mission=CORN grp=0x19 pic=3; shots=8; interval=3.0 s; exposure_compensation=+0 (picamera units, 1/6 EV); JPEG quality=10; raw SS byte=0x10",high,"04_BTN運用/04_運用日報/運用日報 20251010-.xlsx#20251229 pass1; 04_BTN運用/02_運用スケジュール/GDNS_DRW_246_BTN運用スケジュール_ver2.xlsm#送信CMD r591; 04_BTN運用/03_Operation Log/01_GS Monitor Log/20251229_0632.txt; original: 04_BTN運用/03_Operation Log/05_Corn/復元画像/019_2025_1229_3.jpg (019_2025_1229_3_TMB.txt, 100%); cmd decoding: BTNprograms/BTN_CAM_CMD_20231102.py; ISO/shutter table: Handbook GDNS_PROC_040 table 4.10.1.2-1 (EMF image14) — documented; anchors 04_BTN運用/16_成果報告会&Lessones Learned/BOTAN 成果報告会.pptx slide 45","immediate, sent just before culmination (max el 80 deg); ISO/shutter values are documented (handbook table 4.10.1.2-1), 0x31->1600/1ms and 0x10->100/0.5ms cross-checked with 成果報告会 slide 45",d4308dee1e593c878e4b856360e21332ecf14bb365a949aaa9af111c45087a69
BOTAN,CAM,CORN,2026-01-13,2026-01-16,data/04_botan/images/cam/corn_20260113T1620_973c371678.jpg,960,540,8846,11.37,35.65,dark,2026-01-13T16:20:18+09:00,2026-01-13T16:33:48+09:00,pass+timer,1600,125 ms,manual,TMB 960x540 (downscaled from native 720x480 capture),"cmd=42 00 A0 B1 0F 28 08 22 01 20 35; mission=CORN grp=0x28 pic=1; shots=8; interval=3.0 s; exposure_compensation=-14 (picamera units, 1/6 EV); JPEG quality=80; raw SS byte=0x35; jpg name says grp 026 (a PUMICE group) but packet file and 1/15 DL addresses (145-packet slot-1 image before the 1/16 grp-2B capture) point to CORN grp 0x28",medium,"04_BTN運用/04_運用日報/運用日報 20251010-.xlsx#20260113 pass1; 04_BTN運用/02_運用スケジュール/GDNS_DRW_246_BTN運用スケジュール_ver2.xlsm#送信CMD r639; 04_BTN運用/03_Operation Log/01_GS Monitor Log/20260113_1605.txt; original: 04_BTN運用/03_Operation Log/05_Corn/復元画像/026_2026_0116_1.jpg (packets 028_2026_0116_1_TMB.txt, 100%); cmd decoding: BTNprograms/BTN_CAM_CMD_20231102.py; ISO/shutter table: Handbook GDNS_PROC_040 table 4.10.1.2-1 (EMF image14) — documented; anchors 04_BTN運用/16_成果報告会&Lessones Learned/BOTAN 成果報告会.pptx slide 45","15-min reserve; ISO/shutter values are documented (handbook table 4.10.1.2-1), 0x31->1600/1ms and 0x10->100/0.5ms cross-checked with 成果報告会 slide 45",973c3716785a3640239da97abe35a5fa61821ca713798650081382ffa75d2ede
BOTAN,CAM,CORN,2026-01-20,2026-01-25,data/04_botan/images/cam/corn_20260120T2048_64beaadfc1.jpg,1920,1080,40669,1.61,6.10,dark,2026-01-20T20:48:57+09:00,2026-01-20T21:02:57+09:00,pass+timer,1600,125 ms,manual,TMB 1920x1080 (downscaled from native 720x480 capture),"cmd=42 00 A0 B1 00 31 08 23 01 20 35; mission=CORN grp=0x31 pic=1; shots=8; interval=3.0 s; exposure_compensation=-14 (picamera units, 1/6 EV); JPEG quality=80; raw SS byte=0x35",high,"04_BTN運用/04_運用日報/運用日報 20251010-.xlsx#20260120 pass4; 04_BTN運用/02_運用スケジュール/GDNS_DRW_246_BTN運用スケジュール_ver2.xlsm#送信CMD r687; 04_BTN運用/03_Operation Log/01_GS Monitor Log/20260120_2048.txt; original: 04_BTN運用/03_Operation Log/05_Corn/復元画像/031_2026_0125_1.jpg (031_2026_0125_1_TMB.txt, 100%); cmd decoding: BTNprograms/BTN_CAM_CMD_20231102.py; ISO/shutter table: Handbook GDNS_PROC_040 table 4.10.1.2-1 (EMF image14) — documented; anchors 04_BTN運用/16_成果報告会&Lessones Learned/BOTAN 成果報告会.pptx slide 45","immediate; ISO/shutter values are documented (handbook table 4.10.1.2-1), 0x31->1600/1ms and 0x10->100/0.5ms cross-checked with 成果報告会 slide 45",64beaadfc13f59b60f962cd2b13922238261370d58ae5d055135a1ddce1062f5
BOTAN,CAM,CORN,2026-02-02,2026-02-02,data/04_botan/images/cam/corn_20260202T1600_0afcdaa056.jpg,,,727250,,,unreadable,2026-02-02T16:00:04+09:00,2026-02-02T16:13:04+09:00,pass+timer,100,0.5 ms,manual,TMB 1920x1080 (downscaled from native 720x480 capture),"cmd=42 00 A0 B1 00 3D 08 23 01 20 10; mission=CORN grp=0x3D pic=4; shots=8; interval=3.0 s; exposure_compensation=-14 (picamera units, 1/6 EV); JPEG quality=80; raw SS byte=0x10; file unreadable; identified by name only",medium,04_BTN運用/04_運用日報/運用日報 20251010-.xlsx#20260202 pass4; 04_BTN運用/02_運用スケジュール/GDNS_DRW_246_BTN運用スケジュール_ver2.xlsm#送信CMD r791; 04_BTN運用/03_Operation Log/01_GS Monitor Log/20260202_1601.txt; original: 04_BTN運用/03_Operation Log/05_Corn/データ/03D_2026_0202_4.jpg (corrupt/unreadable restoration); cmd decoding: BTNprograms/BTN_CAM_CMD_20231102.py; ISO/shutter table: Handbook GDNS_PROC_040 table 4.10.1.2-1 (EMF image14) — documented; anchors 04_BTN運用/16_成果報告会&Lessones Learned/BOTAN 成果報告会.pptx slide 45,"immediate, sent just after culmination (max el 58.8 deg); ISO/shutter values are documented (handbook table 4.10.1.2-1), 0x31->1600/1ms and 0x10->100/0.5ms cross-checked with 成果報告会 slide 45",0afcdaa056caefda88f60c40982a0eae3c277b3ea1acb64139fad850b2f01916
BOTAN,CAM,CORN,2026-02-02,2026-02-02,data/04_botan/images/cam/corn_20260202T1600_63a3e88155.jpg,1920,1080,187660,177.39,78.09,ok,2026-02-02T16:00:04+09:00,2026-02-02T16:13:04+09:00,pass+timer,100,0.5 ms,manual,TMB 1920x1080 (downscaled from native 720x480 capture),"cmd=42 00 A0 B1 00 3D 08 23 01 20 10; mission=CORN grp=0x3D pic=5; shots=8; interval=3.0 s; exposure_compensation=-14 (picamera units, 1/6 EV); JPEG quality=80; raw SS byte=0x10",high,"04_BTN運用/04_運用日報/運用日報 20251010-.xlsx#20260202 pass4; 04_BTN運用/02_運用スケジュール/GDNS_DRW_246_BTN運用スケジュール_ver2.xlsm#送信CMD r791; 04_BTN運用/03_Operation Log/01_GS Monitor Log/20260202_1601.txt; original: 04_BTN運用/03_Operation Log/05_Corn/復元画像/03D_2026_0202_5.jpg (05_Corn/03D_2026_0202_5.txt, 100%); cmd decoding: BTNprograms/BTN_CAM_CMD_20231102.py; ISO/shutter table: Handbook GDNS_PROC_040 table 4.10.1.2-1 (EMF image14) — documented; anchors 04_BTN運用/16_成果報告会&Lessones Learned/BOTAN 成果報告会.pptx slide 45","immediate, sent just after culmination (max el 58.8 deg); ISO/shutter values are documented (handbook table 4.10.1.2-1), 0x31->1600/1ms and 0x10->100/0.5ms cross-checked with 成果報告会 slide 45",63a3e88155574f496c70b1c0376eaee3d0826c6a2af0e2a9c68c689bed5a1602
BOTAN,CAM,CORN,2026-02-02,2026-02-02,data/04_botan/images/cam/corn_20260202T1600_878b522e81.jpg,1920,1080,203613,90.48,60.73,ok,2026-02-02T16:00:04+09:00,2026-02-02T16:13:04+09:00,pass+timer,100,0.5 ms,manual,TMB 1920x1080 (downscaled from native 720x480 capture),"cmd=42 00 A0 B1 00 3D 08 23 01 20 10; mission=CORN grp=0x3D pic=6; shots=8; interval=3.0 s; exposure_compensation=-14 (picamera units, 1/6 EV); JPEG quality=80; raw SS byte=0x10",high,"04_BTN運用/04_運用日報/運用日報 20251010-.xlsx#20260202 pass4; 04_BTN運用/02_運用スケジュール/GDNS_DRW_246_BTN運用スケジュール_ver2.xlsm#送信CMD r791; 04_BTN運用/03_Operation Log/01_GS Monitor Log/20260202_1601.txt; original: 04_BTN運用/03_Operation Log/05_Corn/復元画像/03D_2026_0202_6.jpg (05_Corn/03D_2026_0202_6.txt, 100%); cmd decoding: BTNprograms/BTN_CAM_CMD_20231102.py; ISO/shutter table: Handbook GDNS_PROC_040 table 4.10.1.2-1 (EMF image14) — documented; anchors 04_BTN運用/16_成果報告会&Lessones Learned/BOTAN 成果報告会.pptx slide 45","immediate, sent just after culmination (max el 58.8 deg); ISO/shutter values are documented (handbook table 4.10.1.2-1), 0x31->1600/1ms and 0x10->100/0.5ms cross-checked with 成果報告会 slide 45",878b522e81a809aecd0a91a6c3cb64f78e27fbcdf45bf33cfd3ec199f4b599cb
BOTAN,CAM,CORN,2026-02-02,2026-02-02,data/04_botan/images/cam/corn_20260202T1600_9ee0c41323.jpg,1920,1080,177456,122.92,82.06,ok,2026-02-02T16:00:04+09:00,2026-02-02T16:13:04+09:00,pass+timer,100,0.5 ms,manual,TMB 1920x1080 (downscaled from native 720x480 capture),"cmd=42 00 A0 B1 00 3D 08 23 01 20 10; mission=CORN grp=0x3D pic=4; shots=8; interval=3.0 s; exposure_compensation=-14 (picamera units, 1/6 EV); JPEG quality=80; raw SS byte=0x10; identified by name",medium,04_BTN運用/04_運用日報/運用日報 20251010-.xlsx#20260202 pass4; 04_BTN運用/02_運用スケジュール/GDNS_DRW_246_BTN運用スケジュール_ver2.xlsm#送信CMD r791; 04_BTN運用/03_Operation Log/01_GS Monitor Log/20260202_1601.txt; original: 04_BTN運用/03_Operation Log/05_Corn/復元画像/03D_2026_0202_4.jpg (no packet txt kept); cmd decoding: BTNprograms/BTN_CAM_CMD_20231102.py; ISO/shutter table: Handbook GDNS_PROC_040 table 4.10.1.2-1 (EMF image14) — documented; anchors 04_BTN運用/16_成果報告会&Lessones Learned/BOTAN 成果報告会.pptx slide 45,"immediate, sent just after culmination (max el 58.8 deg); ISO/shutter values are documented (handbook table 4.10.1.2-1), 0x31->1600/1ms and 0x10->100/0.5ms cross-checked with 成果報告会 slide 45",9ee0c4132328b0e5ef556bc8f28162a01af2b598e6d52aa39d5e2da35b132554
BOTAN,CAM,AURORA,2025-11-24,unknown,data/04_botan/images/cam/aurora_20251124T1253_0a6d94c501.jpg,960,540,12201,36.15,58.26,ok,2025-11-24T12:53:00+09:00,2025-11-24T13:11:00+09:00,pass+timer,1600,2000 ms,manual,TMB 960x540 (downscaled from native 720x480 capture),"cmd=42 00 A0 B1 0F 0F 08 12 02 07 39; mission=AURORA grp=0x0F pic=4; shots=8; interval=40 s; exposure_compensation=+0 (picamera units, 1/6 EV); JPEG quality=50; raw SS byte=0x39; actually an AURORA-mode image (grp 0x0F pic 4) misfiled in the Corn folder",medium,04_BTN運用/04_運用日報/運用日報 20251010-.xlsx#20251124 pass1; 04_BTN運用/02_運用スケジュール/GDNS_DRW_246_BTN運用スケジュール_ver2.xlsm#送信CMD r327; 04_BTN運用/03_Operation Log/01_GS Monitor Log/20251124_1239.txt; original: 04_BTN運用/03_Operation Log/05_Corn/復元画像/1.jpg; partial (71%) restoration of 06_Aurora/バイナリ/0F_04_TMB.txt; cmd decoding: BTNprograms/BTN_CAM_CMD_20231102.py; ISO/shutter table: Handbook GDNS_PROC_040 table 4.10.1.2-1 (EMF image14) — documented; anchors 04_BTN運用/16_成果報告会&Lessones Learned/BOTAN 成果報告会.pptx slide 45,"15-min reserve; ISO/shutter values are documented (handbook table 4.10.1.2-1), 0x31->1600/1ms and 0x10->100/0.5ms cross-checked with 成果報告会 slide 45; NOTE mission in csv (CORN) differs from commanded mission (AURORA)",0a6d94c501d59d8ac99a951f8d15ccec4688ae6b186107267eeea56fe50e398c
BOTAN,CAM,PUMICE,2025-12-07,unknown,data/04_botan/images/cam/pumice_20251207T0810_1aaa9e484a.jpg,1920,1080,203613,186.77,65.62,ok,2025-12-07T08:10:00+09:00,2025-12-07T08:24:00+09:00,pass+timer,100,0.5 ms,manual,TMB 1920x1080 (downscaled from native 720x480 capture),"cmd=42 00 A0 B1 00 14 08 23 03 20 10; mission=PUMICE grp=0x14 pic=5; shots=8; interval=3.0 s; exposure_compensation=-14 (picamera units, 1/6 EV); JPEG quality=80; raw SS byte=0x10; actually a PUMICE-mode image (grp 0x14 pic 5, 高画質カメラ画像撮影チャレンジ2回目)",high,04_BTN運用/04_運用日報/運用日報 20251010-.xlsx#20251207 pass1; 04_BTN運用/02_運用スケジュール/GDNS_DRW_246_BTN運用スケジュール_ver2.xlsm#送信CMD r451; 04_BTN運用/03_Operation Log/01_GS Monitor Log/20251207_0811.txt; original: 04_BTN運用/03_Operation Log/packets 07_Pumice/バイナリ/014_005_TMB_5.txt (100%); no jpg copy in ; cmd decoding: BTNprograms/BTN_CAM_CMD_20231102.py; ISO/shutter table: Handbook GDNS_PROC_040 table 4.10.1.2-1 (EMF image14) — documented; anchors 04_BTN運用/16_成果報告会&Lessones Learned/BOTAN 成果報告会.pptx slide 45,"immediate, operators instructed to send just before culmination (max el 68.7 deg); ISO/shutter values are documented (handbook table 4.10.1.2-1), 0x31->1600/1ms and 0x10->100/0.5ms cross-checked with 成果報告会 slide 45; NOTE mission in csv (CORN) differs from commanded mission (PUMICE)",1aaa9e484aefc894b9ef24442dfd61ce69ec4e7efa233a3d18f4ea158925bedc
BOTAN,CAM,PUMICE,2025-12-07,unknown,data/04_botan/images/cam/pumice_20251207T0810_8097e2024e.jpg,1920,1080,203613,117.93,83.74,ok,2025-12-07T08:10:00+09:00,2025-12-07T08:24:00+09:00,pass+timer,100,0.5 ms,manual,TMB 1920x1080 (downscaled from native 720x480 capture),"cmd=42 00 A0 B1 00 14 08 23 03 20 10; mission=PUMICE grp=0x14 pic=6; shots=8; interval=3.0 s; exposure_compensation=-14 (picamera units, 1/6 EV); JPEG quality=80; raw SS byte=0x10; actually a PUMICE-mode image (grp 0x14 pic 6)",high,04_BTN運用/04_運用日報/運用日報 20251010-.xlsx#20251207 pass1; 04_BTN運用/02_運用スケジュール/GDNS_DRW_246_BTN運用スケジュール_ver2.xlsm#送信CMD r451; 04_BTN運用/03_Operation Log/01_GS Monitor Log/20251207_0811.txt; original: 04_BTN運用/03_Operation Log/packets 07_Pumice/バイナリ/014_006_TMB_5.txt (100% over received packets); no jpg copy in ; cmd decoding: BTNprograms/BTN_CAM_CMD_20231102.py; ISO/shutter table: Handbook GDNS_PROC_040 table 4.10.1.2-1 (EMF image14) — documented; anchors 04_BTN運用/16_成果報告会&Lessones Learned/BOTAN 成果報告会.pptx slide 45,"immediate, operators instructed to send just before culmination (max el 68.7 deg); ISO/shutter values are documented (handbook table 4.10.1.2-1), 0x31->1600/1ms and 0x10->100/0.5ms cross-checked with 成果報告会 slide 45; NOTE mission in csv (CORN) differs from commanded mission (PUMICE)",8097e2024e03bbfda6f09c624a266b80e97fd6cbb56453fc27399a6d0c537805
BOTAN,CAM,PUMICE,2025-10-11,2025-10-11,data/04_botan/images/cam/pumice_20251011T1021_a0c43c4de1.jpg,,,9700,,,unreadable,2025-10-11T10:21:54+09:00,2025-10-11T10:33:18+09:00,pass+timer,800,0.5 ms,manual,TMB 960x540 (downscaled from native 720x480 capture),"cmd=42 00 A0 B1 00 02 08 02 03 27 20; mission=PUMICE grp=0x02 pic=7; shots=8; interval=3.0 s; exposure_compensation=+0 (picamera units, 1/6 EV); JPEG quality=10; raw SS byte=0x20; partial DL at 10/11 11:59 pass; restored 12:17 JST",medium,"04_BTN運用/04_運用日報/運用日報 20251010-.xlsx#20251011 pass4; 04_BTN運用/03_Operation Log/01_GS Monitor Log/20251011_1030.txt; original: 04_BTN運用/03_Operation Log/07_Pumice/復元画像/202510111217.jpg (202510111217.txt, 63 of 131 packets; unreadable); cmd decoding: BTNprograms/BTN_CAM_CMD_20231102.py; ISO/shutter table: Handbook GDNS_PROC_040 table 4.10.1.2-1 (EMF image14) — documented; anchors 04_BTN運用/16_成果報告会&Lessones Learned/BOTAN 成果報告会.pptx slide 45","immediate (timer 0); pass-3 attempt 08:42 failed (no ACK); ISO/shutter values are documented (handbook table 4.10.1.2-1), 0x31->1600/1ms and 0x10->100/0.5ms cross-checked with 成果報告会 slide 45",a0c43c4de1d82b939a1544cb1a55b0a327e474234da9d287e2381ebff262783f
BOTAN,CAM,PUMICE,2025-10-13,2025-10-29,data/04_botan/images/cam/pumice_20251013T1314_6df0a5ad51.jpg,240,224,16633,141.65,34.32,ok,2025-10-13T13:14:06+09:00,2025-10-13T13:23:04+09:00,pass+timer,100,0.5 ms,manual,TMB 1920x1080 (cmd NN resize bits); cut tiles are 240x224/240x256 crops of the native 720x480 frame,"cmd=42 00 A0 B1 4F 05 08 03 03 30 10; mission=PUMICE grp=0x05 pic=7; shots=8; interval=4.5 s; exposure_compensation=-14 (picamera units, 1/6 EV); JPEG quality=95 (cv2 default, cut); raw SS byte=0x10; CUT tile 2: 42 00 A0 C1 00 05 07 00 03 50 A7 (2025-10-29 08:09 pass); cells (w5,h0)-(w10,h7) of 720x480; q95",high,"04_BTN運用/04_運用日報/運用日報 20251010-.xlsx#20251013 pass5; 04_BTN運用/03_Operation Log/01_GS Monitor Log/20251013_1158.txt; original: 04_BTN運用/03_Operation Log/07_Pumice/005_07_本画像/005_07_1029_2.jpg (005_007_Mian 本画像_2.txt, 100%); cmd decoding: BTNprograms/BTN_CAM_CMD_20231102.py; ISO/shutter table: Handbook GDNS_PROC_040 table 4.10.1.2-1 (EMF image14) — documented; anchors 04_BTN運用/16_成果報告会&Lessones Learned/BOTAN 成果報告会.pptx slide 45","79-min reserve (0x4F); ISO/shutter values are documented (handbook table 4.10.1.2-1), 0x31->1600/1ms and 0x10->100/0.5ms cross-checked with 成果報告会 slide 45",6df0a5ad514a518cd4e837949bd17b4a49399017848a39b4ef5e0b88f37eac82
BOTAN,CAM,PUMICE,2025-10-13,2025-10-29,data/04_botan/images/cam/pumice_20251013T1314_d1f6102eb2.jpg,240,224,40643,136.43,30.73,ok,2025-10-13T13:14:06+09:00,2025-10-13T13:23:04+09:00,pass+timer,100,0.5 ms,manual,TMB 1920x1080 (cmd NN resize bits); cut tiles are 240x224/240x256 crops of the native 720x480 frame,"cmd=42 00 A0 B1 4F 05 08 03 03 30 10; mission=PUMICE grp=0x05 pic=7; shots=8; interval=4.5 s; exposure_compensation=-14 (picamera units, 1/6 EV); JPEG quality=95 (cv2 default, cut); raw SS byte=0x10; CUT tile 1: A0 C1 00 05 07 00 03 00 57 (2025-10-28 05:48 pass); cells (w0,h0)-(w5,h7); q95",high,"04_BTN運用/04_運用日報/運用日報 20251010-.xlsx#20251013 pass5; 04_BTN運用/03_Operation Log/01_GS Monitor Log/20251013_1158.txt; original: 04_BTN運用/03_Operation Log/07_Pumice/005_07_本画像/005_07_1029_1.jpg (005_007_Mian 本画像_1.txt, 100%); cmd decoding: BTNprograms/BTN_CAM_CMD_20231102.py; ISO/shutter table: Handbook GDNS_PROC_040 table 4.10.1.2-1 (EMF image14) — documented; anchors 04_BTN運用/16_成果報告会&Lessones Learned/BOTAN 成果報告会.pptx slide 45","79-min reserve (0x4F); ISO/shutter values are documented (handbook table 4.10.1.2-1), 0x31->1600/1ms and 0x10->100/0.5ms cross-checked with 成果報告会 slide 45",d1f6102eb29c7f8e80f9f83e80b28380aad701150be7fb13559d77f546761cee
BOTAN,CAM,PUMICE,2025-10-13,2025-11-03,data/04_botan/images/cam/pumice_20251013T1314_b7b9342434.jpg,240,224,40643,162.00,24.31,ok,2025-10-13T13:14:06+09:00,2025-10-13T13:23:04+09:00,pass+timer,100,0.5 ms,manual,TMB 1920x1080 (cmd NN resize bits); cut tiles are 240x224/240x256 crops of the native 720x480 frame,"cmd=42 00 A0 B1 4F 05 08 03 03 30 10; mission=PUMICE grp=0x05 pic=7; shots=8; interval=4.5 s; exposure_compensation=-14 (picamera units, 1/6 EV); JPEG quality=95 (cv2 default, cut); raw SS byte=0x10; CUT tile 3: A0 C1 00 05 07 00 03 A0 F7 (2025-11-01 20:37 pass; a grp-02 cut with same coords was sent 10/31 21:28, so a grp-2 (2025-10-11 10:22) origin cannot be fully excluded); cells (w10,h0)-(w15,h7); q95",medium,04_BTN運用/04_運用日報/運用日報 20251010-.xlsx#20251013 pass5; 04_BTN運用/03_Operation Log/01_GS Monitor Log/20251013_1158.txt; original: 04_BTN運用/03_Operation Log/07_Pumice/005_07_本画像/005_07_1103_3.jpg (no exact packet txt; 60% vs PUMICE TMB 20251023.txt); cmd decoding: BTNprograms/BTN_CAM_CMD_20231102.py; ISO/shutter table: Handbook GDNS_PROC_040 table 4.10.1.2-1 (EMF image14) — documented; anchors 04_BTN運用/16_成果報告会&Lessones Learned/BOTAN 成果報告会.pptx slide 45,"79-min reserve (0x4F); ISO/shutter values are documented (handbook table 4.10.1.2-1), 0x31->1600/1ms and 0x10->100/0.5ms cross-checked with 成果報告会 slide 45",b7b9342434c55f876eb755dff186799a866bb836783e9a21721beb2c28c3f2a3
BOTAN,CAM,PUMICE,2025-10-13,2025-11-07,data/04_botan/images/cam/pumice_20251013T1314_8168d88674.jpg,240,256,40643,133.80,40.51,ok,2025-10-13T13:14:06+09:00,2025-10-13T13:23:04+09:00,pass+timer,100,0.5 ms,manual,TMB 1920x1080 (cmd NN resize bits); cut tiles are 240x224/240x256 crops of the native 720x480 frame,"cmd=42 00 A0 B1 4F 05 08 03 03 30 10; mission=PUMICE grp=0x05 pic=7; shots=8; interval=4.5 s; exposure_compensation=-14 (picamera units, 1/6 EV); JPEG quality=95 (cv2 default, cut); raw SS byte=0x10; CUT tile 4: A0 C1 00 05 07 00 03 07 5F (2025-11-06 21:02 pass); cells (w0,h7)-(w5,h15); q95",high,"04_BTN運用/04_運用日報/運用日報 20251010-.xlsx#20251013 pass5; 04_BTN運用/03_Operation Log/01_GS Monitor Log/20251013_1158.txt; original: 04_BTN運用/03_Operation Log/07_Pumice/005_07_本画像/005_07_1107_4.jpg (005_007_Mian 本画像_4.txt, 100%); cmd decoding: BTNprograms/BTN_CAM_CMD_20231102.py; ISO/shutter table: Handbook GDNS_PROC_040 table 4.10.1.2-1 (EMF image14) — documented; anchors 04_BTN運用/16_成果報告会&Lessones Learned/BOTAN 成果報告会.pptx slide 45","79-min reserve (0x4F); ISO/shutter values are documented (handbook table 4.10.1.2-1), 0x31->1600/1ms and 0x10->100/0.5ms cross-checked with 成果報告会 slide 45",8168d88674ca240644ef8ade36d499c1c667a06ac8c3d5b228414346d90ae3c2
BOTAN,CAM,PUMICE,2025-10-13,2025-11-15,data/04_botan/images/cam/pumice_20251013T1314_092c74570d.jpg,240,256,11911,86.18,63.14,ok,2025-10-13T13:14:06+09:00,2025-10-13T13:23:04+09:00,pass+timer,100,0.5 ms,manual,TMB 1920x1080 (cmd NN resize bits); cut tiles are 240x224/240x256 crops of the native 720x480 frame,"cmd=42 00 A0 B1 4F 05 08 03 03 30 10; mission=PUMICE grp=0x05 pic=7; shots=8; interval=4.5 s; exposure_compensation=-14 (picamera units, 1/6 EV); JPEG quality=95 (cv2 default, cut); raw SS byte=0x10; CUT tile 5: A0 C1 00 05 07 00 03 57 AF (2025-11-08 17:42 pass); cells (w5,h7)-(w10,h15); q95",high,"04_BTN運用/04_運用日報/運用日報 20251010-.xlsx#20251013 pass5; 04_BTN運用/03_Operation Log/01_GS Monitor Log/20251013_1158.txt; original: 04_BTN運用/03_Operation Log/07_Pumice/005_07_本画像/005_07_1115_5.jpg (005_007_Mian 本画像_5.txt, 100%); cmd decoding: BTNprograms/BTN_CAM_CMD_20231102.py; ISO/shutter table: Handbook GDNS_PROC_040 table 4.10.1.2-1 (EMF image14) — documented; anchors 04_BTN運用/16_成果報告会&Lessones Learned/BOTAN 成果報告会.pptx slide 45","79-min reserve (0x4F); ISO/shutter values are documented (handbook table 4.10.1.2-1), 0x31->1600/1ms and 0x10->100/0.5ms cross-checked with 成果報告会 slide 45",092c74570d3e525dd47aed9a46395e34d20a06f50ff220eaae2f403d1bade827
BOTAN,CAM,PUMICE,2025-12-29,2025-12-29,data/04_botan/images/cam/pumice_20251229T0810_554750d8b7.jpg,960,540,9457,136.32,70.70,ok,2025-12-29T08:10:28+09:00,2025-12-29T08:20:58+09:00,pass+timer,800,0.5 ms,manual,TMB 960x540 (downscaled from native 720x480 capture),"cmd=42 00 A0 B1 00 17 08 02 03 27 20; mission=PUMICE grp=0x17 pic=8; shots=8; interval=3.0 s; exposure_compensation=+0 (picamera units, 1/6 EV); JPEG quality=10; raw SS byte=0x20",high,"04_BTN運用/04_運用日報/運用日報 20251010-.xlsx#20251229 pass2; 04_BTN運用/02_運用スケジュール/GDNS_DRW_246_BTN運用スケジュール_ver2.xlsm#送信CMD r593; 04_BTN運用/03_Operation Log/01_GS Monitor Log/20251229_0809.txt; original: 04_BTN運用/03_Operation Log/07_Pumice/復元画像/017_08_1229.jpg (017_008_TMB_1229.txt, 100%); cmd decoding: BTNprograms/BTN_CAM_CMD_20231102.py; ISO/shutter table: Handbook GDNS_PROC_040 table 4.10.1.2-1 (EMF image14) — documented; anchors 04_BTN運用/16_成果報告会&Lessones Learned/BOTAN 成果報告会.pptx slide 45","immediate; ISO/shutter values are documented (handbook table 4.10.1.2-1), 0x31->1600/1ms and 0x10->100/0.5ms cross-checked with 成果報告会 slide 45",554750d8b763185d669927af97602b2546f7e25f1b8b6b870a7739e6e2c93c4d
