downlink_date,time_jst,kind,hex,source_log
2025-10-12,,cmd,42 00 11 07 36 70 00 00 00 00 0f,gyro_20251012_boot.txt
2025-10-12,,frame,94 a6 62 b2 9a b2 60 94 a6 62 b2 a0 a8 61 03 f0 42 aa 42 00 11 07 36 70 00 00 00 00 0f aa,gyro_20251012_boot.txt
2025-10-12,,frame,94 a6 62 b2 9a b2 60 94 a6 62 b2 a0 a8 61 03 f0 42 11 ff 00 00 01 d0 00 00 00 06 00 00 00 00 00 00 08 26 d5 17 fb 33 2e 88 06 8e 00 08 00 53 0c b9 00 10 00 f0 0f d0 00 01 00 07 00 00 00 00 00 00 0f 2e d4 ab 00 67 2c 96 01 b5 00 08 00 4f 0c bb 00 12 00 f0 0f,gyro_20251012_boot.txt
2025-10-12,,frame,94 a6 62 b2 9a b2 60 94 a6 62 b2 a0 a8 61 03 f0 42 11 ff 00 00 02 d0 00 02 00 08 00 00 00 00 00 00 17 92 d6 79 06 ec 2a 0c 00 0c 00 09 00 5d 0c d7 00 12 00 f0 0f d0 00 03 00 0a 00 00 00 00 00 00 1c f3 db 89 0d d5 29 ae 00 0b 00 09 00 64 0c d6 02 7b 00 f0 0f,gyro_20251012_boot.txt
2025-10-12,,frame,94 a6 62 b2 9a b2 60 94 a6 62 b2 a0 a8 61 03 f0 42 11 ff 00 00 03 d0 00 04 00 0b 00 00 00 00 00 00 23 6b e0 04 12 c5 26 4a 00 0c 00 09 00 36 0c d5 06 32 00 f0 0f d0 00 05 00 0d 00 00 00 00 00 00 28 a7 e5 6f 16 d1 22 e3 00 0c 00 42 00 0d 0c d6 08 d1 00 f0 0f,gyro_20251012_boot.txt
2025-10-12,,frame,94 a6 62 b2 9a b2 60 94 a6 62 b2 a0 a8 61 03 f0 42 11 ff 00 00 04 d0 00 06 00 0e 00 00 00 00 00 00 2b ea ea f8 1b 15 1f 7e 00 6d 03 d6 00 0d 0c d5 08 94 00 f0 0f d0 00 07 00 10 00 00 00 00 00 00 30 08 ef ef 1c 40 1b 11 06 5d 04 a1 00 0d 0c d2 04 fb 00 f0 0f,gyro_20251012_boot.txt
2025-10-12,,frame,94 a6 62 b2 9a b2 60 94 a6 62 b2 a0 a8 61 03 f0 42 11 ff 00 00 06 d0 00 0a 00 14 00 00 00 00 00 00 2d d4 f8 a2 27 b2 13 20 01 c5 00 09 00 5b 0c bc 00 10 00 f0 0f d0 00 0b 00 15 00 00 00 00 00 00 2e 49 fa a4 28 9d 10 98 00 0d 00 09 00 5b 0c b9 00 11 00 f0 0f,gyro_20251012_boot.txt
2025-10-12,,frame,94 a6 62 b2 9a b2 60 94 a6 62 b2 a0 a8 61 03 f0 42 11 ff 00 00 07 d0 00 0c 00 17 00 00 00 00 00 00 2e 44 fc 81 29 c3 0e 20 00 0c 00 09 00 5f 0c b7 00 10 00 f0 0f d0 00 0d 00 18 00 00 00 00 00 00 2e 5b fe 70 2a 93 0b 80 00 0c 00 09 00 16 0c cf 00 cf 00 f0 0f,gyro_20251012_boot.txt
2025-10-12,,frame,94 a6 62 b2 9a b2 60 94 a6 62 b2 a0 a8 61 03 f0 42 11 ff 00 00 08 d0 00 0e 00 1a 00 00 00 00 00 00 2e 53 00 84 2b 41 08 e5 00 0c 00 25 00 0d 0c ce 06 3b 00 f0 0f d0 00 0f 00 1b 00 00 00 00 00 00 2e 7e 02 9d 2b 7c 06 0c 00 0b 00 cd 00 0e 0c cd 09 5a 00 f0 0f,gyro_20251012_boot.txt
2025-10-12,,frame,94 a6 62 b2 9a b2 60 94 a6 62 b2 a0 a8 61 03 f0 42 11 ff 00 00 09 d0 00 10 00 1d 00 00 00 00 00 00 2e 0f 04 fe 2c 10 02 e2 03 c8 00 0c 00 0e 0c cb 08 c5 00 f0 0f d0 00 11 00 1e 00 00 00 00 00 00 d1 db f8 50 d4 55 00 b7 08 54 00 09 00 1b 0c ca 04 2f 00 f0 0f,gyro_20251012_boot.txt
2025-10-12,,frame,94 a6 62 b2 9a b2 60 94 a6 62 b2 a0 a8 61 03 f0 42 11 ff 00 00 0a d0 00 12 00 20 00 00 00 00 00 00 d2 b4 f5 15 d4 63 04 c4 08 4c 00 08 00 6e 0c ae 00 10 00 f0 0f d0 00 13 00 21 00 00 00 00 00 00 d4 20 f1 5d d4 cb 09 7b 03 ee 00 09 00 7b 0c af 00 0f 00 f0 0f,gyro_20251012_boot.txt
2025-10-12,,frame,94 a6 62 b2 9a b2 60 94 a6 62 b2 a0 a8 61 03 f0 42 11 ff 00 00 0b d0 00 14 00 23 00 00 00 00 00 00 d6 63 ec f3 d5 c8 0e cd 00 0c 00 09 00 75 0c b0 00 10 00 f0 0f d0 00 15 00 24 00 00 00 00 00 00 d9 b9 e8 15 d7 76 14 62 00 0c 00 08 00 0d 0c ad 00 10 00 f0 0f,gyro_20251012_boot.txt
2025-10-12,,frame,94 a6 62 b2 9a b2 60 94 a6 62 b2 a0 a8 61 03 f0 42 11 ff 00 00 0c d0 00 16 00 25 00 00 00 00 00 00 dd f0 e2 ef da 95 1a 49 00 0d 03 ec 00 0d 0c ab 00 11 00 f0 0f d0 00 17 00 27 00 00 00 00 00 00 e3 64 dd e9 df 37 20 41 00 0c 07 5b 00 0d 0c c6 00 12 00 f0 0f,gyro_20251012_boot.txt
2025-10-12,,frame,94 a6 62 b2 9a b2 60 94 a6 62 b2 a0 a8 61 03 f0 42 11 ff 00 00 0d d0 00 18 00 28 00 00 00 00 00 00 ea 83 d9 8a e5 12 25 d0 00 0c 08 76 00 0c 0c c2 03 dd 00 f0 0f d0 00 19 00 2a 00 00 00 00 00 00 f2 87 d6 02 ed 3e 2a 6b 02 ea 06 c3 00 0c 0c c2 05 e0 00 f0 0f,gyro_20251012_boot.txt
2025-10-12,,frame,94 a6 62 b2 9a b2 60 94 a6 62 b2 a0 a8 61 03 f0 42 11 ff 00 00 0e d0 00 1a 00 2b 00 00 00 00 00 00 fb c5 d3 ee f6 ce 2d 4a 07 73 02 27 00 0c 0c c2 05 23 00 f0 0f d0 00 1b 00 2d 00 00 00 00 00 00 05 d1 d4 20 01 76 2e 35 08 f0 00 09 00 36 0c c0 01 ba 00 f0 0f,gyro_20251012_boot.txt
2025-10-12,,frame,94 a6 62 b2 9a b2 60 94 a6 62 b2 a0 a8 61 03 f0 42 11 ff 00 00 0f d0 00 1c 00 2e 00 00 00 00 00 00 0f ef d6 ed 0c 88 2c b3 06 ca 00 07 00 93 0c a2 00 10 00 f0 0f d0 00 1d 00 30 00 00 00 00 00 00 19 81 dc 6e 17 3d 28 80 01 66 00 0b 00 94 0c a4 00 11 00 f0 0f,gyro_20251012_boot.txt
2025-10-13,,cmd,42 00 11 07 36 60 00 00 00 00 01,gyro_20251013_1032.txt
2025-10-13,,frame,94 a6 62 b2 9a b2 60 94 a6 62 b2 a0 a8 61 03 f0 42 aa 42 00 11 07 36 60 00 00 00 00 01 aa,gyro_20251013_1032.txt
2025-10-13,,frame,94 a6 62 b2 9a b2 60 94 a6 62 b2 a0 a8 61 03 f0 42 11 ff 00 00 01 00 00 00 20 ff ff ff ff ff ff ff ff ff ff ff ff ff ff ff ff ff ff ff ff ff ff ff ff ff ff ff ff ff ff ff ff ff ff ff ff ff ff ff ff ff ff ff ff ff ff ff ff ff ff ff ff ff ff ff ff ff ff ff ff,gyro_20251013_1032.txt
2025-10-20,,cmd,42 00 11 07 36 70 00 00 00 00 7f,gyro_20251020.txt
2025-10-20,,frame,94 a6 62 b2 9a b2 60 94 a6 62 b2 a0 a8 61 03 f0 42 aa 42 00 11 07 36 70 00 00 00 00 7f aa,gyro_20251020.txt
2025-10-20,,frame,94 a6 62 b2 9a b2 60 94 a6 62 b2 a0 a8 61 03 f0 42 11 ff 00 00 01 d0 00 00 00 06 00 00 00 00 00 00 05 b7 d6 08 01 2b 2f f7 00 65 00 09 00 7b 0b 4b 00 70 00 f0 0f d0 00 01 00 07 00 00 00 00 00 00 0d 4c d7 87 0a b5 2e 8c 00 0c 04 1b 00 11 0b 4a 00 15 00 f0 0f,gyro_20251020.txt
2025-10-20,,frame,94 a6 62 b2 9a b2 60 94 a6 62 b2 a0 a8 61 03 f0 42 11 ff 00 00 02 d0 00 02 00 08 00 00 00 00 00 00 16 fb db f6 16 f4 29 bd 00 0c 04 70 00 11 0b 4b 00 15 00 f0 0f d0 00 03 00 0a 00 00 00 00 00 00 1f eb e4 1e 21 3f 22 90 00 0c 03 e9 00 12 0b 4b 00 57 00 f0 0f,gyro_20251020.txt
2025-10-20,,frame,94 a6 62 b2 9a b2 60 94 a6 62 b2 a0 a8 61 03 f0 42 11 ff 00 00 03 d0 00 04 00 0b 00 00 00 00 00 00 25 ee ed f2 29 f4 17 e6 00 72 01 ea 00 11 0b 4c 01 ca 00 f0 0f d0 00 05 00 0d 00 00 00 00 00 00 28 b2 f9 c9 2f bb 0b 18 01 56 00 07 00 12 0b 4d 02 ea 00 f0 0f,gyro_20251020.txt
2025-10-20,,frame,94 a6 62 b2 9a b2 60 94 a6 62 b2 a0 a8 61 03 f0 42 11 ff 00 00 04 d0 00 06 00 0e 00 00 00 00 00 00 d8 28 f9 8e ce 6e 03 28 00 98 00 07 00 12 0b 4f 03 83 00 f0 0f d0 00 07 00 10 00 00 00 00 00 00 dc be ed 63 d1 04 11 49 00 0d 00 07 01 0d 0b 4f 02 ff 00 f0 0f,gyro_20251020.txt
2025-10-20,,frame,94 a6 62 b2 9a b2 60 94 a6 62 b2 a0 a8 61 03 f0 42 11 ff 00 00 05 d0 00 08 00 11 00 00 00 00 00 00 e4 cd e3 92 d7 ad 1e 5c 00 0b 00 07 01 69 0b 4f 02 b5 00 f0 0f d0 00 09 00 13 00 00 00 00 00 00 ef 27 dc 3b e1 f0 28 5d 00 18 00 07 01 28 0b 52 02 ef 00 f0 0f,gyro_20251020.txt
2025-10-20,,frame,94 a6 62 b2 9a b2 60 94 a6 62 b2 a0 a8 61 03 f0 42 11 ff 00 00 06 d0 00 0a 00 14 00 00 00 00 00 00 fb 0e d8 96 ee 69 2e ff 00 82 02 3c 00 12 0b 75 01 0c 00 f0 0f d0 00 0b 00 16 00 00 00 00 00 00 07 29 d8 1e fc 1c 31 63 00 0c 04 5b 00 11 0b 54 00 15 00 f0 0f,gyro_20251020.txt
2025-10-20,,frame,94 a6 62 b2 9a b2 60 94 a6 62 b2 a0 a8 61 03 f0 42 11 ff 00 00 07 d0 00 0c 00 17 00 00 00 00 00 00 12 5c db 0c 09 d0 2f ee 00 0c 04 5a 00 10 0b 54 00 15 00 f0 0f d0 00 0d 00 18 00 00 00 00 00 00 1c 6d e1 1c 15 d8 2b 16 00 8c 03 8c 00 11 0b 55 00 15 00 f0 0f,gyro_20251020.txt
2025-10-20,,frame,94 a6 62 b2 9a b2 60 94 a6 62 b2 a0 a8 61 03 f0 42 11 ff 00 00 0d d0 00 18 00 28 00 00 00 00 00 00 09 e7 d1 3a f1 6d 27 f8 00 0c 03 74 00 12 0b 5c 00 14 00 f0 0f d0 00 19 00 2a 00 00 00 00 00 00 09 f9 d3 90 f8 68 2c 52 00 0c 02 6c 00 12 0b 5d 00 14 00 f0 0f,gyro_20251020.txt
2025-10-20,,frame,94 a6 62 b2 9a b2 60 94 a6 62 b2 a0 a8 61 03 f0 42 11 ff 00 00 0e d0 00 1a 00 2b 00 00 00 00 00 00 0d bd d3 92 fc 62 2b d2 00 a5 00 89 00 4a 0b 5d 00 5b 00 f0 0f d0 00 1b 00 2d 00 00 00 00 00 00 10 3e d4 34 ff c8 2b bf 00 93 00 08 00 7a 0b 5c 00 45 00 f0 0f,gyro_20251020.txt
2025-10-20,,frame,94 a6 62 b2 9a b2 60 94 a6 62 b2 a0 a8 61 03 f0 42 11 ff 00 00 0f d0 00 1c 00 2e 00 00 00 00 00 00 12 16 d4 aa 02 d2 2b 64 00 80 00 8a 00 96 0b 58 00 3a 00 f0 0f d0 00 1d 00 30 00 00 00 00 00 00 13 71 d5 21 05 4c 2b 09 00 2a 02 ba 00 59 0b 56 01 46 00 f0 0f,gyro_20251020.txt
2025-10-20,,frame,94 a6 62 b2 9a b2 60 94 a6 62 b2 a0 a8 61 03 f0 42 11 ff 00 00 11 d0 00 20 00 34 00 00 00 00 00 00 15 b1 d4 91 09 bd 28 8d 00 9a 02 67 00 12 0b 58 01 2a 00 f0 0f d0 00 21 00 36 00 00 00 00 00 00 15 b0 d4 00 0a f0 27 a0 02 81 01 f1 00 12 0b 57 00 16 00 f0 0f,gyro_20251020.txt
2025-10-20,,frame,94 a6 62 b2 9a b2 60 94 a6 62 b2 a0 a8 61 03 f0 42 11 ff 00 00 12 d0 00 22 00 37 00 00 00 00 00 00 15 b3 d3 b9 0c 73 26 db 02 51 01 8b 00 11 0b 59 00 15 00 f0 0f d0 00 23 00 38 00 00 00 00 00 00 16 31 d4 3d 0e da 26 51 00 67 02 90 00 12 0b 5a 00 14 00 f0 0f,gyro_20251020.txt
2025-10-20,,frame,94 a6 62 b2 9a b2 60 94 a6 62 b2 a0 a8 61 03 f0 42 11 ff 00 00 13 d0 00 24 00 3a 00 00 00 00 00 00 17 9e d5 c5 12 1a 25 c6 00 0c 03 5c 00 12 0b 5a 00 15 00 f0 0f d0 00 25 00 3b 00 00 00 00 00 00 1a 3a d8 56 15 f7 24 c6 00 0c 04 31 00 12 0b 58 00 15 00 f0 0f,gyro_20251020.txt
2025-10-20,,frame,94 a6 62 b2 9a b2 60 94 a6 62 b2 a0 a8 61 03 f0 42 11 ff 00 00 14 d0 00 26 00 3d 00 00 00 00 00 00 1d 97 db eb 1a 9a 22 cd 00 0d 04 51 00 12 0b 57 00 16 00 f0 0f d0 00 27 00 3e 00 00 00 00 00 00 21 5f e0 4b 1f 73 1f 6e 00 a0 03 95 00 11 0b 56 00 15 00 f0 0f,gyro_20251020.txt
2025-10-20,,frame,94 a6 62 b2 9a b2 60 94 a6 62 b2 a0 a8 61 03 f0 42 11 ff 00 00 15 d0 00 28 00 40 00 00 00 00 00 00 25 40 e5 ca 24 3c 1a 9e 02 63 01 76 00 11 0b 74 00 5e 00 f0 0f d0 00 29 00 41 00 00 00 00 00 00 26 87 f8 e1 2c 3c 18 95 04 3d 00 08 00 11 0b 7a 00 20 00 f0 0f,gyro_20251020.txt
2025-10-20,,frame,94 a6 62 b2 9a b2 60 94 a6 62 b2 a0 a8 61 03 f0 42 11 ff 00 00 16 d0 00 2a 00 43 00 00 00 00 00 00 2b cf f9 10 2d 43 08 f0 04 73 00 08 00 12 0b 55 00 13 00 f0 0f d0 00 2b 00 44 00 00 00 00 00 00 d2 6f 01 b9 d3 7c 05 eb 03 bb 00 08 01 a0 0b 55 00 14 00 f0 0f,gyro_20251020.txt
2025-10-20,,frame,94 a6 62 b2 9a b2 60 94 a6 62 b2 a0 a8 61 03 f0 42 11 ff 00 00 17 d0 00 2c 00 46 00 00 00 00 00 00 d5 a5 f5 7c d4 49 10 bf 01 7a 00 08 01 44 0b 5a 00 17 00 f0 0f d0 00 2d 00 47 00 00 00 00 00 00 da c3 eb a2 d9 ca 1c e4 01 68 00 07 00 91 0b 5b 00 15 00 f0 0f,gyro_20251020.txt
2025-10-20,,frame,94 a6 62 b2 9a b2 60 94 a6 62 b2 a0 a8 61 03 f0 42 11 ff 00 00 18 d0 00 2e 00 48 00 00 00 00 00 00 e4 09 e1 ed e1 4c 26 4d 02 e0 00 42 00 12 0b 5a 00 57 00 f0 0f d0 00 2f 00 4a 00 00 00 00 00 00 f0 29 da 5a ea cf 2c 7b 03 8b 00 c2 00 11 0b 56 00 14 00 f0 0f,gyro_20251020.txt
2025-10-20,,frame,94 a6 62 b2 9a b2 60 94 a6 62 b2 a0 a8 61 03 f0 42 11 ff 00 00 19 d0 00 30 00 4b 00 00 00 00 00 00 fc 0e d7 a0 f7 72 30 c2 03 49 00 08 00 12 0b 56 00 14 00 f0 0f d0 00 31 00 4d 00 00 00 00 00 00 08 5d d8 53 04 bc 31 4a 03 b5 00 07 00 12 0b 52 00 14 00 f0 0f,gyro_20251020.txt
2025-10-20,,frame,94 a6 62 b2 9a b2 60 94 a6 62 b2 a0 a8 61 03 f0 42 11 ff 00 00 1a d0 00 32 00 4e 00 00 00 00 00 00 13 ca dc 34 11 a4 2d f4 02 90 00 08 00 ff 0b 51 00 13 00 f0 0f d0 00 33 00 50 00 00 00 00 00 00 1d 84 e3 2a 1d 2b 27 46 01 eb 00 08 03 62 0b 4b 00 14 00 f0 0f,gyro_20251020.txt
2025-10-20,,frame,94 a6 62 b2 9a b2 60 94 a6 62 b2 a0 a8 61 03 f0 42 11 ff 00 00 1b d0 00 34 00 51 00 00 00 00 00 00 24 ae ec 37 26 90 1d 89 00 0c 00 08 04 e4 0b 4c 00 14 00 f0 0f d0 00 35 00 53 00 00 00 00 00 00 28 fb f7 61 2c f0 11 f7 00 0b 00 07 04 94 0b 4d 00 16 00 f0 0f,gyro_20251020.txt
2025-10-20,,frame,94 a6 62 b2 9a b2 60 94 a6 62 b2 a0 a8 61 03 f0 42 11 ff 00 00 1c d0 00 36 00 54 00 00 00 00 00 00 29 cb 03 01 30 22 04 d9 00 0c 00 07 02 7a 0b 4d 00 1d 00 f0 0f d0 00 37 00 56 00 00 00 00 00 00 d8 f0 f1 79 d0 3b 08 c8 00 27 00 07 00 98 0b 4d 00 ac 00 f0 0f,gyro_20251020.txt
2025-10-20,,frame,94 a6 62 b2 9a b2 60 94 a6 62 b2 a0 a8 61 03 f0 42 11 ff 00 00 26 d0 00 4a 00 71 00 00 00 00 00 00 eb 45 d5 1a e0 c2 1d 27 00 0d 00 08 00 af 0b 3f 03 58 00 f0 0f d0 00 4b 00 73 00 00 00 00 00 00 ed 50 d3 95 e3 87 1f 08 00 0c 00 07 00 12 0b 3e 04 3f 00 f0 0f,gyro_20251020.txt
2025-10-20,,frame,94 a6 62 b2 9a b2 60 94 a6 62 b2 a0 a8 61 03 f0 42 11 ff 00 00 27 d0 00 4c 00 74 00 00 00 00 00 00 ee 9d d2 b3 e5 e3 20 8d 00 cc 00 07 00 12 0b 3e 03 66 00 f0 0f d0 00 4d 00 76 00 00 00 00 00 00 ef 9e d2 79 e7 e1 22 40 03 ca 00 08 00 13 0b 5b 00 87 00 f0 0f,gyro_20251020.txt
2025-10-20,,frame,94 a6 62 b2 9a b2 60 94 a6 62 b2 a0 a8 61 03 f0 42 11 ff 00 00 28 d0 00 4e 00 77 00 00 00 00 00 00 f0 78 d2 52 e9 d5 23 bb 04 68 00 08 00 12 0b 3f 00 14 00 f0 0f d0 00 4f 00 78 00 00 00 00 00 00 f1 71 d2 25 eb db 25 17 02 4b 00 08 00 ae 0b 42 00 14 00 f0 0f,gyro_20251020.txt
2025-10-20,,frame,94 a6 62 b2 9a b2 60 94 a6 62 b2 a0 a8 61 03 f0 42 11 ff 00 00 29 d0 00 50 00 7a 00 00 00 00 00 00 f2 bd d1 d2 ee 32 26 59 00 25 00 07 01 cc 0b 44 00 36 00 f0 0f d0 00 51 00 7b 00 00 00 00 00 00 f4 6a d1 23 f1 2b 27 50 00 c8 00 08 00 d1 0b 43 00 39 00 f0 0f,gyro_20251020.txt
2025-10-20,,frame,94 a6 62 b2 9a b2 60 94 a6 62 b2 a0 a8 61 03 f0 42 11 ff 00 00 2a d0 00 52 00 7d 00 00 00 00 00 00 f6 c7 d0 63 f4 f8 28 46 00 84 01 26 00 73 0b 3e 00 15 00 f0 0f d0 00 53 00 7e 00 00 00 00 00 00 fa 2f cf de f9 f8 29 57 00 0c 00 ff 00 11 0b 3d 03 68 00 f0 0f,gyro_20251020.txt
2025-10-20,,frame,94 a6 62 b2 9a b2 60 94 a6 62 b2 a0 a8 61 03 f0 42 11 ff 00 00 2b d0 00 54 00 80 00 00 00 00 00 00 ff 46 cf fd 00 2f 2a 50 00 0c 00 07 00 12 0b 3d 04 4c 00 f0 0f d0 00 55 00 81 00 00 00 00 00 00 06 33 d1 50 06 ee 2a c6 00 0d 00 08 00 12 0b 3d 04 40 00 f0 0f,gyro_20251020.txt
2025-10-20,,frame,94 a6 62 b2 9a b2 60 94 a6 62 b2 a0 a8 61 03 f0 42 11 ff 00 00 2c d0 00 56 00 83 00 00 00 00 00 00 0d b1 d4 04 0e 96 29 f7 00 0d 00 07 01 a6 0b 3c 02 51 00 f0 0f d0 00 57 00 84 00 00 00 00 00 00 15 7f d8 4f 16 49 27 85 00 0c 00 07 03 ff 0b 67 00 15 00 f0 0f,gyro_20251020.txt
2025-10-20,,frame,94 a6 62 b2 9a b2 60 94 a6 62 b2 a0 a8 61 03 f0 42 11 ff 00 00 2d d0 00 58 00 86 00 00 00 00 00 00 1c d6 de 34 1d b5 23 35 00 0d 00 08 04 1f 0b 3e 00 14 00 f0 0f d0 00 59 00 87 00 00 00 00 00 00 23 15 e5 9b 24 7a 1c f3 00 0b 00 07 03 a7 0b 3f 00 1f 00 f0 0f,gyro_20251020.txt
2025-10-20,,frame,94 a6 62 b2 9a b2 60 94 a6 62 b2 a0 a8 61 03 f0 42 11 ff 00 00 2e d0 00 5a 00 88 00 00 00 00 00 00 27 fa ee 35 29 eb 14 99 00 62 00 08 01 62 0b 42 00 b6 00 f0 0f d0 00 5b 00 8a 00 00 00 00 00 00 2a d6 f8 24 2d b6 0a 79 00 14 03 16 00 80 0b 42 00 55 00 f0 0f,gyro_20251020.txt
2025-10-20,,frame,94 a6 62 b2 9a b2 60 94 a6 62 b2 a0 a8 61 03 f0 42 11 ff 00 00 2f d0 00 5c 00 8b 00 00 00 00 00 00 d4 d7 fd 0f d0 da 01 3f 00 0c 04 6c 00 12 0b 41 00 14 00 f0 0f d0 00 5d 00 8d 00 00 00 00 00 00 d7 67 f2 29 d2 89 0d c0 00 0d 03 6d 00 12 0b 41 00 c9 00 f0 0f,gyro_20251020.txt
2025-10-20,,frame,94 a6 62 b2 9a b2 60 94 a6 62 b2 a0 a8 61 03 f0 42 11 ff 00 00 30 d0 00 5e 00 8e 00 00 00 00 00 00 dd 5a e8 0b d7 82 1a 1d 00 0c 01 b0 00 11 0b 41 02 91 00 f0 0f d0 00 5f 00 90 00 00 00 00 00 00 e6 36 df 90 e0 0e 24 db 00 34 00 08 00 12 0b 42 03 f2 00 f0 0f,gyro_20251020.txt
2025-10-20,,frame,94 a6 62 b2 9a b2 60 94 a6 62 b2 a0 a8 61 03 f0 42 11 ff 00 00 31 d0 00 60 00 91 00 00 00 00 00 00 f0 bd da e0 ec 21 2d b8 00 0c 00 08 00 12 0b 44 04 3f 00 f0 0f d0 00 61 00 93 00 00 00 00 00 00 fd bf d8 6d f9 24 31 c7 00 0c 00 08 00 89 0b 45 03 72 00 f0 0f,gyro_20251020.txt
2025-10-20,,frame,94 a6 62 b2 9a b2 60 94 a6 62 b2 a0 a8 61 03 f0 42 11 ff 00 00 32 d0 00 62 00 94 00 00 00 00 00 00 0a 29 da 25 07 4e 32 10 00 0c 00 08 00 ee 0b 47 03 20 00 f0 0f d0 00 63 00 96 00 00 00 00 00 00 15 ce de ee 14 a1 2d d7 00 75 00 46 00 1f 0b 69 03 57 00 f0 0f,gyro_20251020.txt
2025-10-20,,frame,94 a6 62 b2 9a b2 60 94 a6 62 b2 a0 a8 61 03 f0 42 11 ff 00 00 33 d0 00 64 00 97 00 00 00 00 00 00 1f 35 e6 d4 20 18 26 30 00 2e 03 47 00 12 0b 6f 00 f4 00 f0 0f d0 00 65 00 98 00 00 00 00 00 00 25 c5 f0 96 28 ea 1b 87 00 0c 04 45 00 12 0b 59 00 14 00 f0 0f,gyro_20251020.txt
2025-10-20,,frame,94 a6 62 b2 9a b2 60 94 a6 62 b2 a0 a8 61 03 f0 42 11 ff 00 00 34 d0 00 66 00 9a 00 00 00 00 00 00 29 5b fb e5 2e 3f 0f 2c 00 0c 04 51 00 11 0b 49 00 16 00 f0 0f d0 00 67 00 9b 00 00 00 00 00 00 29 79 07 91 30 1e 01 f3 00 f1 03 4b 00 12 0b 4b 00 16 00 f0 0f,gyro_20251020.txt
2025-10-20,,frame,94 a6 62 b2 9a b2 60 94 a6 62 b2 a0 a8 61 03 f0 42 11 ff 00 00 35 d0 00 68 00 9d 00 00 00 00 00 00 da 0c ed 62 d1 41 0b 1f 03 46 01 17 00 12 0b 4b 00 15 00 f0 0f d0 00 69 00 9e 00 00 00 00 00 00 e0 4e e3 e2 d6 2b 17 79 04 85 00 08 00 12 0b 6c 00 14 00 f0 0f,gyro_20251020.txt
2025-10-20,,frame,94 a6 62 b2 9a b2 60 94 a6 62 b2 a0 a8 61 03 f0 42 11 ff 00 00 36 d0 00 6a 00 a0 00 00 00 00 00 00 e9 51 dc 54 dd e2 21 d7 02 d3 00 08 01 5f 0b 78 00 14 00 f0 0f d0 00 6b 00 a1 00 00 00 00 00 00 f4 10 d7 b5 e7 db 29 cd 00 90 00 06 03 4d 0b 78 00 14 00 f0 0f,gyro_20251020.txt
2025-10-20,,frame,94 a6 62 b2 9a b2 60 94 a6 62 b2 a0 a8 61 03 f0 42 11 ff 00 00 3e d0 00 7a 00 b7 00 00 00 00 00 00 d8 26 dd 74 dd 68 0a d8 00 0c 02 c8 00 11 0b 52 00 fa 00 f0 0f d0 00 7b 00 b8 00 00 00 00 00 00 d8 19 dc 06 df 7c 0c 57 02 37 03 9b 00 11 0b 52 00 15 00 f0 0f,gyro_20251020.txt
2025-10-20,,frame,94 a6 62 b2 9a b2 60 94 a6 62 b2 a0 a8 61 03 f0 42 11 ff 00 00 3f d0 00 7c 00 ba 00 00 00 00 00 00 d7 59 db 86 e1 6f 0d 5b 01 26 02 1f 00 11 0b 54 00 15 00 f0 0f d0 00 7d 00 bb 00 00 00 00 00 00 d6 14 db c7 e3 71 0e 86 00 0c 02 81 00 12 0b 56 00 14 00 f0 0f,gyro_20251020.txt
2025-10-20,,frame,94 a6 62 b2 9a b2 60 94 a6 62 b2 a0 a8 61 03 f0 42 11 ff 00 00 40 d0 00 7e 00 bd 00 00 00 00 00 00 da 47 e1 37 dc 42 15 2b 00 0c 02 ff 00 12 0b 55 00 14 00 f0 0f d0 00 7f 00 be 00 00 00 00 00 00 db 25 e0 4f dd 94 17 6b 00 0c 03 e2 00 13 0b 53 00 15 00 f0 0f,gyro_20251020.txt
2025-10-20,,frame,94 a6 62 b2 9a b2 60 94 a6 62 b2 a0 a8 61 03 f0 42 11 ff 00 00 41 d0 00 80 00 c0 00 00 00 00 00 00 dd 0c df 20 de eb 1a 71 00 0d 05 7a 00 11 0b 52 00 3c 00 f0 0f d0 00 81 00 c1 00 00 00 00 00 00 df a0 dd 2c e1 1b 1d ac 00 0d 02 6a 00 12 0b 51 01 63 00 f0 0f,gyro_20251020.txt
2025-10-20,,frame,94 a6 62 b2 9a b2 60 94 a6 62 b2 a0 a8 61 03 f0 42 11 ff 00 00 42 d0 00 82 00 c3 00 00 00 00 00 00 e3 09 da cd e4 40 21 37 01 36 01 b0 00 12 0b 65 02 ac 00 f0 0f d0 00 83 00 c4 00 00 00 00 00 00 e7 55 d8 2c e8 e9 24 fd 02 ba 00 07 00 12 0b 67 01 33 00 f0 0f,gyro_20251020.txt
2025-10-20,,frame,94 a6 62 b2 9a b2 60 94 a6 62 b2 a0 a8 61 03 f0 42 11 ff 00 00 43 d0 00 84 00 c6 00 00 00 00 00 00 ed 03 d5 87 ef 61 28 af 05 a2 00 07 00 12 0b 51 00 13 00 f0 0f d0 00 85 00 c7 00 00 00 00 00 00 f2 4b d2 b2 f9 9f 2a 9a 03 e8 00 08 01 6a 0b 51 00 13 00 f0 0f,gyro_20251020.txt
2025-10-20,,frame,94 a6 62 b2 9a b2 60 94 a6 62 b2 a0 a8 61 03 f0 42 11 ff 00 00 44 d0 00 86 00 c8 00 00 00 00 00 00 fe 64 d3 27 01 0f 2d 9e 01 b5 00 08 00 b3 0b 56 00 14 00 f0 0f d0 00 87 00 ca 00 00 00 00 00 00 08 6e d4 d1 0c d2 2c ac 02 13 00 1d 00 40 0b 57 00 43 00 f0 0f,gyro_20251020.txt
2025-10-20,,frame,94 a6 62 b2 9a b2 60 94 a6 62 b2 a0 a8 61 03 f0 42 11 ff 00 00 46 d0 00 8a 00 ce 00 00 00 00 00 00 24 71 eb 30 28 f8 19 9f 03 a5 01 c6 00 12 0b 4e 00 14 00 f0 0f d0 00 8b 00 d0 00 00 00 00 00 00 28 d5 f6 4e 2e 18 0e 7f 05 76 00 1f 00 13 0b 4d 00 14 00 f0 0f,gyro_20251020.txt
2025-10-20,,frame,94 a6 62 b2 9a b2 60 94 a6 62 b2 a0 a8 61 03 f0 42 11 ff 00 00 4f d0 00 9c 00 e9 00 00 00 00 00 00 fa 5a d4 66 ec d8 2a 61 00 0d 03 6d 00 12 0b 59 00 f3 00 f0 0f d0 00 9d 00 ea 00 00 00 00 00 00 04 1b d4 21 f6 d4 2d 80 00 0d 04 73 00 12 0b 64 00 14 00 f0 0f,gyro_20251020.txt
2025-10-20,,frame,94 a6 62 b2 9a b2 60 94 a6 62 b2 a0 a8 61 03 f0 42 11 ff 00 00 55 d0 00 a8 00 fa 00 00 00 00 00 00 2f 74 08 7e 29 ec 03 d2 04 67 00 08 00 12 0b 41 00 14 00 f0 0f d0 00 a9 00 fb 00 00 00 00 00 00 2f 5b 08 95 2a 22 02 16 02 73 00 08 00 d1 0b 44 00 14 00 f0 0f,gyro_20251020.txt
2025-10-20,,frame,94 a6 62 b2 9a b2 60 94 a6 62 b2 a0 a8 61 03 f0 42 11 ff 00 00 60 d0 00 be 01 1a 00 00 00 00 00 00 e5 67 e1 5a da 0e 1f c6 00 0c 03 a6 00 13 0b 72 00 c3 00 f0 0f d0 00 bf 01 1b 00 00 00 00 00 00 ef 13 da 3a e4 83 28 57 00 0c 04 5b 00 12 0b 75 00 14 00 f0 0f,gyro_20251020.txt
2025-10-20,,frame,94 a6 62 b2 9a b2 60 94 a6 62 b2 a0 a8 61 03 f0 42 11 ff 00 00 61 d0 00 c0 01 1d 00 00 00 00 00 00 fa 2e d6 aa f0 cb 2e 11 00 0d 04 66 00 12 0b 76 00 15 00 f0 0f d0 00 c1 01 1e 00 00 00 00 00 00 05 ea d6 4a fd e8 30 22 01 43 03 07 00 13 0b 77 00 15 00 f0 0f,gyro_20251020.txt
2025-10-20,,frame,94 a6 62 b2 9a b2 60 94 a6 62 b2 a0 a8 61 03 f0 42 11 ff 00 00 62 d0 00 c2 01 20 00 00 00 00 00 00 11 5b d9 65 0a e5 2e c0 03 61 00 d7 00 11 0b 78 00 14 00 f0 0f d0 00 c3 01 21 00 00 00 00 00 00 1b 3f df 93 17 4f 29 f1 03 ec 00 08 00 13 0b 79 00 6d 00 f0 0f,gyro_20251020.txt
2025-10-20,,frame,94 a6 62 b2 9a b2 60 94 a6 62 b2 a0 a8 61 03 f0 42 11 ff 00 00 63 d0 00 c4 01 23 00 00 00 00 00 00 22 f9 e8 9e 22 0a 22 2b 02 12 00 08 01 3d 0b 7a 00 bc 00 f0 0f d0 00 c5 01 24 00 00 00 00 00 00 27 e2 f3 87 2a 24 17 f5 00 0c 00 07 02 9a 0b 79 01 6e 00 f0 0f,gyro_20251020.txt
2025-10-20,,frame,94 a6 62 b2 9a b2 60 94 a6 62 b2 a0 a8 61 03 f0 42 11 ff 00 00 64 d0 00 c6 01 26 00 00 00 00 00 00 29 53 ff 62 2f 56 0c 23 00 0c 00 07 02 3c 0b 79 01 dc 00 f0 0f d0 00 c7 01 27 00 00 00 00 00 00 d8 96 f4 af ce dd 00 1f 00 0c 00 08 01 64 0b 78 02 c1 00 f0 0f,gyro_20251020.txt
2025-10-20,,frame,94 a6 62 b2 9a b2 60 94 a6 62 b2 a0 a8 61 03 f0 42 11 ff 00 00 65 d0 00 c8 01 29 00 00 00 00 00 00 dd f5 e9 26 d0 3b 0b 87 00 4c 00 a1 00 12 0b 77 03 a8 00 f0 0f d0 00 c9 01 2a 00 00 00 00 00 00 e5 1e e0 36 d4 e1 16 70 00 0c 04 45 00 12 0b 6f 00 15 00 f0 0f,gyro_20251020.txt
2025-10-20,,frame,94 a6 62 b2 9a b2 60 94 a6 62 b2 a0 a8 61 03 f0 42 11 ff 00 00 68 d0 00 ce 01 31 00 00 00 00 00 00 10 ab d3 45 fb 07 2a 57 00 0d 00 08 02 cf 0b 5b 00 15 00 f0 0f d0 00 cf 01 33 00 00 00 00 00 00 17 3a d5 96 02 1a 29 df 00 0b 00 08 03 a7 0b 57 00 15 00 f0 0f,gyro_20251020.txt
2025-10-20,,frame,94 a6 62 b2 9a b2 60 94 a6 62 b2 a0 a8 61 03 f0 42 11 ff 00 00 69 d0 00 d0 01 34 00 00 00 00 00 00 1c 98 d9 13 09 06 29 03 00 0e 00 08 03 f5 0b 57 00 32 00 f0 0f d0 00 d1 01 36 00 00 00 00 00 00 21 00 dd 48 0f ac 27 71 00 45 00 08 00 c7 0b 7b 02 e2 00 f0 0f,gyro_20251020.txt
2025-10-20,,frame,94 a6 62 b2 9a b2 60 94 a6 62 b2 a0 a8 61 03 f0 42 11 ff 00 00 6a d0 00 d2 01 37 00 00 00 00 00 00 26 3a e1 8b 13 e0 24 39 00 0d 00 c7 00 14 0b 7a 03 0a 00 f0 0f d0 00 d3 01 39 00 00 00 00 00 00 2b 78 e5 d8 16 07 20 34 00 0d 02 c7 00 12 0b 73 02 cf 00 f0 0f,gyro_20251020.txt
2025-10-20,,frame,94 a6 62 b2 9a b2 60 94 a6 62 b2 a0 a8 61 03 f0 42 11 ff 00 00 6b d0 00 d4 01 3a 00 00 00 00 00 00 2e c9 ea 24 18 d9 1c 7f 00 0b 04 77 00 11 0b 60 01 1c 00 f0 0f d0 00 d5 01 3c 00 00 00 00 00 00 31 7a ed d4 1a 87 18 c8 01 08 02 bf 00 13 0b 55 00 16 00 f0 0f,gyro_20251020.txt
2025-10-20,,frame,94 a6 62 b2 9a b2 60 94 a6 62 b2 a0 a8 61 03 f0 42 11 ff 00 00 6c d0 00 d6 01 3d 00 00 00 00 00 00 33 e3 f0 9a 1b 0b 14 dc 00 c1 02 2b 00 12 0b 57 00 15 00 f0 0f d0 00 d7 01 3e 00 00 00 00 00 00 35 47 f2 e3 1c 2f 11 10 00 0d 03 9a 00 12 0b 58 00 14 00 f0 0f,gyro_20251020.txt
2025-10-20,,frame,94 a6 62 b2 9a b2 60 94 a6 62 b2 a0 a8 61 03 f0 42 11 ff 00 00 6d d0 00 d8 01 40 00 00 00 00 00 00 37 1a f4 d0 1b cd 0c bb 00 0e 04 2e 00 12 0b 58 00 14 00 f0 0f d0 00 d9 01 41 00 00 00 00 00 00 34 8c f8 3c 22 48 09 f8 00 0c 05 af 00 12 0b 54 00 14 00 f0 0f,gyro_20251020.txt
2025-10-20,,frame,94 a6 62 b2 9a b2 60 94 a6 62 b2 a0 a8 61 03 f0 42 11 ff 00 00 6e d0 00 da 01 43 00 00 00 00 00 00 35 9d fa 99 22 12 05 9a 00 0d 04 88 00 12 0b 54 01 28 00 f0 0f d0 00 db 01 44 00 00 00 00 00 00 34 38 fe 70 24 f0 01 7c 00 0c 01 b2 00 12 0b 66 02 1f 00 f0 0f,gyro_20251020.txt
2025-10-20,,frame,94 a6 62 b2 9a b2 60 94 a6 62 b2 a0 a8 61 03 f0 42 11 ff 00 00 6f d0 00 dc 01 46 00 00 00 00 00 00 cc 9b fd 53 da 1b 03 62 00 d0 01 58 00 12 0b 73 03 53 00 f0 0f d0 00 dd 01 47 00 00 00 00 00 00 cc cb f9 02 db 73 09 6f 03 aa 00 07 00 13 0b 72 02 07 00 f0 0f,gyro_20251020.txt
2025-10-20,,frame,94 a6 62 b2 9a b2 60 94 a6 62 b2 a0 a8 61 03 f0 42 11 ff 00 00 70 d0 00 de 01 49 00 00 00 00 00 00 d0 22 f2 bf da 90 0f 15 04 01 00 08 00 12 0b 55 00 14 00 f0 0f d0 00 df 01 4a 00 00 00 00 00 00 d1 58 ed c0 df 4c 16 b9 02 cc 00 08 00 88 0b 56 00 14 00 f0 0f,gyro_20251020.txt
2025-10-20,,frame,94 a6 62 b2 9a b2 60 94 a6 62 b2 a0 a8 61 03 f0 42 11 ff 00 00 72 d0 00 e2 01 4e 00 00 00 00 00 00 e5 ce db 64 ee 96 2a 07 00 0c 02 a2 00 12 0b 57 00 14 00 f0 0f d0 00 e3 01 50 00 00 00 00 00 00 f1 ca d6 f8 f6 39 2d fd 01 71 03 c1 00 11 0b 52 00 14 00 f0 0f,gyro_20251020.txt
2025-10-20,,frame,94 a6 62 b2 9a b2 60 94 a6 62 b2 a0 a8 61 03 f0 42 11 ff 00 00 73 d0 00 e4 01 51 00 00 00 00 00 00 fe 5a d5 60 00 7e 2f b6 03 34 02 8b 00 12 0b 50 00 14 00 f0 0f d0 00 e5 01 53 00 00 00 00 00 00 0a cd d6 da 0b e7 2e 4f 03 ea 00 0d 00 13 0b 4e 00 14 00 f0 0f,gyro_20251020.txt
2025-10-20,,frame,94 a6 62 b2 9a b2 60 94 a6 62 b2 a0 a8 61 03 f0 42 11 ff 00 00 74 d0 00 e6 01 54 00 00 00 00 00 00 16 c5 dc 0d 16 6b 2a 39 05 a2 00 07 00 13 0b 4d 00 13 00 f0 0f d0 00 e7 01 56 00 00 00 00 00 00 1f e1 e3 5f 20 62 22 cf 02 34 00 08 01 91 0b 4e 00 14 00 f0 0f,gyro_20251020.txt
2025-10-20,,frame,94 a6 62 b2 9a b2 60 94 a6 62 b2 a0 a8 61 03 f0 42 11 ff 00 00 75 d0 00 e8 01 57 00 00 00 00 00 00 26 88 ec f9 28 64 18 dc 00 4c 00 08 03 33 0b 4f 00 14 00 f0 0f d0 00 e9 01 59 00 00 00 00 00 00 2a 56 f8 3b 2d 8e 0c f9 00 0c 00 08 03 84 0b 50 00 14 00 f0 0f,gyro_20251020.txt
2025-10-20,,frame,94 a6 62 b2 9a b2 60 94 a6 62 b2 a0 a8 61 03 f0 42 11 ff 00 00 76 d0 00 ea 01 5a 00 00 00 00 00 00 d5 63 fb aa d0 72 00 33 00 0b 00 08 02 ee 0b 50 00 14 00 f0 0f d0 00 eb 01 5c 00 00 00 00 00 00 d9 0c ef b9 d1 e8 0d c2 00 0b 00 07 00 b3 0b 50 00 3c 00 f0 0f,gyro_20251020.txt
2025-10-20,,frame,94 a6 62 b2 9a b2 60 94 a6 62 b2 a0 a8 61 03 f0 42 11 ff 00 00 77 d0 00 ec 01 5d 00 00 00 00 00 00 e0 1a e5 5f d7 52 1a bb 00 0b 02 6a 00 12 0b 4f 00 15 00 f0 0f d0 00 ed 01 5e 00 00 00 00 00 00 e9 f6 dd 71 e0 5f 25 a0 00 0d 02 ff 00 11 0b 4e 00 14 00 f0 0f,gyro_20251020.txt
2025-10-20,,frame,94 a6 62 b2 9a b2 60 94 a6 62 b2 a0 a8 61 03 f0 42 11 ff 00 00 78 d0 00 ee 01 60 00 00 00 00 00 00 f5 df d8 ec ec 2f 2d 89 02 18 01 79 00 13 0b 4a 00 14 00 f0 0f d0 00 ef 01 61 00 00 00 00 00 00 02 dc d8 0e f9 80 31 7f 04 45 00 08 00 13 0b 47 00 15 00 f0 0f,gyro_20251020.txt
2025-10-20,,frame,94 a6 62 b2 9a b2 60 94 a6 62 b2 a0 a8 61 03 f0 42 11 ff 00 00 79 d0 00 f0 01 63 00 00 00 00 00 00 0f 6b db 36 07 21 31 8a 03 30 00 08 00 f5 0b 44 00 15 00 f0 0f d0 00 f1 01 64 00 00 00 00 00 00 1a 09 e0 c4 14 19 2d 26 00 f7 00 08 03 04 0b 43 00 14 00 f0 0f,gyro_20251020.txt
2025-10-20,,frame,94 a6 62 b2 9a b2 60 94 a6 62 b2 a0 a8 61 03 f0 42 11 ff 00 00 7a d0 00 f2 01 66 00 00 00 00 00 00 22 ee e9 7e 1e 5d 26 0c 00 0c 00 06 03 9a 0b 3c 00 66 00 f0 0f d0 00 f3 01 67 00 00 00 00 00 00 28 86 f2 b8 26 b8 1b e6 00 0b 00 08 02 64 0b 43 01 a7 00 f0 0f,gyro_20251020.txt
2025-10-20,,frame,94 a6 62 b2 9a b2 60 94 a6 62 b2 a0 a8 61 03 f0 42 11 ff 00 00 7b d0 00 f4 01 69 00 00 00 00 00 00 2b 9a fd b0 2b 8d 11 1d 00 0c 00 07 00 58 0b 43 03 c0 00 f0 0f d0 00 f5 01 6a 00 00 00 00 00 00 2b c9 08 d7 2d 75 05 df 00 0c 01 1f 00 12 0b 5a 03 30 00 f0 0f,gyro_20251020.txt
2025-10-20,,frame,94 a6 62 b2 9a b2 60 94 a6 62 b2 a0 a8 61 03 f0 42 11 ff 00 00 7c d0 00 f6 01 6c 00 00 00 00 00 00 d7 5c ed ae d2 78 05 f6 00 0d 02 bd 00 13 0b 69 01 65 00 f0 0f d0 00 f7 01 6d 00 00 00 00 00 00 dc 89 e3 c3 d5 b9 0f ec 00 0c 03 fa 00 12 0b 6e 00 3b 00 f0 0f,gyro_20251020.txt
2025-10-20,,frame,94 a6 62 b2 9a b2 60 94 a6 62 b2 a0 a8 61 03 f0 42 11 ff 00 00 7d d0 00 f8 01 6e 00 00 00 00 00 00 e4 53 db b2 da 9b 18 c6 01 34 02 fe 00 12 0b 6e 00 15 00 f0 0f d0 00 f9 01 70 00 00 00 00 00 00 ed 3f d7 08 e1 16 21 52 03 43 01 0a 00 12 0b 48 00 14 00 f0 0f,gyro_20251020.txt
2025-10-20,,frame,94 a6 62 b2 9a b2 60 94 a6 62 b2 a0 a8 61 03 f0 42 11 ff 00 00 7e d0 00 fa 01 71 00 00 00 00 00 00 f7 60 d3 63 e8 05 26 28 04 73 00 07 00 12 0b 47 00 14 00 f0 0f d0 00 fb 01 73 00 00 00 00 00 00 01 11 d1 bc ee fd 28 ce 02 7f 00 08 01 9e 0b 49 00 14 00 f0 0f,gyro_20251020.txt
2025-10-20,,frame,94 a6 62 b2 9a b2 60 94 a6 62 b2 a0 a8 61 03 f0 42 11 ff 00 00 7f d0 00 fc 01 74 00 00 00 00 00 00 09 2e d2 12 f5 79 2a 53 00 71 00 08 03 8a 0b 49 00 15 00 f0 0f d0 00 fd 01 76 00 00 00 00 00 00 12 18 d2 35 f9 78 28 5c 00 0c 00 08 03 67 0b 4a 00 84 00 f0 0f,gyro_20251020.txt
2025-10-23,,cmd,42 00 11 07 36 70 00 00 00 00 7f,gyro_20251023.txt
2025-10-23,,frame,94 a6 62 b2 9a b2 60 94 a6 62 b2 a0 a8 61 03 f0 42 aa 42 00 11 07 36 70 00 00 00 00 7f aa,gyro_20251023.txt
2025-10-23,,frame,94 a6 62 b2 9a b2 60 94 a6 62 b2 a0 a8 61 03 f0 42 11 ff 00 00 01 d0 00 00 00 06 00 00 00 00 00 00 07 1c d5 82 ff 74 2f 53 01 54 03 1e 00 12 0b 83 00 14 00 f0 0f d0 00 01 00 07 00 00 00 00 00 00 0e d4 d6 da 08 57 2d f8 03 5e 01 19 00 11 0b 84 00 15 00 f0 0f,gyro_20251023.txt
2025-10-23,,frame,94 a6 62 b2 9a b2 60 94 a6 62 b2 a0 a8 61 03 f0 42 11 ff 00 00 02 d0 00 02 00 08 00 00 00 00 00 00 18 b8 db 01 13 97 29 a0 04 3f 00 08 00 12 0b 84 00 40 00 f0 0f d0 00 03 00 0a 00 00 00 00 00 00 21 2c e2 ee 1d 8f 23 bc 02 80 00 08 01 60 0b 85 00 1f 00 f0 0f,gyro_20251023.txt
2025-10-23,,frame,94 a6 62 b2 9a b2 60 94 a6 62 b2 a0 a8 61 03 f0 42 11 ff 00 00 03 d0 00 04 00 0b 00 00 00 00 00 00 27 0c ed 30 26 3b 1b 7e 00 3b 00 05 03 04 0b 87 00 2b 00 f0 0f d0 00 05 00 0d 00 00 00 00 00 00 2a bf f8 76 2b f5 10 b9 00 0c 00 08 03 33 0b 86 00 2a 00 f0 0f,gyro_20251023.txt
2025-10-23,,frame,94 a6 62 b2 9a b2 60 94 a6 62 b2 a0 a8 61 03 f0 42 11 ff 00 00 04 d0 00 06 00 0e 00 00 00 00 00 00 2a 94 04 5e 2f 4b 05 3c 00 0b 00 07 02 df 0b 85 00 72 00 f0 0f d0 00 07 00 10 00 00 00 00 00 00 d8 1c f0 4b d0 ea 06 68 00 6d 00 07 01 59 0b 85 01 61 00 f0 0f,gyro_20251023.txt
2025-10-23,,frame,94 a6 62 b2 9a b2 60 94 a6 62 b2 a0 a8 61 03 f0 42 11 ff 00 00 05 d0 00 08 00 11 00 00 00 00 00 00 dd 7d e6 56 d3 eb 11 6a 00 0c 02 12 00 36 0b 84 01 16 00 f0 0f d0 00 09 00 13 00 00 00 00 00 00 e4 f8 de 3b d9 71 1b 2c 00 0c 03 94 00 12 0b 84 00 51 00 f0 0f,gyro_20251023.txt
2025-10-23,,frame,94 a6 62 b2 9a b2 60 94 a6 62 b2 a0 a8 61 03 f0 42 11 ff 00 00 06 d0 00 0a 00 14 00 00 00 00 00 00 ee 0d d7 65 e0 ea 22 0a 00 0c 03 a6 00 12 0b 83 00 15 00 f0 0f d0 00 0b 00 16 00 00 00 00 00 00 f7 aa d3 a1 e9 22 27 2d 00 0c 03 40 00 12 0b 83 00 15 00 f0 0f,gyro_20251023.txt
2025-10-23,,frame,94 a6 62 b2 9a b2 60 94 a6 62 b2 a0 a8 61 03 f0 42 11 ff 00 00 07 d0 00 0c 00 17 00 00 00 00 00 00 00 fb d2 04 f1 82 2a 13 00 12 02 76 00 11 0b 86 00 24 00 f0 0f d0 00 0d 00 18 00 00 00 00 00 00 09 a3 d1 dd f9 19 2a be 00 7d 01 23 00 12 0b 82 00 66 00 f0 0f,gyro_20251023.txt
2025-10-23,,frame,94 a6 62 b2 9a b2 60 94 a6 62 b2 a0 a8 61 03 f0 42 11 ff 00 00 08 d0 00 0e 00 1a 00 00 00 00 00 00 11 8a d2 7d ff b3 29 6f 01 2a 00 16 00 12 0b 82 00 5b 00 f0 0f d0 00 0f 00 1b 00 00 00 00 00 00 18 41 d3 d6 05 74 27 15 01 3f 00 07 00 82 0b 7f 00 3c 00 f0 0f,gyro_20251023.txt
2025-10-23,,frame,94 a6 62 b2 9a b2 60 94 a6 62 b2 a0 a8 61 03 f0 42 11 ff 00 00 09 d0 00 10 00 1d 00 00 00 00 00 00 1c 91 d7 2a 0b b6 26 69 00 87 01 b9 00 d7 0b 7b 00 14 00 f0 0f d0 00 11 00 1e 00 00 00 00 00 00 20 ce db 14 11 83 24 be 00 0c 04 18 00 40 0b 77 00 15 00 f0 0f,gyro_20251023.txt
2025-10-23,,frame,94 a6 62 b2 9a b2 60 94 a6 62 b2 a0 a8 61 03 f0 42 11 ff 00 00 0a d0 00 12 00 20 00 00 00 00 00 00 25 94 de c7 16 5b 20 de 00 0c 04 2a 00 12 0b 77 00 44 00 f0 0f d0 00 13 00 21 00 00 00 00 00 00 29 ff e3 97 1a cd 1c 67 00 0b 03 c9 00 11 0b 76 00 a0 00 f0 0f,gyro_20251023.txt
2025-10-23,,frame,94 a6 62 b2 9a b2 60 94 a6 62 b2 a0 a8 61 03 f0 42 11 ff 00 00 0b d0 00 14 00 23 00 00 00 00 00 00 2d 24 e9 dc 1f d2 17 91 00 d4 03 4d 00 11 0b 76 00 19 00 f0 0f d0 00 15 00 24 00 00 00 00 00 00 2f 81 f1 2d 24 0f 11 e0 02 8a 01 dd 00 11 0b 78 00 15 00 f0 0f,gyro_20251023.txt
2025-10-23,,frame,94 a6 62 b2 9a b2 60 94 a6 62 b2 a0 a8 61 03 f0 42 11 ff 00 00 0c d0 00 16 00 26 00 00 00 00 00 00 30 c2 f8 e0 27 43 0b 41 03 57 00 6a 00 12 0b 77 00 1a 00 f0 0f d0 00 17 00 27 00 00 00 00 00 00 31 d9 00 8b 27 fd 03 77 02 a9 00 07 00 12 0b 78 00 22 00 f0 0f,gyro_20251023.txt
2025-10-23,,frame,94 a6 62 b2 9a b2 60 94 a6 62 b2 a0 a8 61 03 f0 42 11 ff 00 00 0d d0 00 18 00 28 00 00 00 00 00 00 ce 50 f7 a4 d8 d6 04 d7 00 ca 00 28 00 41 0b 7a 00 63 00 f0 0f d0 00 19 00 2a 00 00 00 00 00 00 d1 bc ef 96 d9 01 0c dc 00 0c 01 c5 00 2d 0b 78 00 15 00 f0 0f,gyro_20251023.txt
2025-10-23,,frame,94 a6 62 b2 9a b2 60 94 a6 62 b2 a0 a8 61 03 f0 42 11 ff 00 00 0e d0 00 1a 00 2b 00 00 00 00 00 00 d6 0b e7 c3 db bc 14 ce 00 0b 03 4a 00 11 0b 75 00 15 00 f0 0f d0 00 1b 00 2d 00 00 00 00 00 00 dc ca e0 7b df c4 1c b3 00 0b 04 34 00 11 0b 72 00 15 00 f0 0f,gyro_20251023.txt
2025-10-23,,frame,94 a6 62 b2 9a b2 60 94 a6 62 b2 a0 a8 61 03 f0 42 11 ff 00 00 0f d0 00 1c 00 2e 00 00 00 00 00 00 e6 31 da 67 e5 7d 24 3e 00 1c 04 52 00 12 0b 6f 00 15 00 f0 0f d0 00 1d 00 30 00 00 00 00 00 00 f0 4c d5 af ef 18 2a 1b 02 04 02 79 00 13 0b 72 00 14 00 f0 0f,gyro_20251023.txt
2025-10-23,,frame,94 a6 62 b2 9a b2 60 94 a6 62 b2 a0 a8 61 03 f0 42 11 ff 00 00 10 d0 00 1e 00 31 00 00 00 00 00 00 fd 3d d4 56 f9 4b 2e 39 04 0a 00 7a 00 12 0b 6e 00 14 00 f0 0f d0 00 1f 00 33 00 00 00 00 00 00 09 b6 d5 dc 05 0a 2e e9 04 5f 00 08 00 12 0b 6e 00 14 00 f0 0f,gyro_20251023.txt
2025-10-23,,frame,94 a6 62 b2 9a b2 60 94 a6 62 b2 a0 a8 61 03 f0 42 11 ff 00 00 11 d0 00 20 00 34 00 00 00 00 00 00 15 06 da 80 10 be 2c 5b 02 13 00 07 01 d1 0b 6f 00 14 00 f0 0f d0 00 21 00 36 00 00 00 00 00 00 1e 64 e1 fe 1b 85 26 eb 00 22 00 08 03 8b 0b 70 00 15 00 f0 0f,gyro_20251023.txt
2025-10-23,,frame,94 a6 62 b2 9a b2 60 94 a6 62 b2 a0 a8 61 03 f0 42 11 ff 00 00 12 d0 00 22 00 37 00 00 00 00 00 00 25 c8 eb 39 24 2b 1e 79 00 0c 00 07 05 26 0b 6e 00 15 00 f0 0f d0 00 23 00 38 00 00 00 00 00 00 29 dd f6 22 2a bc 14 7d 00 0c 00 07 03 77 0b 6f 00 15 00 f0 0f,gyro_20251023.txt
2025-10-23,,frame,94 a6 62 b2 9a b2 60 94 a6 62 b2 a0 a8 61 03 f0 42 11 ff 00 00 13 d0 00 24 00 3a 00 00 00 00 00 00 2b bc 01 75 2d c1 09 60 00 b3 00 08 01 79 0b 6f 00 8c 00 f0 0f d0 00 25 00 3b 00 00 00 00 00 00 d5 20 f3 6e d2 37 01 df 00 72 03 bc 01 0e 0b 6e 00 91 00 f0 0f,gyro_20251023.txt
2025-10-23,,frame,94 a6 62 b2 9a b2 60 94 a6 62 b2 a0 a8 61 03 f0 42 11 ff 00 00 14 d0 00 26 00 3d 00 00 00 00 00 00 d9 86 e9 9e d3 d4 0c cb 00 0c 04 22 00 12 0b 6e 00 14 00 f0 0f d0 00 27 00 3e 00 00 00 00 00 00 df 24 e0 01 d9 13 15 d9 00 0c 04 09 00 11 0b 6f 00 15 00 f0 0f,gyro_20251023.txt
2025-10-23,,frame,94 a6 62 b2 9a b2 60 94 a6 62 b2 a0 a8 61 03 f0 42 11 ff 00 00 15 d0 00 28 00 40 00 00 00 00 00 00 e7 68 d9 3f df 69 1e 74 01 40 04 94 00 12 0b 6f 00 14 00 f0 0f d0 00 29 00 41 00 00 00 00 00 00 f1 4f d5 23 e7 1c 25 ba 03 79 02 5f 00 12 0b 70 00 13 00 f0 0f,gyro_20251023.txt
2025-10-23,,frame,94 a6 62 b2 9a b2 60 94 a6 62 b2 a0 a8 61 03 f0 42 11 ff 00 00 16 d0 00 2a 00 43 00 00 00 00 00 00 fb 84 d1 bb f0 a6 29 39 03 97 00 09 00 11 0b 72 00 15 00 f0 0f d0 00 2b 00 44 00 00 00 00 00 00 05 a8 d2 52 fa 01 2c 10 03 44 00 07 01 39 0b 73 00 15 00 f0 0f,gyro_20251023.txt
2025-10-23,,frame,94 a6 62 b2 9a b2 60 94 a6 62 b2 a0 a8 61 03 f0 42 11 ff 00 00 17 d0 00 2c 00 46 00 00 00 00 00 00 0f 68 d4 33 02 dd 2b f4 00 0c 00 08 02 96 0b 73 00 15 00 f0 0f d0 00 2d 00 47 00 00 00 00 00 00 18 7e d7 5c 0a c2 29 94 00 0c 00 07 02 ed 0b 72 00 15 00 f0 0f,gyro_20251023.txt
2025-10-23,,frame,94 a6 62 b2 9a b2 60 94 a6 62 b2 a0 a8 61 03 f0 42 11 ff 00 00 18 d0 00 2e 00 48 00 00 00 00 00 00 1f 2e dd 0a 12 d7 27 54 00 9c 00 06 04 62 0b 70 00 40 00 f0 0f d0 00 2f 00 4a 00 00 00 00 00 00 26 f2 e2 53 17 fe 21 83 00 7b 00 07 00 f6 0b 6e 00 61 00 f0 0f,gyro_20251023.txt
2025-10-23,,frame,94 a6 62 b2 9a b2 60 94 a6 62 b2 a0 a8 61 03 f0 42 11 ff 00 00 19 d0 00 30 00 4b 00 00 00 00 00 00 2c 5e e9 4f 1d 2f 1b 96 00 0c 01 71 00 11 0b 6f 02 ae 00 f0 0f d0 00 31 00 4d 00 00 00 00 00 00 2f 0c f1 67 22 c9 15 70 00 0c 02 6a 00 12 0b 6d 03 77 00 f0 0f,gyro_20251023.txt
2025-10-23,,frame,94 a6 62 b2 9a b2 60 94 a6 62 b2 a0 a8 61 03 f0 42 11 ff 00 00 1a d0 00 32 00 4e 00 00 00 00 00 00 32 8c f9 3b 24 23 0d c1 00 0b 01 ac 00 13 0b 6f 02 37 00 f0 0f d0 00 33 00 50 00 00 00 00 00 00 2e da 01 37 2a ec 07 8f 02 ba 00 ed 00 12 0b 6f 00 60 00 f0 0f,gyro_20251023.txt
2025-10-23,,frame,94 a6 62 b2 9a b2 60 94 a6 62 b2 a0 a8 61 03 f0 42 11 ff 00 00 1b d0 00 34 00 51 00 00 00 00 00 00 d2 04 f7 c4 d4 41 00 14 05 d9 00 07 00 11 0b 6f 00 3a 00 f0 0f d0 00 35 00 53 00 00 00 00 00 00 d3 c9 f0 8f d5 06 07 78 03 bb 00 07 00 9b 0b 72 00 2c 00 f0 0f,gyro_20251023.txt
2025-10-23,,frame,94 a6 62 b2 9a b2 60 94 a6 62 b2 a0 a8 61 03 f0 42 11 ff 00 00 1c d0 00 36 00 54 00 00 00 00 00 00 d7 29 e9 d7 d6 ad 0f 24 00 2f 00 08 01 d9 0b 73 00 28 00 f0 0f d0 00 37 00 56 00 00 00 00 00 00 db e0 e3 49 d9 e1 16 a8 00 0d 00 08 01 80 0b 75 00 68 00 f0 0f,gyro_20251023.txt
2025-10-23,,frame,94 a6 62 b2 9a b2 60 94 a6 62 b2 a0 a8 61 03 f0 42 11 ff 00 00 1d d0 00 38 00 57 00 00 00 00 00 00 e2 58 dd 4f de 89 1d e2 00 68 00 7b 00 cd 0b 72 00 a1 00 f0 0f d0 00 39 00 58 00 00 00 00 00 00 ea 1f d8 59 e5 2e 24 69 00 0c 03 93 00 11 0b 6f 00 15 00 f0 0f,gyro_20251023.txt
2025-10-23,,frame,94 a6 62 b2 9a b2 60 94 a6 62 b2 a0 a8 61 03 f0 42 11 ff 00 00 1e d0 00 3a 00 5a 00 00 00 00 00 00 f3 3f d4 a2 ed 9e 29 69 00 0c 04 80 00 11 0b 6d 00 15 00 f0 0f d0 00 3b 00 5b 00 00 00 00 00 00 fd 42 d2 ef f7 85 2c 8f 00 0c 04 6e 00 11 0b 6c 00 13 00 f0 0f,gyro_20251023.txt
2025-10-23,,frame,94 a6 62 b2 9a b2 60 94 a6 62 b2 a0 a8 61 03 f0 42 11 ff 00 00 1f d0 00 3c 00 5d 00 00 00 00 00 00 07 a5 d3 bf 02 3a 2d 8b 00 fc 03 3e 00 11 0b 6c 00 29 00 f0 0f d0 00 3d 00 5e 00 00 00 00 00 00 11 d3 d6 f9 0c f7 2b e6 03 4f 01 26 00 12 0b 6d 00 14 00 f0 0f,gyro_20251023.txt
2025-10-23,,frame,94 a6 62 b2 9a b2 60 94 a6 62 b2 a0 a8 61 03 f0 42 11 ff 00 00 20 d0 00 3e 00 60 00 00 00 00 00 00 1b 07 dc bc 17 59 27 b6 04 86 00 08 00 11 0b 6c 00 14 00 f0 0f d0 00 3f 00 61 00 00 00 00 00 00 22 a4 e5 21 20 e8 21 08 02 df 00 07 01 6a 0b 6c 00 15 00 f0 0f,gyro_20251023.txt
2025-10-23,,frame,94 a6 62 b2 9a b2 60 94 a6 62 b2 a0 a8 61 03 f0 42 11 ff 00 00 21 d0 00 40 00 63 00 00 00 00 00 00 28 42 ef 5a 28 8c 17 8c 00 81 00 08 03 19 0b 6d 00 15 00 f0 0f d0 00 41 00 64 00 00 00 00 00 00 2a ba fb 1f 2d cd 0c 34 00 0c 00 07 03 35 0b 6f 00 15 00 f0 0f,gyro_20251023.txt
2025-10-23,,frame,94 a6 62 b2 9a b2 60 94 a6 62 b2 a0 a8 61 03 f0 42 11 ff 00 00 22 d0 00 42 00 66 00 00 00 00 00 00 d5 e0 f8 a6 d0 62 00 27 00 0b 00 07 02 bb 0b 6f 00 3b 00 f0 0f d0 00 43 00 67 00 00 00 00 00 00 d9 ed ed 3e d1 cc 0c a4 00 45 00 10 00 f3 0b 71 00 ff 00 f0 0f,gyro_20251023.txt
2025-10-23,,frame,94 a6 62 b2 9a b2 60 94 a6 62 b2 a0 a8 61 03 f0 42 11 ff 00 00 23 d0 00 44 00 68 00 00 00 00 00 00 e0 b7 e3 7f d6 82 18 26 00 0b 01 d9 00 12 0b 6f 00 c6 00 f0 0f d0 00 45 00 6a 00 00 00 00 00 00 e9 c2 db bb de 02 21 9f 00 0c 03 0e 00 11 0b 6c 00 2d 00 f0 0f,gyro_20251023.txt
2025-10-23,,frame,94 a6 62 b2 9a b2 60 94 a6 62 b2 a0 a8 61 03 f0 42 11 ff 00 00 24 d0 00 46 00 6b 00 00 00 00 00 00 f4 10 d6 ca e7 7b 28 ab 00 0c 03 21 00 11 0b 6b 00 15 00 f0 0f d0 00 47 00 6d 00 00 00 00 00 00 ff a1 d3 f2 f1 5a 2c 0d 00 0c 02 ba 00 11 0b 6c 00 21 00 f0 0f,gyro_20251023.txt
2025-10-23,,frame,94 a6 62 b2 9a b2 60 94 a6 62 b2 a0 a8 61 03 f0 42 11 ff 00 00 25 d0 00 48 00 6e 00 00 00 00 00 00 09 ed d4 8d fb 66 2d b3 00 b0 01 43 00 12 0b 6a 00 69 00 f0 0f d0 00 49 00 70 00 00 00 00 00 00 14 14 d6 a0 04 3b 2c 4e 00 88 00 4d 00 11 0b 69 00 a8 00 f0 0f,gyro_20251023.txt
2025-10-23,,frame,94 a6 62 b2 9a b2 60 94 a6 62 b2 a0 a8 61 03 f0 42 11 ff 00 00 26 d0 00 4a 00 71 00 00 00 00 00 00 1d 7e da 24 0b 8b 28 bc 00 5f 00 07 01 5a 0b 66 00 4c 00 f0 0f d0 00 4b 00 73 00 00 00 00 00 00 23 b0 df c3 13 7f 25 75 00 c6 00 08 01 7d 0b 61 00 4d 00 f0 0f,gyro_20251023.txt
2025-10-23,,frame,94 a6 62 b2 9a b2 60 94 a6 62 b2 a0 a8 61 03 f0 42 11 ff 00 00 27 d0 00 4c 00 74 00 00 00 00 00 00 29 6a e5 f8 19 9f 20 5a 00 c7 00 4c 00 b9 0b 60 00 3d 00 f0 0f d0 00 4d 00 76 00 00 00 00 00 00 2e 66 ec cd 1d f1 1a 0b 00 1c 03 c0 00 70 0b 5d 00 15 00 f0 0f,gyro_20251023.txt
2025-10-23,,frame,94 a6 62 b2 9a b2 60 94 a6 62 b2 a0 a8 61 03 f0 42 11 ff 00 00 28 d0 00 4e 00 77 00 00 00 00 00 00 30 97 f4 5f 22 a1 14 03 00 0b 03 a0 00 11 0b 5d 00 c9 00 f0 0f d0 00 4f 00 78 00 00 00 00 00 00 32 e7 fb bc 24 48 0d 0d 00 0b 03 87 00 12 0b 5b 00 cd 00 f0 0f,gyro_20251023.txt
2025-10-23,,frame,94 a6 62 b2 9a b2 60 94 a6 62 b2 a0 a8 61 03 f0 42 11 ff 00 00 29 d0 00 50 00 7a 00 00 00 00 00 00 32 87 02 f7 26 95 06 c1 00 ce 03 8d 00 11 0b 5d 00 15 00 f0 0f d0 00 51 00 7b 00 00 00 00 00 00 30 86 09 62 28 a8 00 a9 02 8d 02 01 00 11 0b 5c 00 14 00 f0 0f,gyro_20251023.txt
2025-10-23,,frame,94 a6 62 b2 9a b2 60 94 a6 62 b2 a0 a8 61 03 f0 42 11 ff 00 00 2a d0 00 52 00 7d 00 00 00 00 00 00 cf d2 f0 57 d9 3e 05 39 03 1d 00 89 00 11 0b 5d 00 14 00 f0 0f d0 00 53 00 7e 00 00 00 00 00 00 d2 41 ea e1 da 20 0b 14 02 71 00 07 00 12 0b 60 00 49 00 f0 0f,gyro_20251023.txt
2025-10-23,,frame,94 a6 62 b2 9a b2 60 94 a6 62 b2 a0 a8 61 03 f0 42 11 ff 00 00 2c d0 00 56 00 83 00 00 00 00 00 00 de 70 db 92 e3 68 1c b7 00 0d 03 cc 00 12 0b 5b 00 14 00 f0 0f d0 00 57 00 84 00 00 00 00 00 00 e4 cf d6 86 ea 52 22 26 00 0c 04 77 00 10 0b 58 00 14 00 f0 0f,gyro_20251023.txt
2025-10-23,,frame,94 a6 62 b2 9a b2 60 94 a6 62 b2 a0 a8 61 03 f0 42 11 ff 00 00 2d d0 00 58 00 86 00 00 00 00 00 00 ee 7a d2 f4 f1 bf 27 74 00 0c 04 66 00 12 0b 57 00 14 00 f0 0f d0 00 59 00 87 00 00 00 00 00 00 fa 45 d1 86 fa eb 2b 54 01 f8 02 12 00 12 0b 56 00 5c 00 f0 0f,gyro_20251023.txt
2025-10-23,,frame,94 a6 62 b2 9a b2 60 94 a6 62 b2 a0 a8 61 03 f0 42 11 ff 00 00 2e d0 00 5a 00 88 00 00 00 00 00 00 06 60 d2 83 05 9d 2c 36 04 22 00 0b 00 12 0b 56 00 3d 00 f0 0f d0 00 5b 00 8a 00 00 00 00 00 00 12 40 d7 0e 10 1c 2a be 03 ff 00 07 00 3f 0b 56 00 13 00 f0 0f,gyro_20251023.txt
2025-10-23,,frame,94 a6 62 b2 9a b2 60 94 a6 62 b2 a0 a8 61 03 f0 42 11 ff 00 00 2f d0 00 5c 00 8b 00 00 00 00 00 00 1c 33 de 79 1a 34 26 9b 01 f5 00 08 02 58 0b 57 00 14 00 f0 0f d0 00 5d 00 8d 00 00 00 00 00 00 24 01 e7 b3 23 06 1f 58 00 0c 00 08 04 0a 0b 58 00 15 00 f0 0f,gyro_20251023.txt
2025-10-23,,frame,94 a6 62 b2 9a b2 60 94 a6 62 b2 a0 a8 61 03 f0 42 11 ff 00 00 30 d0 00 5e 00 8e 00 00 00 00 00 00 29 41 f2 78 29 b8 15 b1 00 0b 00 08 03 f0 0b 59 00 15 00 f0 0f d0 00 5f 00 90 00 00 00 00 00 00 2b 78 fd fb 2d bd 0a 82 00 11 00 06 03 6e 0b 59 00 4b 00 f0 0f,gyro_20251023.txt
2025-10-23,,frame,94 a6 62 b2 9a b2 60 94 a6 62 b2 a0 a8 61 03 f0 42 11 ff 00 00 31 d0 00 60 00 91 00 00 00 00 00 00 d4 c8 f6 73 d1 ca 01 47 00 bd 00 07 00 b3 0b 5a 00 bb 00 f0 0f d0 00 61 00 93 00 00 00 00 00 00 d8 e4 eb c0 d3 4f 0c 9b 00 0f 03 97 00 4b 0b 57 00 5e 00 f0 0f,gyro_20251023.txt
2025-10-23,,frame,94 a6 62 b2 9a b2 60 94 a6 62 b2 a0 a8 61 03 f0 42 11 ff 00 00 32 d0 00 62 00 94 00 00 00 00 00 00 de 86 e1 f1 d8 9c 16 cd 00 0c 04 7a 00 12 0b 57 00 10 00 f0 0f d0 00 63 00 96 00 00 00 00 00 00 e7 14 da 73 df 8d 1f d1 00 0b 04 7a 00 12 0b 5a 00 14 00 f0 0f,gyro_20251023.txt
2025-10-23,,frame,94 a6 62 b2 9a b2 60 94 a6 62 b2 a0 a8 61 03 f0 42 11 ff 00 00 33 d0 00 64 00 97 00 00 00 00 00 00 f1 84 d5 d2 e8 2f 27 3d 01 22 03 37 00 12 0b 5a 00 14 00 f0 0f d0 00 65 00 98 00 00 00 00 00 00 fc 77 d2 a1 f2 cd 2b 06 03 54 01 24 00 12 0b 5b 00 14 00 f0 0f,gyro_20251023.txt
2025-10-23,,frame,94 a6 62 b2 9a b2 60 94 a6 62 b2 a0 a8 61 03 f0 42 11 ff 00 00 34 d0 00 66 00 9a 00 00 00 00 00 00 07 9c d3 b4 fd 7c 2d 7e 04 3e 00 07 00 11 0b 5b 00 14 00 f0 0f d0 00 67 00 9b 00 00 00 00 00 00 12 52 d6 8d 07 dd 2c 81 02 61 00 08 01 6b 0b 5d 00 15 00 f0 0f,gyro_20251023.txt
2025-10-23,,frame,94 a6 62 b2 9a b2 60 94 a6 62 b2 a0 a8 61 03 f0 42 11 ff 00 00 35 d0 00 68 00 9d 00 00 00 00 00 00 1b d8 db bc 11 4e 29 4e 00 17 00 06 03 82 0b 5d 00 13 00 f0 0f d0 00 69 00 9e 00 00 00 00 00 00 22 a4 e3 90 1a b9 25 0f 00 0c 00 07 03 f7 0b 5d 00 15 00 f0 0f,gyro_20251023.txt
2025-10-23,,frame,94 a6 62 b2 9a b2 60 94 a6 62 b2 a0 a8 61 03 f0 42 11 ff 00 00 36 d0 00 6a 00 a0 00 00 00 00 00 00 2a 0c eb e5 20 31 1d ca 00 1a 00 08 04 1e 0b 5c 00 15 00 f0 0f d0 00 6b 00 a1 00 00 00 00 00 00 2e 39 f5 31 24 da 16 04 01 03 00 08 01 e1 0b 5b 01 25 00 f0 0f,gyro_20251023.txt
2025-10-23,,frame,94 a6 62 b2 9a b2 60 94 a6 62 b2 a0 a8 61 03 f0 42 11 ff 00 00 37 d0 00 6c 00 a3 00 00 00 00 00 00 2f 2b fe 35 28 d6 0e 28 00 0c 01 0d 00 11 0b 5b 03 41 00 f0 0f d0 00 6d 00 a4 00 00 00 00 00 00 30 c5 07 26 28 40 06 ce 00 0b 01 8c 00 11 0b 5c 02 ba 00 f0 0f,gyro_20251023.txt
2025-10-23,,frame,94 a6 62 b2 9a b2 60 94 a6 62 b2 a0 a8 61 03 f0 42 11 ff 00 00 38 d0 00 6e 00 a6 00 00 00 00 00 00 2f e6 0e 63 27 ef 00 0d 00 0c 02 44 00 13 0b 5c 02 0f 00 f0 0f d0 00 6f 00 a7 00 00 00 00 00 00 d1 79 eb 18 d9 c8 05 ca 02 68 01 fa 00 12 0b 6a 00 14 00 f0 0f,gyro_20251023.txt
2025-10-23,,frame,94 a6 62 b2 9a b2 60 94 a6 62 b2 a0 a8 61 03 f0 42 11 ff 00 00 39 d0 00 70 00 a8 00 00 00 00 00 00 d3 3a e5 4b dc 91 0b 14 03 b6 00 36 00 12 0b 5e 00 14 00 f0 0f d0 00 71 00 aa 00 00 00 00 00 00 d7 d8 e1 a6 dc 9e 11 9d 02 b4 00 08 00 12 0b 61 00 1e 00 f0 0f,gyro_20251023.txt
2025-10-23,,frame,94 a6 62 b2 9a b2 60 94 a6 62 b2 a0 a8 61 03 f0 42 11 ff 00 00 3a d0 00 72 00 ab 00 00 00 00 00 00 db 7a dc 27 e0 ec 16 9c 00 3d 00 07 00 cd 0b 62 00 a0 00 f0 0f d0 00 73 00 ad 00 00 00 00 00 00 e1 4b d7 c9 e4 ee 1c 58 00 72 00 07 00 dd 0b 62 00 cf 00 f0 0f,gyro_20251023.txt
2025-10-23,,frame,94 a6 62 b2 9a b2 60 94 a6 62 b2 a0 a8 61 03 f0 42 11 ff 00 00 3b d0 00 74 00 ae 00 00 00 00 00 00 e9 43 d4 70 e9 85 22 4b 00 72 02 1b 00 fe 0b 5e 00 93 00 f0 0f d0 00 75 00 b0 00 00 00 00 00 00 f1 56 d0 c0 f1 21 25 c8 00 0a 03 cf 00 11 0b 5f 00 15 00 f0 0f,gyro_20251023.txt
2025-10-23,,frame,94 a6 62 b2 9a b2 60 94 a6 62 b2 a0 a8 61 03 f0 42 11 ff 00 00 3c d0 00 76 00 b1 00 00 00 00 00 00 fb 59 cf f7 f8 e2 29 6e 00 0b 03 ff 00 11 0b 5a 00 14 00 f0 0f d0 00 77 00 b3 00 00 00 00 00 00 04 e3 cf 8c 02 46 29 76 00 0c 03 3b 00 11 0b 5a 00 b2 00 f0 0f,gyro_20251023.txt
2025-10-23,,frame,94 a6 62 b2 9a b2 60 94 a6 62 b2 a0 a8 61 03 f0 42 11 ff 00 00 3d d0 00 78 00 b4 00 00 00 00 00 00 0e c9 d2 82 0b 43 29 00 01 d2 02 98 00 11 0b 59 01 5c 00 f0 0f d0 00 79 00 b6 00 00 00 00 00 00 17 d1 d7 9d 14 34 26 98 04 bd 00 79 00 12 0b 74 00 93 00 f0 0f,gyro_20251023.txt
2025-10-23,,frame,94 a6 62 b2 9a b2 60 94 a6 62 b2 a0 a8 61 03 f0 42 11 ff 00 00 3e d0 00 7a 00 b7 00 00 00 00 00 00 1f e9 dd 4a 1c d8 20 43 04 08 00 08 00 12 0b 5b 00 14 00 f0 0f d0 00 7b 00 b9 00 00 00 00 00 00 25 e7 e8 b5 24 f4 1b 69 01 fa 00 06 01 b5 0b 5b 00 16 00 f0 0f,gyro_20251023.txt
2025-10-23,,frame,94 a6 62 b2 9a b2 60 94 a6 62 b2 a0 a8 61 03 f0 42 11 ff 00 00 3f d0 00 7c 00 ba 00 00 00 00 00 00 2a 25 f3 77 2b 3a 11 26 00 0c 00 07 02 de 0b 5e 00 15 00 f0 0f d0 00 7d 00 bb 00 00 00 00 00 00 2b 4b ff a6 2e da 05 2b 00 0c 00 06 03 8a 0b 5f 00 8c 00 f0 0f,gyro_20251023.txt
2025-10-23,,frame,94 a6 62 b2 9a b2 60 94 a6 62 b2 a0 a8 61 03 f0 42 11 ff 00 00 40 d0 00 7e 00 bd 00 00 00 00 00 00 d6 c7 f4 21 d1 1f 07 a2 00 23 00 0c 01 de 0b 5e 01 26 00 f0 0f d0 00 7f 00 be 00 00 00 00 00 00 dc 85 e8 e6 d4 64 14 0c 00 0c 00 db 00 37 0b 5e 01 0a 00 f0 0f,gyro_20251023.txt
2025-10-23,,frame,94 a6 62 b2 9a b2 60 94 a6 62 b2 a0 a8 61 03 f0 42 11 ff 00 00 41 d0 00 80 00 c0 00 00 00 00 00 00 e4 e2 df c0 db 39 1f 1e 00 0b 03 73 00 12 0b 5c 00 c5 00 f0 0f d0 00 81 00 c1 00 00 00 00 00 00 ef 77 d9 17 e4 a4 27 7f 00 0a 02 82 00 12 0b 5a 00 25 00 f0 0f,gyro_20251023.txt
2025-10-23,,frame,94 a6 62 b2 9a b2 60 94 a6 62 b2 a0 a8 61 03 f0 42 11 ff 00 00 42 d0 00 82 00 c3 00 00 00 00 00 00 fa ff d5 e0 ef da 2d 1e 01 3e 02 84 00 12 0b 59 00 6b 00 f0 0f d0 00 83 00 c4 00 00 00 00 00 00 07 06 d5 be fb 57 2f 52 03 0a 00 6b 00 12 0b 57 00 89 00 f0 0f,gyro_20251023.txt
2025-10-23,,frame,94 a6 62 b2 9a b2 60 94 a6 62 b2 a0 a8 61 03 f0 42 11 ff 00 00 43 d0 00 84 00 c6 00 00 00 00 00 00 12 19 d8 5e 06 9d 2e 69 01 e6 00 2b 01 56 0b 53 00 5c 00 f0 0f d0 00 85 00 c7 00 00 00 00 00 00 1b ff dd 62 10 90 2a e4 00 0c 00 07 02 79 0b 51 00 14 00 f0 0f,gyro_20251023.txt
2025-10-23,,frame,94 a6 62 b2 9a b2 60 94 a6 62 b2 a0 a8 61 03 f0 42 11 ff 00 00 44 d0 00 86 00 c9 00 00 00 00 00 00 23 69 e4 4d 19 d9 25 81 00 10 00 08 03 45 0b 4e 00 14 00 f0 0f d0 00 87 00 ca 00 00 00 00 00 00 28 f0 ec 3f 21 36 1e 72 00 ba 00 08 02 e7 0b 4b 00 1d 00 f0 0f,gyro_20251023.txt
2025-10-23,,frame,94 a6 62 b2 9a b2 60 94 a6 62 b2 a0 a8 61 03 f0 42 11 ff 00 00 45 d0 00 88 00 cb 00 00 00 00 00 00 2c 8e f4 d6 26 6a 16 9a 00 bb 00 60 00 d4 0b 49 00 27 00 f0 0f d0 00 89 00 cd 00 00 00 00 00 00 2e 0e fd 1e 29 ea 0e 7b 00 0c 03 3c 00 12 0b 48 01 08 00 f0 0f,gyro_20251023.txt
2025-10-23,,frame,94 a6 62 b2 9a b2 60 94 a6 62 b2 a0 a8 61 03 f0 42 11 ff 00 00 46 d0 00 8a 00 ce 00 00 00 00 00 00 2e 23 04 f3 2b 97 06 8c 00 0c 03 2a 00 12 0b 48 01 21 00 f0 0f d0 00 8b 00 d0 00 00 00 00 00 00 d3 2c f3 b1 d4 05 00 da 00 0c 03 d1 00 12 0b 48 00 83 00 f0 0f,gyro_20251023.txt
2025-10-23,,frame,94 a6 62 b2 9a b2 60 94 a6 62 b2 a0 a8 61 03 f0 42 11 ff 00 00 47 d0 00 8c 00 d1 00 00 00 00 00 00 d5 5c ed 12 d4 f0 08 0e 01 bb 02 ba 00 11 0b 48 00 15 00 f0 0f d0 00 8d 00 d3 00 00 00 00 00 00 d8 83 e6 f5 d6 d2 0e 9f 03 1a 01 1e 00 12 0b 48 00 15 00 f0 0f,gyro_20251023.txt
2025-10-23,,frame,94 a6 62 b2 9a b2 60 94 a6 62 b2 a0 a8 61 03 f0 42 11 ff 00 00 48 d0 00 8e 00 d4 00 00 00 00 00 00 dc 64 e1 63 d9 de 14 e6 03 1f 00 08 00 12 0b 4c 00 3e 00 f0 0f d0 00 8f 00 d6 00 00 00 00 00 00 e1 31 dc 5c dd de 1a ad 01 40 00 07 00 11 0b 4e 00 a7 00 f0 0f,gyro_20251023.txt
2025-10-23,,frame,94 a6 62 b2 9a b2 60 94 a6 62 b2 a0 a8 61 03 f0 42 11 ff 00 00 49 d0 00 90 00 d7 00 00 00 00 00 00 e6 97 d7 fb e3 08 1f c6 00 c8 00 08 00 52 0b 4e 00 85 00 f0 0f d0 00 91 00 d9 00 00 00 00 00 00 ed 26 d4 7a e9 26 24 63 00 79 01 80 00 78 0b 4a 00 2b 00 f0 0f,gyro_20251023.txt
2025-10-23,,frame,94 a6 62 b2 9a b2 60 94 a6 62 b2 a0 a8 61 03 f0 42 11 ff 00 00 4a d0 00 92 00 da 00 00 00 00 00 00 f4 b7 d1 f4 f0 91 28 21 00 0c 04 3a 00 1c 0b 46 00 15 00 f0 0f d0 00 93 00 db 00 00 00 00 00 00 fd 33 d0 e0 f9 01 2a a4 00 0d 03 ba 00 11 0b 44 00 a8 00 f0 0f,gyro_20251023.txt
2025-10-23,,frame,94 a6 62 b2 9a b2 60 94 a6 62 b2 a0 a8 61 03 f0 42 11 ff 00 00 4b d0 00 94 00 dd 00 00 00 00 00 00 06 7a d2 24 02 30 2c 1d 00 0b 02 48 00 11 0b 45 01 fd 00 f0 0f d0 00 95 00 de 00 00 00 00 00 00 0f 94 d4 b2 0b ef 2a d8 01 8d 00 b3 00 12 0b 41 02 0e 00 f0 0f,gyro_20251023.txt
2025-10-23,,frame,94 a6 62 b2 9a b2 60 94 a6 62 b2 a0 a8 61 03 f0 42 11 ff 00 00 4c d0 00 96 00 e0 00 00 00 00 00 00 18 70 d9 e5 15 44 27 ef 03 7b 00 07 00 13 0b 44 01 00 00 f0 0f d0 00 97 00 e1 00 00 00 00 00 00 20 67 e0 cb 1e 07 22 37 03 00 00 07 01 33 0b 65 00 14 00 f0 0f,gyro_20251023.txt
2025-10-23,,frame,94 a6 62 b2 9a b2 60 94 a6 62 b2 a0 a8 61 03 f0 42 11 ff 00 00 4d d0 00 98 00 e3 00 00 00 00 00 00 26 95 ea 69 25 ab 1a e0 01 17 00 08 03 13 0b 46 00 15 00 f0 0f d0 00 99 00 e4 00 00 00 00 00 00 2a bd f5 13 2b 26 10 fb 00 0c 00 07 04 00 0b 46 00 13 00 f0 0f,gyro_20251023.txt
2025-10-23,,frame,94 a6 62 b2 9a b2 60 94 a6 62 b2 a0 a8 61 03 f0 42 11 ff 00 00 4e d0 00 9a 00 e6 00 00 00 00 00 00 2b c0 00 b6 2e 56 05 dc 00 0a 00 08 03 b3 0b 48 00 15 00 f0 0f d0 00 9b 00 e7 00 00 00 00 00 00 d5 62 f4 14 d2 28 05 ff 00 61 00 07 02 96 0b 49 00 95 00 f0 0f,gyro_20251023.txt
2025-10-23,,frame,94 a6 62 b2 9a b2 60 94 a6 62 b2 a0 a8 61 03 f0 42 11 ff 00 00 4f d0 00 9c 00 e9 00 00 00 00 00 00 da 7e e9 88 d4 77 10 ff 00 82 01 87 00 d3 0b 49 00 a2 00 f0 0f d0 00 9d 00 ea 00 00 00 00 00 00 e0 e1 e0 1e da b9 1a dc 00 0d 04 38 00 11 0b 47 00 15 00 f0 0f,gyro_20251023.txt
2025-10-23,,frame,94 a6 62 b2 9a b2 60 94 a6 62 b2 a0 a8 61 03 f0 42 11 ff 00 00 50 d0 00 9e 00 eb 00 00 00 00 00 00 ea 0f d9 3c e2 bb 23 6e 00 0c 04 6d 00 11 0b 48 00 13 00 f0 0f d0 00 9f 00 ed 00 00 00 00 00 00 f4 8f d4 8b ed 02 29 6c 00 17 04 31 00 10 0b 5c 00 15 00 f0 0f,gyro_20251023.txt
2025-10-23,,frame,94 a6 62 b2 9a b2 60 94 a6 62 b2 a0 a8 61 03 f0 42 11 ff 00 00 51 d0 00 a0 00 ee 00 00 00 00 00 00 00 4c d2 fe f8 08 2c cc 02 4a 02 21 00 13 0b 49 00 15 00 f0 0f d0 00 a1 00 f0 00 00 00 00 00 00 0b ab d4 c7 03 82 2d 9a 04 54 00 0c 00 12 0b 4a 00 12 00 f0 0f,gyro_20251023.txt
2025-10-23,,frame,94 a6 62 b2 9a b2 60 94 a6 62 b2 a0 a8 61 03 f0 42 11 ff 00 00 52 d0 00 a2 00 f1 00 00 00 00 00 00 16 3c d9 43 0e 94 2b 75 03 f5 00 06 00 5b 0b 4a 00 15 00 f0 0f d0 00 a3 00 f3 00 00 00 00 00 00 1f 43 e0 6b 18 d3 26 cb 01 83 00 08 02 a0 0b 4d 00 16 00 f0 0f,gyro_20251023.txt
2025-10-23,,frame,94 a6 62 b2 9a b2 60 94 a6 62 b2 a0 a8 61 03 f0 42 11 ff 00 00 53 d0 00 a4 00 f4 00 00 00 00 00 00 26 4e e9 69 21 5c 1f b6 00 0c 00 0a 04 0d 0b 49 00 16 00 f0 0f d0 00 a5 00 f6 00 00 00 00 00 00 2b 4d f3 ce 27 51 16 f1 00 0a 00 08 04 3e 0b 4c 00 15 00 f0 0f,gyro_20251023.txt
2025-10-23,,frame,94 a6 62 b2 9a b2 60 94 a6 62 b2 a0 a8 61 03 f0 42 11 ff 00 00 54 d0 00 a6 00 f7 00 00 00 00 00 00 2d 43 fe 88 2b 31 0d 6a 00 30 00 07 03 d3 0b 4d 00 3d 00 f0 0f d0 00 a7 00 f9 00 00 00 00 00 00 2d 32 09 23 2c 2e 04 45 00 e0 00 07 00 b0 0b 4d 01 a4 00 f0 0f,gyro_20251023.txt
2025-10-23,,frame,94 a6 62 b2 9a b2 60 94 a6 62 b2 a0 a8 61 03 f0 42 11 ff 00 00 55 d0 00 a8 00 fa 00 00 00 00 00 00 d4 ca ed 1b d4 eb 03 f7 00 0c 02 0b 00 13 0b 4e 02 52 00 f0 0f d0 00 a9 00 fb 00 00 00 00 00 00 d8 3c e4 95 d7 99 0b 6d 00 0c 02 aa 00 12 0b 4f 01 b0 00 f0 0f,gyro_20251023.txt
2025-10-23,,frame,94 a6 62 b2 9a b2 60 94 a6 62 b2 a0 a8 61 03 f0 42 11 ff 00 00 56 d0 00 aa 00 fd 00 00 00 00 00 00 dc ae dc c7 db d0 11 47 00 0b 03 bc 00 11 0b 66 00 83 00 f0 0f d0 00 ab 00 fe 00 00 00 00 00 00 e2 7a d7 75 e0 04 17 9b 01 e1 02 78 00 12 0b 50 00 14 00 f0 0f,gyro_20251023.txt
2025-10-23,,frame,94 a6 62 b2 9a b2 60 94 a6 62 b2 a0 a8 61 03 f0 42 11 ff 00 00 57 d0 00 ac 01 00 00 00 00 00 00 00 e8 d6 d2 89 e5 ba 1c 52 02 d1 00 cd 00 11 0b 54 00 14 00 f0 0f d0 00 ad 01 01 00 00 00 00 00 00 ef c6 ce 83 ec 84 1f af 02 21 00 07 00 12 0b 55 00 60 00 f0 0f,gyro_20251023.txt
2025-10-23,,frame,94 a6 62 b2 9a b2 60 94 a6 62 b2 a0 a8 61 03 f0 42 11 ff 00 00 58 d0 00 ae 01 03 00 00 00 00 00 00 f7 a9 cd 11 f3 25 23 98 00 64 00 07 00 98 0b 56 00 ae 00 f0 0f d0 00 af 01 04 00 00 00 00 00 00 ff 74 cc 50 fa 36 25 4b 00 39 00 e8 00 b3 0b 54 00 78 00 f0 0f,gyro_20251023.txt
2025-10-23,,frame,94 a6 62 b2 9a b2 60 94 a6 62 b2 a0 a8 61 03 f0 42 11 ff 00 00 59 d0 00 b0 01 06 00 00 00 00 00 00 07 36 cd dd 00 f9 27 1c 00 0c 03 43 00 45 0b 50 00 15 00 f0 0f d0 00 b1 01 07 00 00 00 00 00 00 0e 80 d0 56 07 eb 27 63 00 0c 04 5b 00 12 0b 47 00 15 00 f0 0f,gyro_20251023.txt
2025-10-23,,frame,94 a6 62 b2 9a b2 60 94 a6 62 b2 a0 a8 61 03 f0 42 11 ff 00 00 5a d0 00 b2 01 09 00 00 00 00 00 00 15 93 d2 c6 0e b6 24 ff 00 0b 03 ba 00 12 0b 4c 00 95 00 f0 0f d0 00 b3 01 0a 00 00 00 00 00 00 1c 2a d7 89 15 6c 22 bc 00 1f 02 c6 00 11 0b 4c 01 4d 00 f0 0f,gyro_20251023.txt
2025-10-23,,frame,94 a6 62 b2 9a b2 60 94 a6 62 b2 a0 a8 61 03 f0 42 11 ff 00 00 5b d0 00 b4 01 0c 00 00 00 00 00 00 22 0b dd 8b 1c 4c 1e ce 02 81 01 27 00 12 0b 6b 00 9f 00 f0 0f d0 00 b5 01 0d 00 00 00 00 00 00 28 0a e4 46 21 f8 17 e1 04 73 00 08 00 13 0b 4e 00 15 00 f0 0f,gyro_20251023.txt
2025-10-23,,frame,94 a6 62 b2 9a b2 60 94 a6 62 b2 a0 a8 61 03 f0 42 11 ff 00 00 5c d0 00 b6 01 0e 00 00 00 00 00 00 2b fc ee 24 27 a0 10 81 03 c2 00 07 00 56 0b 4e 00 14 00 f0 0f d0 00 b7 01 10 00 00 00 00 00 00 2e a4 f8 86 2a c9 05 d4 01 88 00 07 01 be 0b 50 00 16 00 f0 0f,gyro_20251023.txt
2025-10-23,,frame,94 a6 62 b2 9a b2 60 94 a6 62 b2 a0 a8 61 03 f0 42 11 ff 00 00 5d d0 00 b8 01 11 00 00 00 00 00 00 d2 2a fb 23 d3 e9 05 45 00 0b 00 08 02 28 0b 52 00 56 00 f0 0f d0 00 b9 01 13 00 00 00 00 00 00 d6 d0 ee d8 d5 2e 10 7a 00 0c 00 08 01 00 0b 52 00 e2 00 f0 0f,gyro_20251023.txt
2025-10-23,,frame,94 a6 62 b2 9a b2 60 94 a6 62 b2 a0 a8 61 03 f0 42 11 ff 00 00 5e d0 00 ba 01 14 00 00 00 00 00 00 dd fb e4 5f da 33 1b 52 00 0b 01 55 00 24 0b 4d 00 a4 00 f0 0f d0 00 bb 01 16 00 00 00 00 00 00 e8 76 dc 3d e1 a3 24 9f 00 0d 02 bb 00 11 0b 4e 00 2f 00 f0 0f,gyro_20251023.txt
2025-10-23,,frame,94 a6 62 b2 9a b2 60 94 a6 62 b2 a0 a8 61 03 f0 42 11 ff 00 00 5f d0 00 bc 01 17 00 00 00 00 00 00 f4 22 d7 45 ec 61 2b b8 00 36 02 e6 00 12 0b 48 00 14 00 f0 0f d0 00 bd 01 19 00 00 00 00 00 00 00 9e d5 a2 f8 97 2f 64 02 30 01 60 00 12 0b 49 00 15 00 f0 0f,gyro_20251023.txt
2025-10-23,,frame,94 a6 62 b2 9a b2 60 94 a6 62 b2 a0 a8 61 03 f0 42 11 ff 00 00 60 d0 00 be 01 1a 00 00 00 00 00 00 0c b7 d7 c9 05 51 2f d7 03 a1 00 08 00 11 0b 44 00 14 00 f0 0f d0 00 bf 01 1c 00 00 00 00 00 00 17 eb dc bf 11 2f 2c 90 02 5e 00 0a 00 e7 0b 45 00 12 00 f0 0f,gyro_20251023.txt
2025-10-23,,frame,94 a6 62 b2 9a b2 60 94 a6 62 b2 a0 a8 61 03 f0 42 11 ff 00 00 61 d0 00 c0 01 1d 00 00 00 00 00 00 20 de e4 33 1b b4 26 69 00 47 00 08 02 f9 0b 43 00 13 00 f0 0f d0 00 c1 01 1e 00 00 00 00 00 00 27 8f ed 7f 23 c6 1e 27 00 0c 00 07 03 89 0b 42 00 14 00 f0 0f,gyro_20251023.txt
2025-10-23,,frame,94 a6 62 b2 9a b2 60 94 a6 62 b2 a0 a8 61 03 f0 42 11 ff 00 00 62 d0 00 c2 01 20 00 00 00 00 00 00 2b 83 f7 83 29 57 14 8a 00 0c 00 07 03 c5 0b 3f 00 15 00 f0 0f d0 00 c3 01 21 00 00 00 00 00 00 2c f4 01 c6 2c 3f 0a b0 00 f1 00 08 02 97 0b 3f 00 4c 00 f0 0f,gyro_20251023.txt
2025-10-23,,frame,94 a6 62 b2 9a b2 60 94 a6 62 b2 a0 a8 61 03 f0 42 11 ff 00 00 63 d0 00 c4 01 23 00 00 00 00 00 00 2c 81 0b 80 2c 84 01 4f 00 2d 01 be 00 9f 0b 3e 01 d2 00 f0 0f d0 00 c5 01 24 00 00 00 00 00 00 d6 9d ec 60 d4 02 07 e7 00 0c 03 6a 00 12 0b 3b 02 5e 00 f0 0f,gyro_20251023.txt
2025-10-23,,frame,94 a6 62 b2 9a b2 60 94 a6 62 b2 a0 a8 61 03 f0 42 11 ff 00 00 64 d0 00 c6 01 26 00 00 00 00 00 00 da c8 e4 d3 d6 bf 10 70 00 0c 02 c5 00 12 0b 40 01 2d 00 f0 0f d0 00 c7 01 27 00 00 00 00 00 00 e0 4a de 3d da f8 18 12 01 9a 03 ec 00 12 0b 62 00 45 00 f0 0f,gyro_20251023.txt
2025-10-23,,frame,94 a6 62 b2 9a b2 60 94 a6 62 b2 a0 a8 61 03 f0 42 11 ff 00 00 65 d0 00 c8 01 29 00 00 00 00 00 00 e7 0e d8 e9 e0 41 1e a0 03 a5 02 0b 00 12 0b 3c 00 27 00 f0 0f d0 00 c9 01 2a 00 00 00 00 00 00 ee 74 d4 dc e6 b7 23 e2 03 7b 00 08 00 11 0b 3f 00 28 00 f0 0f,gyro_20251023.txt
2025-10-23,,frame,94 a6 62 b2 9a b2 60 94 a6 62 b2 a0 a8 61 03 f0 42 11 ff 00 00 66 d0 00 ca 01 2c 00 00 00 00 00 00 f6 3e d2 49 ed db 27 c6 02 ff 00 07 00 b5 0b 41 00 74 00 f0 0f d0 00 cb 01 2d 00 00 00 00 00 00 fd fe d1 1d f5 4e 2a 2e 00 0c 00 08 02 05 0b 42 00 32 00 f0 0f,gyro_20251023.txt
2025-10-23,,frame,94 a6 62 b2 9a b2 60 94 a6 62 b2 a0 a8 61 03 f0 42 11 ff 00 00 67 d0 00 cc 01 2e 00 00 00 00 00 00 05 94 d1 11 fc c5 2b 08 00 4c 00 08 01 ed 0b 42 00 36 00 f0 0f d0 00 cd 01 30 00 00 00 00 00 00 0c ae d2 1a 04 11 2a 91 00 bb 00 06 00 f3 0b 3d 00 35 00 f0 0f,gyro_20251023.txt
2025-10-23,,frame,94 a6 62 b2 9a b2 60 94 a6 62 b2 a0 a8 61 03 f0 42 11 ff 00 00 68 d0 00 ce 01 31 00 00 00 00 00 00 13 41 d4 66 0b 6a 29 28 00 1e 03 ff 00 c5 0b 3b 01 1e 00 f0 0f d0 00 cf 01 33 00 00 00 00 00 00 19 bb d7 f0 12 66 26 9b 00 0c 01 46 00 12 0b 3e 02 a5 00 f0 0f,gyro_20251023.txt
2025-10-23,,frame,94 a6 62 b2 9a b2 60 94 a6 62 b2 a0 a8 61 03 f0 42 11 ff 00 00 69 d0 00 d0 01 34 00 00 00 00 00 00 1f b7 dc f3 19 92 22 c0 00 0b 01 92 00 11 0b 3a 04 3c 00 f0 0f d0 00 d1 01 36 00 00 00 00 00 00 25 55 e3 c8 20 60 1d 4a 02 52 00 06 00 12 0b 3b 03 80 00 f0 0f,gyro_20251023.txt
2025-10-23,,frame,94 a6 62 b2 9a b2 60 94 a6 62 b2 a0 a8 61 03 f0 42 11 ff 00 00 6a d0 00 d2 01 37 00 00 00 00 00 00 29 d6 ec 7f 26 84 15 f4 04 0a 00 07 00 17 0b 58 01 85 00 f0 0f d0 00 d3 01 39 00 00 00 00 00 00 2c 99 f6 d1 2b 1e 0c c9 01 d2 00 08 01 f6 0b 3d 00 14 00 f0 0f,gyro_20251023.txt
2025-10-23,,frame,94 a6 62 b2 9a b2 60 94 a6 62 b2 a0 a8 61 03 f0 42 11 ff 00 00 6b d0 00 d4 01 3a 00 00 00 00 00 00 28 8b 07 89 30 1d 08 f6 00 10 00 07 03 9f 0b 3d 00 14 00 f0 0f d0 00 d5 01 3c 00 00 00 00 00 00 d5 4c f4 7f d2 18 05 b2 00 0c 00 08 03 b9 0b 3e 00 15 00 f0 0f,gyro_20251023.txt
2025-10-23,,frame,94 a6 62 b2 9a b2 60 94 a6 62 b2 a0 a8 61 03 f0 42 11 ff 00 00 6c d0 00 d6 01 3d 00 00 00 00 00 00 d9 2b ea a8 d5 1b 11 1a 00 0c 00 08 03 37 0b 3c 00 6e 00 f0 0f d0 00 d7 01 3e 00 00 00 00 00 00 df f1 e1 82 da 71 1a fb 00 64 00 06 00 ba 0b 40 00 f9 00 f0 0f,gyro_20251023.txt
2025-10-23,,frame,94 a6 62 b2 9a b2 60 94 a6 62 b2 a0 a8 61 03 f0 42 11 ff 00 00 6d d0 00 d8 01 40 00 00 00 00 00 00 e7 fc d9 d1 e3 0f 22 fb 00 0c 03 8a 00 2c 0b 3f 00 85 00 f0 0f d0 00 d9 01 41 00 00 00 00 00 00 f3 3d d5 5e ec 1c 29 79 00 1d 08 6a 00 a5 0b 32 00 dc 00 f0 0f,gyro_20251023.txt
2025-10-23,,frame,94 a6 62 b2 9a b2 60 94 a6 62 b2 a0 a8 61 03 f0 42 11 ff 00 00 6e d0 00 da 01 43 00 00 00 00 00 00 fe 57 d2 96 f7 a2 2c 48 00 09 0a 07 00 73 0b 57 00 e8 00 f0 0f d0 00 db 01 44 00 00 00 00 00 00 0a 1c d4 05 02 fb 2d 48 01 b7 03 c2 00 11 0b 67 00 14 00 f0 0f,gyro_20251023.txt
2025-10-23,,frame,94 a6 62 b2 9a b2 60 94 a6 62 b2 a0 a8 61 03 f0 42 11 ff 00 00 6f d0 00 dc 01 46 00 00 00 00 00 00 14 de d8 34 0e 46 2b 47 03 9f 01 27 00 12 0b 3c 00 14 00 f0 0f d0 00 dd 01 47 00 00 00 00 00 00 1e c5 de 56 18 48 25 c5 04 b7 00 06 00 11 0b 41 00 2e 00 f0 0f,gyro_20251023.txt
2025-10-23,,frame,94 a6 62 b2 9a b2 60 94 a6 62 b2 a0 a8 61 03 f0 42 11 ff 00 00 70 d0 00 de 01 49 00 00 00 00 00 00 25 97 e8 16 21 a3 1f 4e 02 9e 00 07 01 c3 0b 42 00 15 00 f0 0f d0 00 df 01 4a 00 00 00 00 00 00 2b 19 f2 73 27 d6 15 a2 00 49 00 08 03 ca 0b 44 00 15 00 f0 0f,gyro_20251023.txt
2025-10-23,,frame,94 a6 62 b2 9a b2 60 94 a6 62 b2 a0 a8 61 03 f0 42 11 ff 00 00 71 d0 00 e0 01 4c 00 00 00 00 00 00 2c e5 fe 22 2c 26 0b 4f 00 0c 00 08 04 29 0b 45 00 15 00 f0 0f d0 00 e1 01 4d 00 00 00 00 00 00 2b 9a 09 46 2d ec 00 50 00 0c 00 08 04 19 0b 45 00 56 00 f0 0f,gyro_20251023.txt
2025-10-23,,frame,94 a6 62 b2 9a b2 60 94 a6 62 b2 a0 a8 61 03 f0 42 11 ff 00 00 72 d0 00 e2 01 4f 00 00 00 00 00 00 d7 5c eb 72 d4 0b 09 78 00 9c 00 12 02 45 0b 45 01 09 00 f0 0f d0 00 e3 01 50 00 00 00 00 00 00 dd 53 e2 93 d7 43 13 31 00 93 02 4e 00 85 0b 6b 01 21 00 f0 0f,gyro_20251023.txt
2025-10-23,,frame,94 a6 62 b2 9a b2 60 94 a6 62 b2 a0 a8 61 03 f0 42 11 ff 00 00 73 d0 00 e4 01 51 00 00 00 00 00 00 e5 21 dc 22 dc 2b 1c 58 00 0c 03 f6 00 11 0b 6a 00 a0 00 f0 0f d0 00 e5 01 53 00 00 00 00 00 00 ed 4c d5 71 e3 8b 21 8c 00 0d 04 61 00 12 0b 6f 00 1f 00 f0 0f,gyro_20251023.txt
2025-10-23,,frame,94 a6 62 b2 9a b2 60 94 a6 62 b2 a0 a8 61 03 f0 42 11 ff 00 00 74 d0 00 e6 01 54 00 00 00 00 00 00 f5 ee d3 41 eb 1d 27 72 00 1f 04 39 00 12 0b 47 00 15 00 f0 0f d0 00 e7 01 56 00 00 00 00 00 00 fe 92 d0 2c f2 e6 28 6f 01 a8 02 88 00 13 0b 48 00 14 00 f0 0f,gyro_20251023.txt
2025-10-23,,frame,94 a6 62 b2 9a b2 60 94 a6 62 b2 a0 a8 61 03 f0 42 11 ff 00 00 75 d0 00 e8 01 57 00 00 00 00 00 00 06 5a cf 5e f9 f4 28 ab 02 0b 01 11 00 13 0b 4b 00 14 00 f0 0f d0 00 e9 01 59 00 00 00 00 00 00 0c 4d d1 32 00 b3 29 e0 00 93 00 51 00 8c 0b 4d 00 7c 00 f0 0f,gyro_20251023.txt
2025-10-23,,frame,94 a6 62 b2 9a b2 60 94 a6 62 b2 a0 a8 61 03 f0 42 11 ff 00 00 76 d0 00 ea 01 5a 00 00 00 00 00 00 12 40 d2 9f 07 36 28 a4 00 60 00 65 00 e2 0b 4d 00 74 00 f0 0f d0 00 eb 01 5c 00 00 00 00 00 00 17 53 d5 d6 0d 97 27 dd 00 0c 02 63 00 90 0b 49 00 36 00 f0 0f,gyro_20251023.txt
2025-10-23,,frame,94 a6 62 b2 9a b2 60 94 a6 62 b2 a0 a8 61 03 f0 42 11 ff 00 00 77 d0 00 ec 01 5d 00 00 00 00 00 00 1c 7a d9 e5 14 00 25 db 00 0b 04 41 00 13 0b 45 00 14 00 f0 0f d0 00 ed 01 5f 00 00 00 00 00 00 21 9b de 86 1a 3d 22 06 00 0d 04 47 00 12 0b 42 00 2a 00 f0 0f,gyro_20251023.txt
2025-10-23,,frame,94 a6 62 b2 9a b2 60 94 a6 62 b2 a0 a8 61 03 f0 42 11 ff 00 00 78 d0 00 ee 01 60 00 00 00 00 00 00 26 52 e4 e9 20 02 1d 7b 00 0d 03 47 00 12 0b 44 01 27 00 f0 0f d0 00 ef 01 61 00 00 00 00 00 00 2a 51 ec 1f 25 36 16 ed 01 5b 02 21 00 13 0b 62 00 de 00 f0 0f,gyro_20251023.txt
2025-10-23,,frame,94 a6 62 b2 9a b2 60 94 a6 62 b2 a0 a8 61 03 f0 42 11 ff 00 00 79 d0 00 f0 01 63 00 00 00 00 00 00 2d 1a f4 75 29 47 0f 00 03 c8 00 9e 00 12 0b 6e 00 14 00 f0 0f d0 00 f1 01 64 00 00 00 00 00 00 2e 55 fd e8 2b b4 05 ea 04 6c 00 07 00 11 0b 44 00 28 00 f0 0f,gyro_20251023.txt
2025-10-23,,frame,94 a6 62 b2 9a b2 60 94 a6 62 b2 a0 a8 61 03 f0 42 11 ff 00 00 7a d0 00 f2 01 66 00 00 00 00 00 00 d2 82 f8 6a d3 ce 03 f9 02 e0 00 08 00 b3 0b 46 00 15 00 f0 0f d0 00 f3 01 67 00 00 00 00 00 00 d5 a6 ee be d5 7e 0e 0c 00 8e 00 07 01 e3 0b 49 00 30 00 f0 0f,gyro_20251023.txt
2025-10-23,,frame,94 a6 62 b2 9a b2 60 94 a6 62 b2 a0 a8 61 03 f0 42 11 ff 00 00 7b d0 00 f4 01 69 00 00 00 00 00 00 db 14 e5 c3 d9 b0 18 04 00 0c 00 08 01 6a 0b 4a 00 ae 00 f0 0f d0 00 f5 01 6a 00 00 00 00 00 00 e3 47 de 07 e0 27 21 34 00 0c 01 38 00 78 0b 48 00 90 00 f0 0f,gyro_20251023.txt
2025-10-23,,frame,94 a6 62 b2 9a b2 60 94 a6 62 b2 a0 a8 61 03 f0 42 11 ff 00 00 7c d0 00 f6 01 6c 00 00 00 00 00 00 ec 39 d7 ce ea b9 28 73 00 0d 03 33 00 13 0b 45 00 14 00 f0 0f d0 00 f7 01 6d 00 00 00 00 00 00 f9 a5 d5 30 f4 dd 2d d0 00 0d 03 dd 00 12 0b 43 00 15 00 f0 0f,gyro_20251023.txt
2025-10-23,,frame,94 a6 62 b2 9a b2 60 94 a6 62 b2 a0 a8 61 03 f0 42 11 ff 00 00 7d d0 00 f8 01 6f 00 00 00 00 00 00 06 47 d5 9f 01 b3 2f 84 01 79 02 cb 00 11 0b 3f 00 14 00 f0 0f d0 00 f9 01 70 00 00 00 00 00 00 12 77 d9 d9 0e 7a 2d b7 03 9a 00 ea 00 12 0b 38 00 13 00 f0 0f,gyro_20251023.txt
2025-10-23,,frame,94 a6 62 b2 9a b2 60 94 a6 62 b2 a0 a8 61 03 f0 42 11 ff 00 00 7e d0 00 fa 01 71 00 00 00 00 00 00 1c e2 e0 e8 1a 2d 28 1f 04 8c 00 08 00 11 0b 3c 00 14 00 f0 0f d0 00 fb 01 73 00 00 00 00 00 00 24 8f ea 9d 23 d7 1f e6 02 53 00 08 01 e6 0b 3c 00 14 00 f0 0f,gyro_20251023.txt
2025-10-23,,frame,94 a6 62 b2 9a b2 60 94 a6 62 b2 a0 a8 61 03 f0 42 11 ff 00 00 7f d0 00 fc 01 74 00 00 00 00 00 00 29 96 f5 d3 2a 65 15 96 00 3f 00 07 03 e0 0b 3c 00 15 00 f0 0f d0 00 fd 01 76 00 00 00 00 00 00 2b 5e 01 95 2d e0 0a 69 00 0a 00 05 04 49 0b 3b 00 14 00 f0 0f,gyro_20251023.txt
2025-10-28,,cmd,42 00 11 07 36 70 00 00 00 00 7f,gyro_20251028.txt
2025-10-28,,frame,94 a6 62 b2 9a b2 60 94 a6 62 b2 a0 a8 61 03 f0 42 aa 42 00 11 07 36 70 00 00 00 00 7f aa,gyro_20251028.txt
2025-10-28,,frame,94 a6 62 b2 9a b2 60 94 a6 62 b2 a0 a8 61 03 f0 42 11 ff 00 00 01 d0 00 00 00 06 06 af da 0c fc b3 00 00 00 00 00 00 00 00 00 0e 00 7d 00 0d 0b 8a 04 4e 00 f0 0f d0 00 01 00 07 0d 0f db 5d 05 68 00 00 00 00 00 00 00 00 00 0f 00 cc 00 0c 0b 8d 03 f9 00 f0 0f,gyro_20251028.txt
2025-10-28,,frame,94 a6 62 b2 9a b2 60 94 a6 62 b2 a0 a8 61 03 f0 42 11 ff 00 00 02 d0 00 02 00 09 15 32 df 2c 10 6c 00 00 00 00 00 00 00 00 00 0d 01 0f 00 0d 0b 88 03 bc 00 f0 0f d0 00 03 00 0a 1c 22 e4 b1 1a 87 00 00 00 00 00 00 00 00 00 0e 01 2a 00 0c 0b 8b 03 96 00 f0 0f,gyro_20251028.txt
2025-10-28,,frame,94 a6 62 b2 9a b2 60 94 a6 62 b2 a0 a8 61 03 f0 42 11 ff 00 00 03 d0 00 04 00 0c 21 d2 eb 92 22 f6 00 00 00 00 00 00 00 00 00 0e 01 26 00 0d 0b 8b 03 95 00 f0 0f d0 00 05 00 0d 25 f0 f3 3f 29 8a 00 00 00 00 00 00 00 00 00 0f 01 1e 00 0d 0b 8b 03 9a 00 f0 0f,gyro_20251028.txt
2025-10-28,,frame,94 a6 62 b2 9a b2 60 94 a6 62 b2 a0 a8 61 03 f0 42 11 ff 00 00 04 d0 00 06 00 0e 28 43 fb 88 2e 11 00 00 00 00 00 00 00 00 00 0e 00 f9 00 0d 0b 8e 03 b3 00 f0 0f d0 00 07 00 10 29 0c 04 51 30 2c 00 00 00 00 00 00 00 00 00 0e 00 cf 00 0d 0b 8d 03 df 00 f0 0f,gyro_20251028.txt
2025-10-28,,frame,94 a6 62 b2 9a b2 60 94 a6 62 b2 a0 a8 61 03 f0 42 11 ff 00 00 05 d0 00 08 00 11 d8 51 f3 7b cf 64 00 00 00 00 00 00 00 00 00 0e 00 9e 00 0c 0b 8e 04 0e 00 f0 0f d0 00 09 00 13 da d6 eb 8c d1 57 00 00 00 00 00 00 00 00 00 8e 00 30 00 0e 0b 90 03 d5 00 f0 0f,gyro_20251028.txt
2025-10-28,,frame,94 a6 62 b2 9a b2 60 94 a6 62 b2 a0 a8 61 03 f0 42 11 ff 00 00 06 d0 00 0a 00 14 de d3 e4 27 d5 36 00 00 00 00 00 00 00 00 01 6d 00 0a 00 0e 0b 8c 03 4b 00 f0 0f d0 00 0b 00 16 e5 46 de a8 d9 c0 00 00 00 00 00 00 00 00 02 48 00 0a 00 0c 0b 8f 02 99 00 f0 0f,gyro_20251028.txt
2025-10-28,,frame,94 a6 62 b2 9a b2 60 94 a6 62 b2 a0 a8 61 03 f0 42 11 ff 00 00 07 d0 00 0c 00 17 ec 73 d9 5c e0 c9 00 00 00 00 00 00 00 00 03 15 00 0b 00 0e 0b 90 01 ce 00 f0 0f d0 00 0d 00 19 f4 e0 d5 c7 e9 31 00 00 00 00 00 00 00 00 03 27 00 0a 00 d7 0b 8e 00 a4 00 f0 0f,gyro_20251028.txt
2025-10-28,,frame,94 a6 62 b2 9a b2 60 94 a6 62 b2 a0 a8 61 03 f0 42 11 ff 00 00 08 d0 00 0e 00 1a fe 45 d5 df f1 fd 00 00 00 00 00 00 00 00 02 76 00 09 02 31 0b 91 00 10 00 f0 0f d0 00 0f 00 1c 07 89 d6 08 fb d9 00 00 00 00 00 00 00 00 01 73 00 0a 03 36 0b 90 00 10 00 f0 0f,gyro_20251028.txt
2025-10-28,,frame,94 a6 62 b2 9a b2 60 94 a6 62 b2 a0 a8 61 03 f0 42 11 ff 00 00 09 d0 00 10 00 1d 0f f0 d9 64 05 cc 00 00 00 00 00 00 00 00 00 3f 00 0b 04 5f 0b 92 00 11 00 f0 0f d0 00 11 00 1e 17 9e de 47 0f 75 00 00 00 00 00 00 00 00 00 0d 00 0b 04 a6 0b 92 00 10 00 f0 0f,gyro_20251028.txt
2025-10-28,,frame,94 a6 62 b2 9a b2 60 94 a6 62 b2 a0 a8 61 03 f0 42 11 ff 00 00 0a d0 00 12 00 20 1e f6 e3 f5 18 1c 00 00 00 00 00 00 00 00 00 0e 00 0b 04 a6 0b 93 00 10 00 f0 0f d0 00 13 00 21 23 79 eb 76 20 6f 00 00 00 00 00 00 00 00 00 0d 00 0a 04 8a 0b 94 00 17 00 f0 0f,gyro_20251028.txt
2025-10-28,,frame,94 a6 62 b2 9a b2 60 94 a6 62 b2 a0 a8 61 03 f0 42 11 ff 00 00 0b d0 00 14 00 23 27 3f f3 61 26 a1 00 00 00 00 00 00 00 00 00 0e 00 0a 03 d8 0b 95 00 c0 00 f0 0f d0 00 15 00 24 29 2f fb 78 2b 3e 00 00 00 00 00 00 00 00 00 1c 00 0a 02 d1 0b 96 01 bf 00 f0 0f,gyro_20251028.txt
2025-10-28,,frame,94 a6 62 b2 9a b2 60 94 a6 62 b2 a0 a8 61 03 f0 42 11 ff 00 00 0c d0 00 16 00 26 29 89 03 11 2e 66 00 00 00 00 00 00 00 00 00 bc 00 29 01 6a 0b 96 02 b3 00 f0 0f d0 00 17 00 27 28 d6 0a d6 2f 9f 00 00 00 00 00 00 00 00 00 b5 00 5d 00 1e 0b 96 03 02 00 f0 0f,gyro_20251028.txt
2025-10-28,,frame,94 a6 62 b2 9a b2 60 94 a6 62 b2 a0 a8 61 03 f0 42 11 ff 00 00 0d d0 00 18 00 29 d9 83 ee 88 cf f8 00 00 00 00 00 00 00 00 00 16 02 16 00 0e 0b 98 02 c0 00 f0 0f d0 00 19 00 2a dc ec e8 93 d0 ee 00 00 00 00 00 00 00 00 00 0e 02 eb 00 0d 0b 98 01 ef 00 f0 0f,gyro_20251028.txt
2025-10-28,,frame,94 a6 62 b2 9a b2 60 94 a6 62 b2 a0 a8 61 03 f0 42 11 ff 00 00 0e d0 00 1a 00 2c e1 30 e2 12 d3 de 00 00 00 00 00 00 00 00 00 0e 03 c0 00 0c 0b 9a 01 19 00 f0 0f d0 00 1b 00 2d e6 9f de 3a d7 89 00 00 00 00 00 00 00 00 00 0e 04 06 00 0c 0b 9a 00 48 00 f0 0f,gyro_20251028.txt
2025-10-28,,frame,94 a6 62 b2 9a b2 60 94 a6 62 b2 a0 a8 61 03 f0 42 11 ff 00 00 0f d0 00 1c 00 2e ec ff da cc dc e0 00 00 00 00 00 00 00 00 00 0d 06 3b 00 0d 0b 99 00 10 00 f0 0f d0 00 1d 00 30 f4 27 d8 25 e3 74 00 00 00 00 00 00 00 00 00 0e 06 40 00 0d 0b 9a 00 10 00 f0 0f,gyro_20251028.txt
2025-10-28,,frame,94 a6 62 b2 9a b2 60 94 a6 62 b2 a0 a8 61 03 f0 42 11 ff 00 00 10 d0 00 1e 00 31 fb 26 d7 91 eb 5f 00 00 00 00 00 00 00 00 00 58 04 01 00 0c 0b 9b 00 10 00 f0 0f d0 00 1f 00 33 02 ca d8 08 f4 02 00 00 00 00 00 00 00 00 01 5f 03 18 00 0d 0b 9d 00 10 00 f0 0f,gyro_20251028.txt
2025-10-28,,frame,94 a6 62 b2 9a b2 60 94 a6 62 b2 a0 a8 61 03 f0 42 11 ff 00 00 11 d0 00 20 00 34 0a 33 d9 8d fd 97 00 00 00 00 00 00 00 00 02 48 02 32 00 0e 0b 9c 00 11 00 f0 0f d0 00 21 00 36 11 21 dc e6 07 95 00 00 00 00 00 00 00 00 03 f7 02 41 00 0e 0b 9d 00 1d 00 f0 0f,gyro_20251028.txt
2025-10-28,,frame,94 a6 62 b2 9a b2 60 94 a6 62 b2 a0 a8 61 03 f0 42 11 ff 00 00 12 d0 00 22 00 37 17 9a e1 20 11 8f 00 00 00 00 00 00 00 00 02 fd 00 52 00 0d 0b 9e 01 09 00 f0 0f d0 00 23 00 39 1d 46 e6 a8 1a fb 00 00 00 00 00 00 00 00 03 57 00 09 00 0f 0b 9e 02 f5 00 f0 0f,gyro_20251028.txt
2025-10-28,,frame,94 a6 62 b2 9a b2 60 94 a6 62 b2 a0 a8 61 03 f0 42 11 ff 00 00 13 d0 00 24 00 3a 21 c3 ed 49 23 32 00 00 00 00 00 00 00 00 01 12 00 09 00 0e 0b a0 03 3d 00 f0 0f d0 00 25 00 3b 24 d7 f4 73 29 f5 00 00 00 00 00 00 00 00 00 3f 00 0a 00 0e 0b a0 03 e9 00 f0 0f,gyro_20251028.txt
2025-10-28,,frame,94 a6 62 b2 9a b2 60 94 a6 62 b2 a0 a8 61 03 f0 42 11 ff 00 00 14 d0 00 26 00 3d 26 76 fc 1c 2e eb 00 00 00 00 00 00 00 00 00 0e 00 0b 00 0e 0b a5 04 a6 00 f0 0f d0 00 27 00 3e 26 bc 03 ed 31 c7 00 00 00 00 00 00 00 00 00 0e 00 09 00 0d 0b a2 04 ad 00 f0 0f,gyro_20251028.txt
2025-10-28,,frame,94 a6 62 b2 9a b2 60 94 a6 62 b2 a0 a8 61 03 f0 42 11 ff 00 00 15 d0 00 28 00 40 da 53 f4 a3 cd 87 00 00 00 00 00 00 00 00 00 0d 00 09 00 0f 0b a2 04 ac 00 f0 0f d0 00 29 00 41 dc df ed 22 cf 09 00 00 00 00 00 00 00 00 00 11 00 0a 00 0e 0b a4 04 a4 00 f0 0f,gyro_20251028.txt
2025-10-28,,frame,94 a6 62 b2 9a b2 60 94 a6 62 b2 a0 a8 61 03 f0 42 11 ff 00 00 17 d0 00 2c 00 46 ec aa db e3 de db 00 00 00 00 00 00 00 00 00 0d 00 0b 00 0e 0b a5 04 b2 00 f0 0f d0 00 2d 00 47 f4 30 d8 7b e7 7a 00 00 00 00 00 00 00 00 00 0e 00 0a 00 0e 0b a4 04 9d 00 f0 0f,gyro_20251028.txt
2025-10-28,,frame,94 a6 62 b2 9a b2 60 94 a6 62 b2 a0 a8 61 03 f0 42 11 ff 00 00 18 d0 00 2e 00 49 fc 8d d6 cf f1 38 00 00 00 00 00 00 00 00 00 0d 00 09 00 0e 0b a4 04 b6 00 f0 0f d0 00 2f 00 4a 05 28 d7 0c fb e3 00 00 00 00 00 00 00 00 00 0f 00 0a 00 0f 0b a4 04 92 00 f0 0f,gyro_20251028.txt
2025-10-28,,frame,94 a6 62 b2 9a b2 60 94 a6 62 b2 a0 a8 61 03 f0 42 11 ff 00 00 19 d0 00 30 00 4b 0d f5 d9 24 06 c8 00 00 00 00 00 00 00 00 00 0d 00 09 00 0e 0b a2 04 8a 00 f0 0f d0 00 31 00 4d 16 1f dd 6f 11 7f 00 00 00 00 00 00 00 00 00 0d 00 0a 00 0e 0b a7 04 82 00 f0 0f,gyro_20251028.txt
2025-10-28,,frame,94 a6 62 b2 9a b2 60 94 a6 62 b2 a0 a8 61 03 f0 42 11 ff 00 00 1a d0 00 32 00 4e 1d 41 e3 97 1b 62 00 00 00 00 00 00 00 00 00 0d 00 0a 00 0e 0b a5 04 86 00 f0 0f d0 00 33 00 50 23 0e eb 10 23 d3 00 00 00 00 00 00 00 00 00 0d 00 09 00 0e 0b a5 04 c5 00 f0 0f,gyro_20251028.txt
2025-10-28,,frame,94 a6 62 b2 9a b2 60 94 a6 62 b2 a0 a8 61 03 f0 42 11 ff 00 00 1b d0 00 34 00 51 26 fc f3 c3 2a 6d 00 00 00 00 00 00 00 00 00 0d 00 08 00 0f 0b a5 04 d1 00 f0 0f d0 00 35 00 53 28 af fd 26 2e e8 00 00 00 00 00 00 00 00 00 0d 00 08 00 0f 0b a6 04 cf 00 f0 0f,gyro_20251028.txt
2025-10-28,,frame,94 a6 62 b2 9a b2 60 94 a6 62 b2 a0 a8 61 03 f0 42 11 ff 00 00 1c d0 00 36 00 54 28 91 06 83 30 d4 00 00 00 00 00 00 00 00 00 0d 00 78 00 0f 0b a6 04 3d 00 f0 0f d0 00 37 00 56 d9 70 f0 8c cf 98 00 00 00 00 00 00 00 00 00 0d 00 e9 00 0f 0b a6 03 c8 00 f0 0f,gyro_20251028.txt
2025-10-28,,frame,94 a6 62 b2 9a b2 60 94 a6 62 b2 a0 a8 61 03 f0 42 11 ff 00 00 1d d0 00 38 00 57 dd 38 e8 49 d2 0f 00 00 00 00 00 00 00 00 00 0d 01 34 00 0f 0b a7 03 76 00 f0 0f d0 00 39 00 58 e2 6d e1 3d d6 58 00 00 00 00 00 00 00 00 00 10 01 74 00 0d 0b a7 03 29 00 f0 0f,gyro_20251028.txt
2025-10-28,,frame,94 a6 62 b2 9a b2 60 94 a6 62 b2 a0 a8 61 03 f0 42 11 ff 00 00 1e d0 00 3a 00 5a e8 dd db 10 dc 60 00 00 00 00 00 00 00 00 00 0d 01 95 00 0d 0b a7 02 fd 00 f0 0f d0 00 3b 00 5b f0 9e d6 d0 e3 65 00 00 00 00 00 00 00 00 00 23 01 b4 00 0f 0b a8 02 b2 00 f0 0f,gyro_20251028.txt
2025-10-28,,frame,94 a6 62 b2 9a b2 60 94 a6 62 b2 a0 a8 61 03 f0 42 11 ff 00 00 1f d0 00 3c 00 5d f9 08 d4 77 eb 59 00 00 00 00 00 00 00 00 01 87 01 32 00 0f 0b a8 01 fa 00 f0 0f d0 00 3d 00 5e 01 9f d3 9b f3 f4 00 00 00 00 00 00 00 00 03 04 00 8f 00 0d 0b a8 01 29 00 f0 0f,gyro_20251028.txt
2025-10-28,,frame,94 a6 62 b2 9a b2 60 94 a6 62 b2 a0 a8 61 03 f0 42 11 ff 00 00 20 d0 00 3e 00 60 09 b1 d5 2c fc bb 00 00 00 00 00 00 00 00 04 75 00 0a 00 0f 0b a9 00 49 00 f0 0f d0 00 3f 00 61 11 cd d7 6c 05 81 00 00 00 00 00 00 00 00 04 e4 00 09 00 0e 0b a7 00 11 00 f0 0f,gyro_20251028.txt
2025-10-28,,frame,94 a6 62 b2 9a b2 60 94 a6 62 b2 a0 a8 61 03 f0 42 11 ff 00 00 21 d0 00 40 00 63 18 7d dc 6f 0e 88 00 00 00 00 00 00 00 00 04 67 00 09 00 3f 0b aa 00 11 00 f0 0f d0 00 41 00 64 1e 4b e2 ab 17 6b 00 00 00 00 00 00 00 00 03 41 00 0a 01 68 0b a8 00 11 00 f0 0f,gyro_20251028.txt
2025-10-28,,frame,94 a6 62 b2 9a b2 60 94 a6 62 b2 a0 a8 61 03 f0 42 11 ff 00 00 22 d0 00 42 00 66 23 d1 e9 b9 1f 06 00 00 00 00 00 00 00 00 02 30 00 0a 02 6d 0b ad 00 13 00 f0 0f d0 00 43 00 67 26 8e f1 94 26 7b 00 00 00 00 00 00 00 00 01 3d 00 08 03 43 0b ac 00 12 00 f0 0f,gyro_20251028.txt
2025-10-28,,frame,94 a6 62 b2 9a b2 60 94 a6 62 b2 a0 a8 61 03 f0 42 11 ff 00 00 23 d0 00 44 00 68 28 ad f9 ff 2b 7b 00 00 00 00 00 00 00 00 00 31 00 09 04 29 0b ac 00 1a 00 f0 0f d0 00 45 00 6a 28 f8 02 50 2e f3 00 00 00 00 00 00 00 00 00 0c 00 09 03 a4 0b aa 00 db 00 f0 0f,gyro_20251028.txt
2025-10-28,,frame,94 a6 62 b2 9a b2 60 94 a6 62 b2 a0 a8 61 03 f0 42 11 ff 00 00 24 d0 00 46 00 6b 27 4f 09 aa 31 4a 00 00 00 00 00 00 00 00 00 0b 00 09 02 a2 0b aa 01 b9 00 f0 0f d0 00 47 00 6d db 12 ee 28 ce fa 00 00 00 00 00 00 00 00 00 0d 00 09 01 f0 0b ad 02 6e 00 f0 0f,gyro_20251028.txt
2025-10-28,,frame,94 a6 62 b2 9a b2 60 94 a6 62 b2 a0 a8 61 03 f0 42 11 ff 00 00 25 d0 00 48 00 6e df 0b e7 d2 d0 56 00 00 00 00 00 00 00 00 00 0d 00 09 01 2f 0b af 03 47 00 f0 0f d0 00 49 00 70 e3 e3 e2 83 d3 7c 00 00 00 00 00 00 00 00 00 0d 00 08 00 60 0b af 04 1a 00 f0 0f,gyro_20251028.txt
2025-10-28,,frame,94 a6 62 b2 9a b2 60 94 a6 62 b2 a0 a8 61 03 f0 42 11 ff 00 00 26 d0 00 4a 00 71 e9 fc dc c6 d8 53 00 00 00 00 00 00 00 00 00 21 00 08 00 0f 0b b0 04 af 00 f0 0f d0 00 4b 00 73 f0 4b d9 c4 de 5b 00 00 00 00 00 00 00 00 00 11 00 b6 00 0f 0b af 03 f8 00 f0 0f,gyro_20251028.txt
2025-10-28,,frame,94 a6 62 b2 9a b2 60 94 a6 62 b2 a0 a8 61 03 f0 42 11 ff 00 00 27 d0 00 4c 00 74 f6 a2 d8 5a e5 c0 00 00 00 00 00 00 00 00 00 0d 01 f0 00 0f 0b b0 02 ce 00 f0 0f d0 00 4d 00 76 fd ae d7 16 ee 2d 00 00 00 00 00 00 00 00 00 0d 02 c9 00 0e 0b b0 01 e6 00 f0 0f,gyro_20251028.txt
2025-10-28,,frame,94 a6 62 b2 9a b2 60 94 a6 62 b2 a0 a8 61 03 f0 42 11 ff 00 00 28 d0 00 4e 00 77 05 22 d7 78 f7 24 00 00 00 00 00 00 00 00 00 0c 03 67 00 0e 0b b1 01 45 00 f0 0f d0 00 4f 00 78 0c 5d d9 2a 00 dd 00 00 00 00 00 00 00 00 00 0d 03 c6 00 0e 0b b1 00 e9 00 f0 0f,gyro_20251028.txt
2025-10-28,,frame,94 a6 62 b2 9a b2 60 94 a6 62 b2 a0 a8 61 03 f0 42 11 ff 00 00 29 d0 00 50 00 7a 13 29 dc 6a 0b 11 00 00 00 00 00 00 00 00 00 0d 03 d6 00 0f 0b b2 00 da 00 f0 0f d0 00 51 00 7b 19 a4 e1 3c 14 f9 00 00 00 00 00 00 00 00 00 0c 03 86 00 0e 0b b3 01 19 00 f0 0f,gyro_20251028.txt
2025-10-28,,frame,94 a6 62 b2 9a b2 60 94 a6 62 b2 a0 a8 61 03 f0 42 11 ff 00 00 2b d0 00 54 00 80 26 30 f6 b1 2c 9c 00 00 00 00 00 00 00 00 00 1a 01 4c 00 0f 0b b4 03 24 00 f0 0f d0 00 55 00 81 27 02 ff 1e 30 f1 00 00 00 00 00 00 00 00 00 15 00 8a 00 0f 0b b4 03 d9 00 f0 0f,gyro_20251028.txt
2025-10-28,,frame,94 a6 62 b2 9a b2 60 94 a6 62 b2 a0 a8 61 03 f0 42 11 ff 00 00 2c d0 00 56 00 83 26 7c 07 d5 32 79 00 00 00 00 00 00 00 00 00 0c 00 0d 00 10 0b b5 04 7d 00 f0 0f d0 00 57 00 84 dc 22 f0 00 ce 2f 00 00 00 00 00 00 00 00 00 0d 00 08 00 10 0b b6 04 ab 00 f0 0f,gyro_20251028.txt
2025-10-28,,frame,94 a6 62 b2 9a b2 60 94 a6 62 b2 a0 a8 61 03 f0 42 11 ff 00 00 2d d0 00 58 00 86 e0 35 e8 6c d1 5a 00 00 00 00 00 00 00 00 00 0b 00 08 00 0f 0b b6 04 a7 00 f0 0f d0 00 59 00 87 e5 c1 e2 1d d6 90 00 00 00 00 00 00 00 00 00 0c 00 0a 00 0f 0b b6 04 9e 00 f0 0f,gyro_20251028.txt
2025-10-28,,frame,94 a6 62 b2 9a b2 60 94 a6 62 b2 a0 a8 61 03 f0 42 11 ff 00 00 2e d0 00 5a 00 88 ec 68 dc d6 dd 95 00 00 00 00 00 00 00 00 00 0c 00 08 00 10 0b b6 04 a4 00 f0 0f d0 00 5b 00 8a f3 ce d9 08 e6 05 00 00 00 00 00 00 00 00 00 0c 00 07 00 0f 0b b6 04 a3 00 f0 0f,gyro_20251028.txt
2025-10-28,,frame,94 a6 62 b2 9a b2 60 94 a6 62 b2 a0 a8 61 03 f0 42 11 ff 00 00 2f d0 00 5c 00 8b fb db d6 c7 ef 7c 00 00 00 00 00 00 00 00 00 0d 00 08 00 10 0b b7 04 b1 00 f0 0f d0 00 5d 00 8d 04 4a d6 2b f9 5e 00 00 00 00 00 00 00 00 00 0c 00 07 00 10 0b b7 04 aa 00 f0 0f,gyro_20251028.txt
2025-10-28,,frame,94 a6 62 b2 9a b2 60 94 a6 62 b2 a0 a8 61 03 f0 42 11 ff 00 00 30 d0 00 5e 00 8e 0c 87 d7 cd 03 51 00 00 00 00 00 00 00 00 00 0c 00 08 00 0e 0b b7 04 ac 00 f0 0f d0 00 5f 00 90 14 98 da 4d 0d 2c 00 00 00 00 00 00 00 00 00 0b 00 08 00 10 0b b7 04 62 00 f0 0f,gyro_20251028.txt
2025-10-28,,frame,94 a6 62 b2 9a b2 60 94 a6 62 b2 a0 a8 61 03 f0 42 11 ff 00 00 31 d0 00 60 00 91 1b f4 df 11 16 57 00 00 00 00 00 00 00 00 00 0d 00 09 00 4c 0b b7 03 a3 00 f0 0f d0 00 61 00 93 21 c5 e6 23 1f 25 00 00 00 00 00 00 00 00 00 0c 00 08 00 b9 0b b7 03 40 00 f0 0f,gyro_20251028.txt
2025-10-28,,frame,94 a6 62 b2 9a b2 60 94 a6 62 b2 a0 a8 61 03 f0 42 11 ff 00 00 32 d0 00 62 00 94 26 b4 ee 2c 26 31 00 00 00 00 00 00 00 00 00 0b 00 08 01 f6 0b b6 03 d9 00 f0 0f d0 00 63 00 96 29 7e f7 6c 2b c6 00 00 00 00 00 00 00 00 00 0a 00 09 01 69 0b b9 02 8f 00 f0 0f,gyro_20251028.txt
2025-10-28,,frame,94 a6 62 b2 9a b2 60 94 a6 62 b2 a0 a8 61 03 f0 42 11 ff 00 00 33 d0 00 64 00 97 29 ff 01 1b 2f 57 00 00 00 00 00 00 00 00 00 0c 00 09 01 91 0b b9 02 7d 00 f0 0f d0 00 65 00 98 d7 4e f5 2b cf d0 00 00 00 00 00 00 00 00 00 0c 00 09 01 63 0b b8 02 96 00 f0 0f,gyro_20251028.txt
2025-10-28,,frame,94 a6 62 b2 9a b2 60 94 a6 62 b2 a0 a8 61 03 f0 42 11 ff 00 00 34 d0 00 66 00 9a db 30 ec 85 d0 a8 00 00 00 00 00 00 00 00 00 0b 00 08 01 f1 0b b8 04 00 00 f0 0f d0 00 67 00 9b e0 70 e4 d2 d3 f6 00 00 00 00 00 00 00 00 00 1e 00 07 01 01 0b b8 04 da 00 f0 0f,gyro_20251028.txt
2025-10-28,,frame,94 a6 62 b2 9a b2 60 94 a6 62 b2 a0 a8 61 03 f0 42 11 ff 00 00 35 d0 00 68 00 9d e6 fa de 1e d9 47 00 00 00 00 00 00 00 00 00 6e 00 07 00 10 0b b8 05 c8 00 f0 0f d0 00 69 00 9e ee b1 d9 a7 df e4 00 00 00 00 00 00 00 00 00 0c 00 1b 00 0f 0b b9 04 23 00 f0 0f,gyro_20251028.txt
2025-10-28,,frame,94 a6 62 b2 9a b2 60 94 a6 62 b2 a0 a8 61 03 f0 42 11 ff 00 00 36 d0 00 6a 00 a0 f7 44 d5 a6 e7 7e 00 00 00 00 00 00 00 00 00 0b 01 e3 00 10 0b b9 04 4d 00 f0 0f d0 00 6b 00 a1 ff ac d4 3d ef 96 00 00 00 00 00 00 00 00 00 0b 02 98 00 0f 0b b9 03 71 00 f0 0f,gyro_20251028.txt
2025-10-28,,frame,94 a6 62 b2 9a b2 60 94 a6 62 b2 a0 a8 61 03 f0 42 11 ff 00 00 37 d0 00 6c 00 a3 07 74 d5 11 f7 d2 00 00 00 00 00 00 00 00 00 0c 02 33 00 10 0b ba 01 f9 00 f0 0f d0 00 6d 00 a4 0f 4b d6 73 ff da 00 00 00 00 00 00 00 00 00 0c 03 fe 00 0f 0b ba 02 10 00 f0 0f,gyro_20251028.txt
2025-10-28,,frame,94 a6 62 b2 9a b2 60 94 a6 62 b2 a0 a8 61 03 f0 42 11 ff 00 00 38 d0 00 6e 00 a6 15 3b da 42 08 bb 00 00 00 00 00 00 00 00 00 cf 02 cc 00 0f 0b bb 00 89 00 f0 0f d0 00 6f 00 a7 1a d7 de e2 11 4f 00 00 00 00 00 00 00 00 02 2a 02 1d 00 10 0b bb 00 12 00 f0 0f,gyro_20251028.txt
2025-10-28,,frame,94 a6 62 b2 9a b2 60 94 a6 62 b2 a0 a8 61 03 f0 42 11 ff 00 00 39 d0 00 70 00 a8 20 1f e4 6b 19 64 00 00 00 00 00 00 00 00 03 1e 01 37 00 0f 0b bc 00 12 00 f0 0f d0 00 71 00 aa 24 57 ea f0 20 d2 00 00 00 00 00 00 00 00 05 2a 01 0b 00 0f 0b bb 00 12 00 f0 0f,gyro_20251028.txt
2025-10-28,,frame,94 a6 62 b2 9a b2 60 94 a6 62 b2 a0 a8 61 03 f0 42 11 ff 00 00 3a d0 00 72 00 ab 27 23 f2 6e 27 48 00 00 00 00 00 00 00 00 04 5d 00 08 00 0f 0b bd 00 12 00 f0 0f d0 00 73 00 ad 28 fa fa 37 2b fc 00 00 00 00 00 00 00 00 06 5a 00 0a 00 10 0b bd 00 12 00 f0 0f,gyro_20251028.txt
2025-10-28,,frame,94 a6 62 b2 9a b2 60 94 a6 62 b2 a0 a8 61 03 f0 42 11 ff 00 00 3b d0 00 74 00 ae 28 d8 02 1f 2f 97 00 00 00 00 00 00 00 00 04 26 00 08 00 10 0b be 00 12 00 f0 0f d0 00 75 00 b0 26 f3 09 be 31 ba 00 00 00 00 00 00 00 00 03 37 00 07 00 c5 0b be 00 1a 00 f0 0f,gyro_20251028.txt
2025-10-28,,frame,94 a6 62 b2 9a b2 60 94 a6 62 b2 a0 a8 61 03 f0 42 11 ff 00 00 3c d0 00 76 00 b1 db de ee de ce 6d 00 00 00 00 00 00 00 00 02 06 00 08 01 6c 0b be 01 0e 00 f0 0f d0 00 77 00 b3 e0 6a e7 dd d0 52 00 00 00 00 00 00 00 00 00 9f 00 08 01 a0 0b bf 02 06 00 f0 0f,gyro_20251028.txt
2025-10-28,,frame,94 a6 62 b2 9a b2 60 94 a6 62 b2 a0 a8 61 03 f0 42 11 ff 00 00 3d d0 00 78 00 b4 e5 cb e2 84 d4 2f 00 00 00 00 00 00 00 00 00 0b 00 08 01 9b 0b c0 02 bd 00 f0 0f d0 00 79 00 b6 ec 2d dd dc d9 d6 00 00 00 00 00 00 00 00 00 0a 00 08 01 34 0b c0 03 2c 00 f0 0f,gyro_20251028.txt
2025-10-28,,frame,94 a6 62 b2 9a b2 60 94 a6 62 b2 a0 a8 61 03 f0 42 11 ff 00 00 3e d0 00 7a 00 b7 f3 5e da 62 e0 c5 00 00 00 00 00 00 00 00 00 0b 00 07 00 d1 0b bf 03 8e 00 f0 0f d0 00 7b 00 b8 fa 32 d8 81 e9 6b 00 00 00 00 00 00 00 00 00 0b 00 07 00 6c 0b c0 03 f6 00 f0 0f,gyro_20251028.txt
2025-10-28,,frame,94 a6 62 b2 9a b2 60 94 a6 62 b2 a0 a8 61 03 f0 42 11 ff 00 00 40 d0 00 7e 00 bd 10 6b da cd 06 ae 00 00 00 00 00 00 00 00 00 13 00 1b 00 10 0b c2 04 75 00 f0 0f d0 00 7f 00 be 17 5a de 5c 10 74 00 00 00 00 00 00 00 00 00 0c 00 f1 00 11 0b c2 03 ae 00 f0 0f,gyro_20251028.txt
2025-10-28,,frame,94 a6 62 b2 9a b2 60 94 a6 62 b2 a0 a8 61 03 f0 42 11 ff 00 00 41 d0 00 80 00 c0 1d 70 e3 97 19 e5 00 00 00 00 00 00 00 00 00 0c 01 7f 00 10 0b c1 03 21 00 f0 0f d0 00 81 00 c1 22 9f e9 f8 22 29 00 00 00 00 00 00 00 00 00 0b 01 bd 00 10 0b c3 02 e2 00 f0 0f,gyro_20251028.txt
2025-10-28,,frame,94 a6 62 b2 9a b2 60 94 a6 62 b2 a0 a8 61 03 f0 42 11 ff 00 00 42 d0 00 82 00 c3 26 5e f1 95 29 1c 00 00 00 00 00 00 00 00 00 0b 01 9c 00 0f 0b c2 02 f4 00 f0 0f d0 00 83 00 c4 28 5d fa 15 2e 47 00 00 00 00 00 00 00 00 00 0b 01 71 00 10 0b c3 03 28 00 f0 0f,gyro_20251028.txt
2025-10-28,,frame,94 a6 62 b2 9a b2 60 94 a6 62 b2 a0 a8 61 03 f0 42 11 ff 00 00 43 d0 00 84 00 c6 28 76 03 26 31 16 00 00 00 00 00 00 00 00 00 0b 01 17 00 0f 0b c3 03 6e 00 f0 0f d0 00 85 00 c7 d9 82 f3 d6 ce 96 00 00 00 00 00 00 00 00 00 0b 00 b4 00 0e 0b c4 03 cf 00 f0 0f,gyro_20251028.txt
2025-10-28,,frame,94 a6 62 b2 9a b2 60 94 a6 62 b2 a0 a8 61 03 f0 42 11 ff 00 00 44 d0 00 86 00 c8 dd 46 eb 59 d1 04 00 00 00 00 00 00 00 00 00 0b 00 4e 00 10 0b c5 04 28 00 f0 0f d0 00 87 00 ca e2 f7 e3 e6 d5 db 00 00 00 00 00 00 00 00 00 0c 00 0f 00 0f 0b c4 04 76 00 f0 0f,gyro_20251028.txt
2025-10-28,,frame,94 a6 62 b2 9a b2 60 94 a6 62 b2 a0 a8 61 03 f0 42 11 ff 00 00 45 d0 00 88 00 cb ea 3f dd f6 dc b2 00 00 00 00 00 00 00 00 00 0c 00 08 00 10 0b c5 04 92 00 f0 0f d0 00 89 00 cd f2 96 d9 a5 e5 3f 00 00 00 00 00 00 00 00 00 0b 00 08 00 10 0b c5 04 95 00 f0 0f,gyro_20251028.txt
2025-10-28,,frame,94 a6 62 b2 9a b2 60 94 a6 62 b2 a0 a8 61 03 f0 42 11 ff 00 00 46 d0 00 8a 00 ce fb 7b d7 44 ee f0 00 00 00 00 00 00 00 00 00 0b 00 07 00 10 0b c5 04 98 00 f0 0f d0 00 8b 00 d0 04 6e d6 e3 f9 3d 00 00 00 00 00 00 00 00 00 0b 00 08 00 10 0b c4 04 a2 00 f0 0f,gyro_20251028.txt
2025-10-28,,frame,94 a6 62 b2 9a b2 60 94 a6 62 b2 a0 a8 61 03 f0 42 11 ff 00 00 47 d0 00 8c 00 d1 0d 52 d8 2b 03 4e 00 00 00 00 00 00 00 00 00 0a 00 07 00 10 0b c5 04 9f 00 f0 0f d0 00 8d 00 d3 15 d5 db 1a 0c aa 00 00 00 00 00 00 00 00 00 0b 00 07 00 0f 0b c5 04 98 00 f0 0f,gyro_20251028.txt
2025-10-28,,frame,94 a6 62 b2 9a b2 60 94 a6 62 b2 a0 a8 61 03 f0 42 11 ff 00 00 48 d0 00 8e 00 d4 1c b9 e0 17 15 c6 00 00 00 00 00 00 00 00 00 0b 00 08 00 10 0b c5 04 94 00 f0 0f d0 00 8f 00 d5 23 b9 e5 d4 1d 13 00 00 00 00 00 00 00 00 00 61 00 07 00 10 0b c5 04 14 00 f0 0f,gyro_20251028.txt
2025-10-28,,frame,94 a6 62 b2 9a b2 60 94 a6 62 b2 a0 a8 61 03 f0 42 11 ff 00 00 49 d0 00 90 00 d7 28 bf ed 80 23 8c 00 00 00 00 00 00 00 00 01 0a 00 08 00 10 0b c1 03 76 00 f0 0f d0 00 91 00 d8 29 d8 f6 bd 2a 74 00 00 00 00 00 00 00 00 01 8c 00 07 00 10 0b c5 02 e5 00 f0 0f,gyro_20251028.txt
2025-10-28,,frame,94 a6 62 b2 9a b2 60 94 a6 62 b2 a0 a8 61 03 f0 42 11 ff 00 00 4a d0 00 92 00 da 2a f5 ff 82 2d e6 00 00 00 00 00 00 00 00 01 6c 00 08 00 c2 0b c6 02 25 00 f0 0f d0 00 93 00 db 2b 21 08 a0 2e 71 00 00 00 00 00 00 00 00 00 ef 00 08 01 b2 0b c5 01 a6 00 f0 0f,gyro_20251028.txt
2025-10-28,,frame,94 a6 62 b2 9a b2 60 94 a6 62 b2 a0 a8 61 03 f0 42 11 ff 00 00 4b d0 00 94 00 dd d8 65 ee ce d1 5c 00 00 00 00 00 00 00 00 00 4e 00 08 02 84 0b c6 01 70 00 f0 0f d0 00 95 00 de dd 31 e6 c2 d3 a8 00 00 00 00 00 00 00 00 00 08 00 08 02 ed 0b c7 01 6b 00 f0 0f,gyro_20251028.txt
2025-10-28,,frame,94 a6 62 b2 9a b2 60 94 a6 62 b2 a0 a8 61 03 f0 42 11 ff 00 00 4c d0 00 96 00 e0 e3 ff e0 9d d7 58 00 00 00 00 00 00 00 00 00 0b 00 07 02 e9 0b c6 01 6a 00 f0 0f d0 00 97 00 e1 eb 9e db 58 dd 53 00 00 00 00 00 00 00 00 00 0b 00 07 02 a3 0b c7 01 b9 00 f0 0f,gyro_20251028.txt
2025-10-28,,frame,94 a6 62 b2 9a b2 60 94 a6 62 b2 a0 a8 61 03 f0 42 11 ff 00 00 4d d0 00 98 00 e3 f4 0f d7 ee e4 96 00 00 00 00 00 00 00 00 00 0b 00 07 02 19 0b c7 02 4b 00 f0 0f d0 00 99 00 e4 fc 97 d6 8f ec b7 00 00 00 00 00 00 00 00 00 0b 00 07 01 41 0b c7 03 3a 00 f0 0f,gyro_20251028.txt
2025-10-28,,frame,94 a6 62 b2 9a b2 60 94 a6 62 b2 a0 a8 61 03 f0 42 11 ff 00 00 4e d0 00 9a 00 e5 05 54 d6 68 f4 f9 00 00 00 00 00 00 00 00 00 0a 00 07 00 10 0b c7 04 54 00 f0 0f d0 00 9b 00 e7 0d 12 d8 05 fd bb 00 00 00 00 00 00 00 00 00 0f 00 07 00 10 0b c8 04 a1 00 f0 0f,gyro_20251028.txt
2025-10-28,,frame,94 a6 62 b2 9a b2 60 94 a6 62 b2 a0 a8 61 03 f0 42 11 ff 00 00 4f d0 00 9c 00 e8 14 3c db 14 06 5e 00 00 00 00 00 00 00 00 00 0c 01 59 00 10 0b c8 03 4f 00 f0 0f d0 00 9d 00 ea 1b 94 df 00 0e 1c 00 00 00 00 00 00 00 00 00 0b 02 84 00 0f 0b c8 02 13 00 f0 0f,gyro_20251028.txt
2025-10-28,,frame,94 a6 62 b2 9a b2 60 94 a6 62 b2 a0 a8 61 03 f0 42 11 ff 00 00 50 d0 00 9e 00 eb 20 36 e4 4e 16 fa 00 00 00 00 00 00 00 00 00 0b 03 59 00 0f 0b c8 01 2d 00 f0 0f d0 00 9f 00 ed 24 d2 ea 77 1e 3c 00 00 00 00 00 00 00 00 00 0b 04 14 00 10 0b c9 00 6c 00 f0 0f,gyro_20251028.txt
2025-10-28,,frame,94 a6 62 b2 9a b2 60 94 a6 62 b2 a0 a8 61 03 f0 42 11 ff 00 00 51 d0 00 a0 00 ee 28 06 f1 4a 24 b3 00 00 00 00 00 00 00 00 00 0b 04 75 00 10 0b c9 00 12 00 f0 0f d0 00 a1 00 f0 29 44 f8 59 2a 7a 00 00 00 00 00 00 00 00 00 77 04 09 00 0e 0b c9 00 14 00 f0 0f,gyro_20251028.txt
2025-10-28,,frame,94 a6 62 b2 9a b2 60 94 a6 62 b2 a0 a8 61 03 f0 42 11 ff 00 00 53 d0 00 a4 00 f4 d9 ff f1 3b ce dd 00 00 00 00 00 00 00 00 03 3a 01 66 00 10 0b cd 00 14 00 f0 0f d0 00 a5 00 f5 de 09 ea 80 d0 65 00 00 00 00 00 00 00 00 03 d9 00 82 00 10 0b cb 00 34 00 f0 0f,gyro_20251028.txt
2025-10-28,,frame,94 a6 62 b2 9a b2 60 94 a6 62 b2 a0 a8 61 03 f0 42 11 ff 00 00 54 d0 00 a6 00 f7 e3 6c e4 49 d4 2d 00 00 00 00 00 00 00 00 03 91 00 06 00 10 0b cb 01 07 00 f0 0f d0 00 a7 00 f8 ea 27 df 3f d9 e9 00 00 00 00 00 00 00 00 02 cd 00 08 00 11 0b cd 01 de 00 f0 0f,gyro_20251028.txt
2025-10-28,,frame,94 a6 62 b2 9a b2 60 94 a6 62 b2 a0 a8 61 03 f0 42 11 ff 00 00 55 d0 00 a8 00 fa f1 6f db 90 e1 ad 00 00 00 00 00 00 00 00 01 ec 00 08 00 11 0b cc 02 bd 00 f0 0f d0 00 a9 00 fb f9 76 d9 72 ea c3 00 00 00 00 00 00 00 00 00 b4 00 06 00 11 0b cd 03 97 00 f0 0f,gyro_20251028.txt
2025-10-28,,frame,94 a6 62 b2 9a b2 60 94 a6 62 b2 a0 a8 61 03 f0 42 11 ff 00 00 56 d0 00 aa 00 fd 01 95 d8 d3 f4 f9 00 00 00 00 00 00 00 00 00 0b 00 09 00 6f 0b ce 03 d9 00 f0 0f d0 00 ab 00 fe 09 e6 d9 ce ff 71 00 00 00 00 00 00 00 00 00 0c 00 08 00 93 0b ce 03 be 00 f0 0f,gyro_20251028.txt
2025-10-28,,frame,94 a6 62 b2 9a b2 60 94 a6 62 b2 a0 a8 61 03 f0 42 11 ff 00 00 57 d0 00 ac 01 00 11 b5 dc 53 09 ea 00 00 00 00 00 00 00 00 00 0c 00 07 00 8c 0b ce 03 c2 00 f0 0f d0 00 ad 01 01 18 bd e0 52 13 cb 00 00 00 00 00 00 00 00 00 0b 00 07 00 7f 0b ce 03 e7 00 f0 0f,gyro_20251028.txt
2025-10-28,,frame,94 a6 62 b2 9a b2 60 94 a6 62 b2 a0 a8 61 03 f0 42 11 ff 00 00 58 d0 00 ae 01 03 1f 0d e5 87 1c 92 00 00 00 00 00 00 00 00 00 0c 00 07 00 38 0b ce 04 35 00 f0 0f d0 00 af 01 04 24 15 ec 35 23 f7 00 00 00 00 00 00 00 00 00 0b 00 08 00 10 0b cf 04 83 00 f0 0f,gyro_20251028.txt
2025-10-28,,frame,94 a6 62 b2 9a b2 60 94 a6 62 b2 a0 a8 61 03 f0 42 11 ff 00 00 59 d0 00 b0 01 05 27 c7 f3 ae 29 c7 00 00 00 00 00 00 00 00 00 2c 00 08 00 10 0b cd 05 e4 00 f0 0f d0 00 b1 01 07 29 d7 fb ad 2d ca 00 00 00 00 00 00 00 00 00 0b 00 07 00 11 0b ce 04 35 00 f0 0f,gyro_20251028.txt
2025-10-28,,frame,94 a6 62 b2 9a b2 60 94 a6 62 b2 a0 a8 61 03 f0 42 11 ff 00 00 5a d0 00 b2 01 08 29 fe 04 51 2f db 00 00 00 00 00 00 00 00 00 0b 00 07 00 10 0b cf 04 39 00 f0 0f d0 00 b3 01 0a d7 c1 f3 01 d0 4c 00 00 00 00 00 00 00 00 00 10 00 07 00 10 0b ce 06 0f 00 f0 0f,gyro_20251028.txt
2025-10-28,,frame,94 a6 62 b2 9a b2 60 94 a6 62 b2 a0 a8 61 03 f0 42 11 ff 00 00 5b d0 00 b4 01 0b db 27 ea 94 d2 f7 00 00 00 00 00 00 00 00 00 0a 00 06 00 11 0b ce 06 28 00 f0 0f d0 00 b5 01 0d e0 c3 e3 23 d7 87 00 00 00 00 00 00 00 00 00 0c 00 07 00 11 0b cf 04 38 00 f0 0f,gyro_20251028.txt
2025-10-28,,frame,94 a6 62 b2 9a b2 60 94 a6 62 b2 a0 a8 61 03 f0 42 11 ff 00 00 5c d0 00 b6 01 0e e8 85 dd 48 dd c3 00 00 00 00 00 00 00 00 00 0b 00 08 00 10 0b cf 04 39 00 f0 0f d0 00 b7 01 10 f1 07 d8 a4 e6 6f 00 00 00 00 00 00 00 00 00 0c 00 08 00 10 0b cf 04 31 00 f0 0f,gyro_20251028.txt
2025-10-28,,frame,94 a6 62 b2 9a b2 60 94 a6 62 b2 a0 a8 61 03 f0 42 11 ff 00 00 5d d0 00 b8 01 11 fa e7 d6 99 ef db 00 00 00 00 00 00 00 00 00 0a 00 06 00 10 0b c4 05 fc 00 f0 0f d0 00 b9 01 13 04 a4 d6 84 fa 4a 00 00 00 00 00 00 00 00 00 08 00 07 00 13 0b cf 04 3d 00 f0 0f,gyro_20251028.txt
2025-10-28,,frame,94 a6 62 b2 9a b2 60 94 a6 62 b2 a0 a8 61 03 f0 42 11 ff 00 00 5e d0 00 ba 01 14 0e 36 d8 6d 04 88 00 00 00 00 00 00 00 00 00 0a 00 07 00 11 0b cf 06 27 00 f0 0f d0 00 bb 01 15 16 a8 dc 92 0e 72 00 00 00 00 00 00 00 00 00 0a 00 07 00 10 0b d0 06 1a 00 f0 0f,gyro_20251028.txt
2025-10-28,,frame,94 a6 62 b2 9a b2 60 94 a6 62 b2 a0 a8 61 03 f0 42 11 ff 00 00 5f d0 00 bc 01 17 1e 33 e1 cd 17 38 00 00 00 00 00 00 00 00 00 0b 00 06 00 11 0b cf 04 1c 00 f0 0f d0 00 bd 01 18 24 ad e8 a9 1e 94 00 00 00 00 00 00 00 00 00 0a 00 f9 00 11 0b ce 05 03 00 f0 0f,gyro_20251028.txt
2025-10-28,,frame,94 a6 62 b2 9a b2 60 94 a6 62 b2 a0 a8 61 03 f0 42 11 ff 00 00 60 d0 00 be 01 1a 28 ff f0 a3 24 e2 00 00 00 00 00 00 00 00 00 0c 00 d0 00 10 0b cf 03 3f 00 f0 0f d0 00 bf 01 1b 2c 10 f9 37 29 02 00 00 00 00 00 00 00 00 00 50 00 d8 00 10 0b ce 02 c0 00 f0 0f,gyro_20251028.txt
2025-10-28,,frame,94 a6 62 b2 9a b2 60 94 a6 62 b2 a0 a8 61 03 f0 42 11 ff 00 00 61 d0 00 c0 01 1d 2c 42 01 9f 2c 83 00 00 00 00 00 00 00 00 02 46 00 e5 00 11 0b cf 02 e1 00 f0 0f d0 00 c1 01 1e 2b 89 09 c1 2d bc 00 00 00 00 00 00 00 00 03 9f 00 38 00 10 0b cf 02 30 00 f0 0f,gyro_20251028.txt
2025-10-28,,frame,94 a6 62 b2 9a b2 60 94 a6 62 b2 a0 a8 61 03 f0 42 11 ff 00 00 62 d0 00 c2 01 20 d6 8f ee 1e d2 df 00 00 00 00 00 00 00 00 03 7c 00 07 00 11 0b cf 00 b9 00 f0 0f d0 00 c3 01 21 db 65 e7 bd d3 7a 00 00 00 00 00 00 00 00 05 08 00 07 00 12 0b ce 01 19 00 f0 0f,gyro_20251028.txt
2025-10-28,,frame,94 a6 62 b2 9a b2 60 94 a6 62 b2 a0 a8 61 03 f0 42 11 ff 00 00 63 d0 00 c4 01 23 e0 fe e1 77 d6 88 00 00 00 00 00 00 00 00 03 ad 00 07 00 32 0b d0 00 26 00 f0 0f d0 00 c5 01 24 e7 f4 dc 5d db 39 00 00 00 00 00 00 00 00 02 f6 00 08 01 4a 0b ce 00 17 00 f0 0f,gyro_20251028.txt
2025-10-28,,frame,94 a6 62 b2 9a b2 60 94 a6 62 b2 a0 a8 61 03 f0 42 11 ff 00 00 64 d0 00 c6 01 25 ef d8 d9 74 e1 3d 00 00 00 00 00 00 00 00 02 06 00 07 02 16 0b d1 00 2d 00 f0 0f d0 00 c7 01 27 f8 60 d6 ee e8 a4 00 00 00 00 00 00 00 00 01 03 00 08 02 ae 0b d1 00 87 00 f0 0f,gyro_20251028.txt
2025-10-28,,frame,94 a6 62 b2 9a b2 60 94 a6 62 b2 a0 a8 61 03 f0 42 11 ff 00 00 65 d0 00 c8 01 28 00 5a d6 f5 f1 3c 00 00 00 00 00 00 00 00 00 14 00 06 02 fa 0b d2 01 2c 00 f0 0f d0 00 c9 01 2a 08 27 d8 3b fa 7c 00 00 00 00 00 00 00 00 00 0a 00 08 02 b2 0b d2 01 95 00 f0 0f,gyro_20251028.txt
2025-10-28,,frame,94 a6 62 b2 9a b2 60 94 a6 62 b2 a0 a8 61 03 f0 42 11 ff 00 00 66 d0 00 ca 01 2b 10 45 da da 03 92 00 00 00 00 00 00 00 00 00 0c 00 06 02 1d 0b d3 02 3d 00 f0 0f d0 00 cb 01 2d 16 d2 de bb 0d 58 00 00 00 00 00 00 00 00 00 0b 00 07 01 6f 0b d2 02 f1 00 f0 0f,gyro_20251028.txt
2025-10-28,,frame,94 a6 62 b2 9a b2 60 94 a6 62 b2 a0 a8 61 03 f0 42 11 ff 00 00 67 d0 00 cc 01 2e 1d 3a e4 14 15 f4 00 00 00 00 00 00 00 00 00 0b 00 08 00 5e 0b d3 04 04 00 f0 0f d0 00 cd 01 30 22 ac ea 54 1d 7f 00 00 00 00 00 00 00 00 00 37 00 07 00 11 0b d3 04 65 00 f0 0f,gyro_20251028.txt
2025-10-28,,frame,94 a6 62 b2 9a b2 60 94 a6 62 b2 a0 a8 61 03 f0 42 11 ff 00 00 68 d0 00 ce 01 31 25 e0 f0 77 24 e8 00 00 00 00 00 00 00 00 00 27 01 33 00 10 0b d3 03 38 00 f0 0f d0 00 cf 01 33 28 28 f7 bb 2a 6f 00 00 00 00 00 00 00 00 00 0d 02 c7 00 10 0b d4 01 b8 00 f0 0f,gyro_20251028.txt
2025-10-28,,frame,94 a6 62 b2 9a b2 60 94 a6 62 b2 a0 a8 61 03 f0 42 11 ff 00 00 69 d0 00 d0 01 34 29 28 fe d1 2e 69 00 00 00 00 00 00 00 00 00 0a 03 c0 00 11 0b d4 00 be 00 f0 0f d0 00 d1 01 35 28 a6 06 5e 30 a3 00 00 00 00 00 00 00 00 00 0b 04 43 00 10 0b d7 00 35 00 f0 0f,gyro_20251028.txt
2025-10-28,,frame,94 a6 62 b2 9a b2 60 94 a6 62 b2 a0 a8 61 03 f0 42 11 ff 00 00 6a d0 00 d2 01 37 d9 2d f2 27 cf 32 00 00 00 00 00 00 00 00 00 0c 04 6b 00 10 0b d9 00 15 00 f0 0f d0 00 d3 01 38 dc 8c ea f4 d1 1a 00 00 00 00 00 00 00 00 00 08 04 63 00 10 0b d5 00 14 00 f0 0f,gyro_20251028.txt
2025-10-28,,frame,94 a6 62 b2 9a b2 60 94 a6 62 b2 a0 a8 61 03 f0 42 11 ff 00 00 6b d0 00 d4 01 3a e1 9a e4 68 d5 0b 00 00 00 00 00 00 00 00 00 0c 04 2e 00 11 0b d5 00 46 00 f0 0f d0 00 d5 01 3b e8 25 de ce db 1e 00 00 00 00 00 00 00 00 00 16 03 98 00 10 0b d5 00 c0 00 f0 0f,gyro_20251028.txt
2025-10-28,,frame,94 a6 62 b2 9a b2 60 94 a6 62 b2 a0 a8 61 03 f0 42 11 ff 00 00 6c d0 00 d6 01 3d ef c7 da b8 e3 47 00 00 00 00 00 00 00 00 00 8b 02 7f 00 10 0b d5 01 45 00 f0 0f d0 00 d7 01 3e f8 88 d8 74 ec dc 00 00 00 00 00 00 00 00 00 f4 01 69 00 10 0b d7 01 fa 00 f0 0f,gyro_20251028.txt
2025-10-28,,frame,94 a6 62 b2 9a b2 60 94 a6 62 b2 a0 a8 61 03 f0 42 11 ff 00 00 6d d0 00 d8 01 40 01 7c d7 ba f7 ec 00 00 00 00 00 00 00 00 01 19 00 54 00 10 0b d7 02 f4 00 f0 0f d0 00 d9 01 41 0a ba d9 32 03 0d 00 00 00 00 00 00 00 00 00 c3 00 06 00 11 0b d7 03 b1 00 f0 0f,gyro_20251028.txt
2025-10-28,,frame,94 a6 62 b2 9a b2 60 94 a6 62 b2 a0 a8 61 03 f0 42 11 ff 00 00 6e d0 00 da 01 43 13 4e dc ca 0e 1a 00 00 00 00 00 00 00 00 00 1e 00 07 00 10 0b d7 04 68 00 f0 0f d0 00 db 01 44 1a eb e1 ec 18 22 00 00 00 00 00 00 00 00 00 0a 00 07 00 11 0b d7 04 4e 00 f0 0f,gyro_20251028.txt
2025-10-28,,frame,94 a6 62 b2 9a b2 60 94 a6 62 b2 a0 a8 61 03 f0 42 11 ff 00 00 6f d0 00 dc 01 46 21 0e e8 84 20 e8 00 00 00 00 00 00 00 00 00 0c 00 07 00 77 0b d8 03 d7 00 f0 0f d0 00 dd 01 47 25 bd f0 35 27 d7 00 00 00 00 00 00 00 00 00 0b 00 07 00 a0 0b d8 03 c0 00 f0 0f,gyro_20251028.txt
2025-10-28,,frame,94 a6 62 b2 9a b2 60 94 a6 62 b2 a0 a8 61 03 f0 42 11 ff 00 00 70 d0 00 de 01 48 28 e7 f8 81 2c 86 00 00 00 00 00 00 00 00 00 0b 00 06 00 99 0b d8 03 bf 00 f0 0f d0 00 df 01 4a 29 f4 01 2d 2f 50 00 00 00 00 00 00 00 00 00 0c 00 06 00 6b 0b d8 03 db 00 f0 0f,gyro_20251028.txt
2025-10-28,,frame,94 a6 62 b2 9a b2 60 94 a6 62 b2 a0 a8 61 03 f0 42 11 ff 00 00 71 d0 00 e0 01 4b d6 a6 f6 19 d0 2b 00 00 00 00 00 00 00 00 00 0b 00 06 00 32 0b d8 04 28 00 f0 0f d0 00 e1 01 4d d9 3d ed d8 d1 6c 00 00 00 00 00 00 00 00 00 0a 00 07 00 11 0b d7 04 4b 00 f0 0f,gyro_20251028.txt
2025-10-28,,frame,94 a6 62 b2 9a b2 60 94 a6 62 b2 a0 a8 61 03 f0 42 11 ff 00 00 72 d0 00 e2 01 4e dc 53 e5 9c d5 cd 00 00 00 00 00 00 00 00 00 0a 00 06 00 11 0b d7 04 56 00 f0 0f d0 00 e3 01 50 e3 24 df c5 d9 b3 00 00 00 00 00 00 00 00 00 0a 00 07 00 34 0b d8 04 29 00 f0 0f,gyro_20251028.txt
2025-10-28,,frame,94 a6 62 b2 9a b2 60 94 a6 62 b2 a0 a8 61 03 f0 42 11 ff 00 00 73 d0 00 e4 01 51 ea 81 da 5b e0 72 00 00 00 00 00 00 00 00 00 0c 00 07 00 95 0b d7 03 ca 00 f0 0f d0 00 e5 01 53 f2 a8 d5 a9 e9 57 00 00 00 00 00 00 00 00 00 09 00 07 01 06 0b d7 03 4c 00 f0 0f,gyro_20251028.txt
2025-10-28,,frame,94 a6 62 b2 9a b2 60 94 a6 62 b2 a0 a8 61 03 f0 42 11 ff 00 00 78 d0 00 ee 01 60 2a fb 03 d9 2d ab 00 00 00 00 00 00 00 00 00 0b 02 09 00 11 0b d8 02 7d 00 f0 0f d0 00 ef 01 61 2a 07 0b d7 2e a3 00 00 00 00 00 00 00 00 00 0b 02 eb 00 10 0b d8 01 95 00 f0 0f,gyro_20251028.txt
2025-10-28,,frame,94 a6 62 b2 9a b2 60 94 a6 62 b2 a0 a8 61 03 f0 42 11 ff 00 00 79 d0 00 f0 01 63 d8 7b ec 9e d1 bb 00 00 00 00 00 00 00 00 00 12 03 5e 00 0f 0b d5 00 f8 00 f0 0f d0 00 f1 01 64 dc 7c e6 6e d3 1f 00 00 00 00 00 00 00 00 01 2e 02 ff 00 12 0b d7 00 34 00 f0 0f,gyro_20251028.txt
2025-10-28,,frame,94 a6 62 b2 9a b2 60 94 a6 62 b2 a0 a8 61 03 f0 42 11 ff 00 00 7a d0 00 f2 01 65 e1 ac e0 42 d6 4c 00 00 00 00 00 00 00 00 02 44 02 4a 00 10 0b d7 00 14 00 f0 0f d0 00 f3 01 67 e7 f8 dc 43 da bc 00 00 00 00 00 00 00 00 03 11 01 75 00 11 0b d8 00 15 00 f0 0f,gyro_20251028.txt
2025-10-28,,frame,94 a6 62 b2 9a b2 60 94 a6 62 b2 a0 a8 61 03 f0 42 11 ff 00 00 7b d0 00 f4 01 68 ef 22 d8 f0 e0 c3 00 00 00 00 00 00 00 00 03 ce 00 a1 00 11 0b d8 00 17 00 f0 0f d0 00 f5 01 6a f6 98 d7 17 e8 4a 00 00 00 00 00 00 00 00 04 8e 00 09 00 11 0b da 00 14 00 f0 0f,gyro_20251028.txt
2025-10-28,,frame,94 a6 62 b2 9a b2 60 94 a6 62 b2 a0 a8 61 03 f0 42 11 ff 00 00 7c d0 00 f6 01 6b fe 6e d6 d3 f0 e9 00 00 00 00 00 00 00 00 04 9b 00 08 00 11 0b d8 00 15 00 f0 0f d0 00 f7 01 6d 06 78 d7 d1 fa 3c 00 00 00 00 00 00 00 00 04 53 00 07 00 11 0b d8 00 38 00 f0 0f,gyro_20251028.txt
2025-10-28,,frame,94 a6 62 b2 9a b2 60 94 a6 62 b2 a0 a8 61 03 f0 42 11 ff 00 00 7d d0 00 f8 01 6e 0e 08 da 5a 04 3c 00 00 00 00 00 00 00 00 03 41 00 08 00 85 0b da 00 8a 00 f0 0f d0 00 f9 01 70 15 39 de 4e 0e 46 00 00 00 00 00 00 00 00 01 e5 00 06 01 62 0b d9 01 0b 00 f0 0f,gyro_20251028.txt
2025-10-28,,frame,94 a6 62 b2 9a b2 60 94 a6 62 b2 a0 a8 61 03 f0 42 11 ff 00 00 7e d0 00 fa 01 71 1b 6e e3 83 17 f9 00 00 00 00 00 00 00 00 00 54 00 07 02 09 0b da 01 c5 00 f0 0f d0 00 fb 01 73 20 c1 e9 d5 20 93 00 00 00 00 00 00 00 00 00 0b 00 07 02 49 0b da 02 11 00 f0 0f,gyro_20251028.txt
2025-10-28,,frame,94 a6 62 b2 9a b2 60 94 a6 62 b2 a0 a8 61 03 f0 42 11 ff 00 00 7f d0 00 fc 01 74 23 37 ed 53 25 bf 00 00 00 00 00 00 00 00 00 0a 00 08 02 0c 0b da 02 45 00 f0 0f d0 00 fd 01 75 23 2f ec ce 25 d4 00 00 00 00 00 00 00 00 00 0a 00 07 01 c9 0b db 02 8b 00 f0 0f,gyro_20251028.txt
