recorded_at,source,name,line1,line2
2025-10-10T21:16:46.672779+09:00,gs_db,BOTAN,1 99999U   24001A 25283.40981929  .00000000  00000-0  00000-0 0    18,2 99999  51.6210  96.0336 0007676 147.2704 274.5466 15.51535239    14
2025-10-10T21:16:46.817762+09:00,gs_db,BOTAN,1 99999U   24001A 25283.40981929  .00000000  00000-0  00000-0 0    18,2 99999  51.6210  96.0336 0007676 147.2704 274.5466 15.51535239    14
2025-10-12T07:19:00.70371+09:00,gs_db,,1 98543U          25284.31303454  .00000000  00000-0  20092-3 0    02,2 98543  51.6320  91.4346 0000966 226.7270 199.7405 15.50421493    01
2025-10-12T07:19:00.84026+09:00,gs_db,BOTAN,1 98543U          25284.31303454  .00000000  00000-0  20092-3 0    02,2 98543  51.6320  91.4346 0000966 226.7270 199.7405 15.50421493    01
2025-10-12T18:54:42.644961+09:00,gs_db,BOTAN,1 65943U 98067XQ  25284.36553998  .00003834  00000+0  73976-4 0  9999,2 65943  51.6335  91.2721 0003699 215.8784 144.1957 15.50451380   155
2025-10-12T18:54:42.828457+09:00,gs_db,BOTAN,1 65943U 98067XQ  25284.36553998  .00003834  00000+0  73976-4 0  9999,2 65943  51.6335  91.2721 0003699 215.8784 144.1957 15.50451380   155
2025-10-13T00:00:35.752+09:00,gs_db,BOTAN,1 65943U 98067XQ  25285.33220530  .00064551  00000+0  11008-2 0  9999,2 65943  51.6327  86.4784 0003809 236.1351 123.9276 15.50730489   306
2025-10-13T03:00:16.110936+09:00,gs_db,BOTAN,1 65943U 98067XQ  25285.33220530  .00064551  00000+0  11008-2 0  9999,2 65943  51.6327  86.4784 0003809 236.1351 123.9276 15.50730489   306
2025-10-13T03:00:20.510519+09:00,gs_db,BOTAN,1 65943U 98067XQ  25285.33220530  .00064551  00000+0  11008-2 0  9999,2 65943  51.6327  86.4784 0003809 236.1351 123.9276 15.50730489   306
2025-10-13T06:00:28.32937+09:00,gs_db,BOTAN,1 65943U 98067XQ  25285.58997447  .00063733  00000+0  10857-2 0  9996,2 65943  51.6324  85.1990 0003785 237.3344 122.7280 15.50766247   343
2025-10-13T09:00:32.308591+09:00,gs_db,BOTAN,1 65943U 98067XQ  25285.58997447  .00063733  00000+0  10857-2 0  9996,2 65943  51.6324  85.1990 0003785 237.3344 122.7280 15.50766247   343
2025-10-13T09:00:36.671654+09:00,gs_db,BOTAN,1 65943U 98067XQ  25285.58997447  .00063733  00000+0  10857-2 0  9996,2 65943  51.6324  85.1990 0003785 237.3344 122.7280 15.50766247   343
2025-10-13T12:00:26.832601+09:00,gs_db,BOTAN,1 65943U 98067XQ  25285.58997447  .00063733  00000+0  10857-2 0  9996,2 65943  51.6324  85.1990 0003785 237.3344 122.7280 15.50766247   343
2025-10-13T15:00:18.879118+09:00,gs_db,BOTAN,1 65943U 98067XQ  25285.91217789  .00066602  00000+0  11320-2 0  9991,2 65943  51.6331  83.6005 0003833 239.0506 121.0107 15.50811353   398
2025-10-13T15:00:21.562585+09:00,gs_db,BOTAN,1 65943U 98067XQ  25285.91217789  .00066602  00000+0  11320-2 0  9991,2 65943  51.6331  83.6005 0003833 239.0506 121.0107 15.50811353   398
2025-10-13T18:00:33.531874+09:00,gs_db,BOTAN,1 65943U 98067XQ  25285.91217789  .00066602  00000+0  11320-2 0  9991,2 65943  51.6331  83.6005 0003833 239.0506 121.0107 15.50811353   398
2025-10-13T21:00:28.834196+09:00,gs_db,BOTAN,1 65943U 98067XQ  25285.91217789  .00066602  00000+0  11320-2 0  9991,2 65943  51.6331  83.6005 0003833 239.0506 121.0107 15.50811353   398
2025-10-13T21:00:33.18351+09:00,gs_db,BOTAN,1 65943U 98067XQ  25285.91217789  .00066602  00000+0  11320-2 0  9991,2 65943  51.6331  83.6005 0003833 239.0506 121.0107 15.50811353   398
2025-10-14T00:00:22.110014+09:00,gs_db,BOTAN,1 65943U 98067XQ  25286.16993423  .00069099  00000+0  11724-2 0  9996,2 65943  51.6330  82.3225 0003771 241.5054 118.5555 15.50844253   432
2025-10-14T03:00:14.240135+09:00,gs_db,BOTAN,1 65943U 98067XQ  25286.16993423  .00069099  00000+0  11724-2 0  9996,2 65943  51.6330  82.3225 0003771 241.5054 118.5555 15.50844253   432
2025-10-14T03:00:15.743929+09:00,gs_db,BOTAN,1 65943U 98067XQ  25286.16993423  .00069099  00000+0  11724-2 0  9996,2 65943  51.6330  82.3225 0003771 241.5054 118.5555 15.50844253   432
2025-10-14T06:00:30.135352+09:00,gs_db,BOTAN,1 65943U 98067XQ  25286.49212142  .00059150  00000+0  10045-2 0  9996,2 65943  51.6330  80.7238 0003756 243.8141 116.2462 15.50886430   483
2025-10-14T09:00:24.65246+09:00,gs_db,BOTAN,1 65943U 98067XQ  25286.49212142  .00059150  00000+0  10045-2 0  9996,2 65943  51.6330  80.7238 0003756 243.8141 116.2462 15.50886430   483
2025-10-14T09:00:37.00339+09:00,gs_db,BOTAN,1 65943U 98067XQ  25286.49212142  .00059150  00000+0  10045-2 0  9996,2 65943  51.6330  80.7238 0003756 243.8141 116.2462 15.50886430   483
2025-10-14T15:00:13.12429+09:00,gs_db,BOTAN,1 65943U 98067XQ  25286.87873425  .00058467  00000+0  99121-3 0  9998,2 65943  51.6330  78.8051 0003765 245.3184 114.7413 15.50938028   545
2025-10-14T15:00:19.517953+09:00,gs_db,BOTAN,1 65943U 98067XQ  25286.87873425  .00058467  00000+0  99121-3 0  9998,2 65943  51.6330  78.8051 0003765 245.3184 114.7413 15.50938028   545
2025-10-14T18:00:08.604039+09:00,gs_db,BOTAN,1 65943U 98067XQ  25286.87873425  .00058467  00000+0  99121-3 0  9998,2 65943  51.6330  78.8051 0003765 245.3184 114.7413 15.50938028   545
2025-10-14T21:00:09.788663+09:00,gs_db,BOTAN,1 65943U 98067XQ  25286.87873425  .00058467  00000+0  99121-3 0  9998,2 65943  51.6330  78.8051 0003765 245.3184 114.7413 15.50938028   545
2025-10-14T21:00:29.299812+09:00,gs_db,BOTAN,1 65943U 98067XQ  25286.87873425  .00058467  00000+0  99121-3 0  9998,2 65943  51.6330  78.8051 0003765 245.3184 114.7413 15.50938028   545
2025-10-15T00:00:18.191403+09:00,gs_db,BOTAN,1 65943U 98067XQ  25286.87873425  .00058467  00000+0  99121-3 0  9998,2 65943  51.6330  78.8051 0003765 245.3184 114.7413 15.50938028   545
2025-10-15T03:00:12.844061+09:00,gs_db,BOTAN,1 65943U 98067XQ  25286.87873425  .00058467  00000+0  99121-3 0  9998,2 65943  51.6330  78.8051 0003765 245.3184 114.7413 15.50938028   545
2025-10-15T03:00:14.14647+09:00,gs_db,BOTAN,1 65943U 98067XQ  25286.87873425  .00058467  00000+0  99121-3 0  9998,2 65943  51.6330  78.8051 0003765 245.3184 114.7413 15.50938028   545
2025-10-15T06:00:23.274936+09:00,gs_db,BOTAN,1 65943U 98067XQ  25287.13647130  .00054339  00000+0  92160-3 0  9990,2 65943  51.6328  77.5269 0003712 247.5724 112.4872 15.50958410   580
2025-10-15T09:00:42.524459+09:00,gs_db,BOTAN,1 65943U 98067XQ  25287.13647130  .00054339  00000+0  92160-3 0  9990,2 65943  51.6328  77.5269 0003712 247.5724 112.4872 15.50958410   580
2025-10-15T09:00:46.216692+09:00,gs_db,BOTAN,1 65943U 98067XQ  25287.13647130  .00054339  00000+0  92160-3 0  9990,2 65943  51.6328  77.5269 0003712 247.5724 112.4872 15.50958410   580
2025-10-15T12:00:19.045184+09:00,gs_db,BOTAN,1 65943U 98067XQ  25287.13647130  .00054339  00000+0  92160-3 0  9990,2 65943  51.6328  77.5269 0003712 247.5724 112.4872 15.50958410   580
2025-10-15T15:00:12.190344+09:00,gs_db,BOTAN,1 65943U 98067XQ  25287.84522252  .00052018  00000+0  88036-3 0  9994,2 65943  51.6324  74.0092 0003754 251.1046 108.9537 15.51036942   694
2025-10-15T15:00:15.714503+09:00,gs_db,BOTAN,1 65943U 98067XQ  25287.84522252  .00052018  00000+0  88036-3 0  9994,2 65943  51.6324  74.0092 0003754 251.1046 108.9537 15.51036942   694
2025-10-15T18:00:23.631945+09:00,gs_db,BOTAN,1 65943U 98067XQ  25287.84522252  .00052018  00000+0  88036-3 0  9994,2 65943  51.6324  74.0092 0003754 251.1046 108.9537 15.51036942   694
2025-10-15T21:00:27.542699+09:00,gs_db,BOTAN,1 65943U 98067XQ  25287.84522252  .00052018  00000+0  88036-3 0  9994,2 65943  51.6324  74.0092 0003754 251.1046 108.9537 15.51036942   694
2025-10-15T21:00:30.769703+09:00,gs_db,BOTAN,1 65943U 98067XQ  25287.84522252  .00052018  00000+0  88036-3 0  9994,2 65943  51.6324  74.0092 0003754 251.1046 108.9537 15.51036942   694
2025-10-16T00:00:17.764435+09:00,gs_db,BOTAN,1 65943U 98067XQ  25287.84522252  .00052018  00000+0  88036-3 0  9994,2 65943  51.6324  74.0092 0003754 251.1046 108.9537 15.51036942   694
2025-10-16T03:00:14.570315+09:00,gs_db,BOTAN,1 65943U 98067XQ  25287.84522252  .00052018  00000+0  88036-3 0  9994,2 65943  51.6324  74.0092 0003754 251.1046 108.9537 15.51036942   694
2025-10-16T03:00:16.50954+09:00,gs_db,BOTAN,1 65943U 98067XQ  25287.84522252  .00052018  00000+0  88036-3 0  9994,2 65943  51.6324  74.0092 0003754 251.1046 108.9537 15.51036942   694
2025-10-16T06:00:29.396699+09:00,gs_db,BOTAN,1 65943U 98067XQ  25288.42508488  .00058863  00000+0  99215-3 0  9999,2 65943  51.6323  71.1318 0003740 255.7962 104.2611 15.51098333   788
2025-10-16T09:00:38.487616+09:00,gs_db,BOTAN,1 65943U 98067XQ  25288.42508488  .00058863  00000+0  99215-3 0  9999,2 65943  51.6323  71.1318 0003740 255.7962 104.2611 15.51098333   788
2025-10-16T09:00:46.445748+09:00,gs_db,BOTAN,1 65943U 98067XQ  25288.42508488  .00058863  00000+0  99215-3 0  9999,2 65943  51.6323  71.1318 0003740 255.7962 104.2611 15.51098333   788
2025-10-16T12:00:20.966616+09:00,gs_db,BOTAN,1 65943U 98067XQ  25288.42508488  .00058863  00000+0  99215-3 0  9999,2 65943  51.6323  71.1318 0003740 255.7962 104.2611 15.51098333   788
2025-10-16T15:00:22.176041+09:00,gs_db,BOTAN,1 65943U 98067XQ  25288.42508488  .00058863  00000+0  99215-3 0  9999,2 65943  51.6323  71.1318 0003740 255.7962 104.2611 15.51098333   788
2025-10-16T15:00:23.926958+09:00,gs_db,BOTAN,1 65943U 98067XQ  25288.42508488  .00058863  00000+0  99215-3 0  9999,2 65943  51.6323  71.1318 0003740 255.7962 104.2611 15.51098333   788
2025-10-16T18:00:27.094587+09:00,gs_db,BOTAN,1 65943U 98067XQ  25288.42508488  .00058863  00000+0  99215-3 0  9999,2 65943  51.6323  71.1318 0003740 255.7962 104.2611 15.51098333   788
2025-10-16T21:00:34.545354+09:00,gs_db,BOTAN,1 65943U 98067XQ  25288.42508488  .00058863  00000+0  99215-3 0  9999,2 65943  51.6323  71.1318 0003740 255.7962 104.2611 15.51098333   788
2025-10-16T21:00:41.724588+09:00,gs_db,BOTAN,1 65943U 98067XQ  25288.42508488  .00058863  00000+0  99215-3 0  9999,2 65943  51.6323  71.1318 0003740 255.7962 104.2611 15.51098333   788
2025-10-17T00:00:22.684405+09:00,gs_db,BOTAN,1 65943U 98067XQ  25288.42508488  .00058863  00000+0  99215-3 0  9999,2 65943  51.6323  71.1318 0003740 255.7962 104.2611 15.51098333   788
2025-10-17T03:00:12.587784+09:00,gs_db,BOTAN,1 65943U 98067XQ  25288.42508488  .00058863  00000+0  99215-3 0  9999,2 65943  51.6323  71.1318 0003740 255.7962 104.2611 15.51098333   788
2025-10-17T03:00:14.353974+09:00,gs_db,BOTAN,1 65943U 98067XQ  25288.42508488  .00058863  00000+0  99215-3 0  9999,2 65943  51.6323  71.1318 0003740 255.7962 104.2611 15.51098333   788
2025-10-17T06:00:26.54582+09:00,gs_db,BOTAN,1 65943U 98067XQ  25289.45589133  .00054551  00000+0  91678-3 0  9994,2 65943  51.6325  66.0145 0003718 262.3160  97.7408 15.51213664   944
2025-10-17T09:00:36.77702+09:00,gs_db,BOTAN,1 65943U 98067XQ  25289.45589133  .00054551  00000+0  91678-3 0  9994,2 65943  51.6325  66.0145 0003718 262.3160  97.7408 15.51213664   944
2025-10-17T09:00:40.944677+09:00,gs_db,BOTAN,1 65943U 98067XQ  25289.45589133  .00054551  00000+0  91678-3 0  9994,2 65943  51.6325  66.0145 0003718 262.3160  97.7408 15.51213664   944
2025-10-17T12:00:19.725469+09:00,gs_db,E-KAGAKU-1,1 65943U 98067XQ  25289.45589133  .00054551  00000+0  91678-3 0  9994,2 65943  51.6325  66.0145 0003718 262.3160  97.7408 15.51213664   944
2025-10-17T15:00:15.786551+09:00,gs_db,E-KAGAKU-1,1 65943U 98067XQ  25289.45589133  .00054551  00000+0  91678-3 0  9994,2 65943  51.6325  66.0145 0003718 262.3160  97.7408 15.51213664   944
2025-10-17T15:00:20.870715+09:00,gs_db,E-KAGAKU-1,1 65943U 98067XQ  25289.45589133  .00054551  00000+0  91678-3 0  9994,2 65943  51.6325  66.0145 0003718 262.3160  97.7408 15.51213664   944
2025-10-17T18:00:28.75039+09:00,gs_db,BOTAN,1 65942U 98067XP  25289.84214213  .00093276  00000+0  15420-2 0  9997,2 65942  51.6323  64.0935 0003398 268.7339  91.3261 15.51440199  1008
2025-10-17T21:00:27.691924+09:00,gs_db,BOTAN,1 65942U 98067XP  25289.84214213  .00093276  00000+0  15420-2 0  9997,2 65942  51.6323  64.0935 0003398 268.7339  91.3261 15.51440199  1008
2025-10-17T21:00:33.412536+09:00,gs_db,BOTAN,1 65942U 98067XP  25289.84214213  .00093276  00000+0  15420-2 0  9997,2 65942  51.6323  64.0935 0003398 268.7339  91.3261 15.51440199  1008
2025-10-18T00:00:20.017793+09:00,gs_db,BOTAN,1 65942U 98067XP  25289.84214213  .00093276  00000+0  15420-2 0  9997,2 65942  51.6323  64.0935 0003398 268.7339  91.3261 15.51440199  1008
2025-10-18T03:00:12.324814+09:00,gs_db,BOTAN,1 65942U 98067XP  25289.84214213  .00093276  00000+0  15420-2 0  9997,2 65942  51.6323  64.0935 0003398 268.7339  91.3261 15.51440199  1008
2025-10-18T03:00:14.044223+09:00,gs_db,BOTAN,1 65942U 98067XP  25289.84214213  .00093276  00000+0  15420-2 0  9997,2 65942  51.6323  64.0935 0003398 268.7339  91.3261 15.51440199  1008
2025-10-18T06:00:27.709528+09:00,gs_db,BOTAN,1 65942U 98067XP  25290.29302736  .00086688  00000+0  14314-2 0  9996,2 65942  51.6323  61.8547 0003381 272.7356  87.3247 15.51506681  1073
2025-10-18T09:00:40.370248+09:00,gs_db,BOTAN,1 65942U 98067XP  25290.29302736  .00086688  00000+0  14314-2 0  9996,2 65942  51.6323  61.8547 0003381 272.7356  87.3247 15.51506681  1073
2025-10-18T09:00:46.850158+09:00,gs_db,BOTAN,1 65942U 98067XP  25290.29302736  .00086688  00000+0  14314-2 0  9996,2 65942  51.6323  61.8547 0003381 272.7356  87.3247 15.51506681  1073
2025-10-18T12:00:24.475565+09:00,gs_db,BOTAN,1 65942U 98067XP  25290.29302736  .00086688  00000+0  14314-2 0  9996,2 65942  51.6323  61.8547 0003381 272.7356  87.3247 15.51506681  1073
2025-10-18T15:00:21.321685+09:00,gs_db,BOTAN,1 65942U 98067XP  25290.80830044  .00101900  00000+0  16727-2 0  9996,2 65942  51.6328  59.2953 0003493 278.0316  82.0277 15.51595034  1153
2025-10-18T15:00:26.113607+09:00,gs_db,BOTAN,1 65942U 98067XP  25290.80830044  .00101900  00000+0  16727-2 0  9996,2 65942  51.6328  59.2953 0003493 278.0316  82.0277 15.51595034  1153
2025-10-18T18:00:28.226125+09:00,gs_db,BOTAN,1 65942U 98067XP  25290.80830044  .00101900  00000+0  16727-2 0  9996,2 65942  51.6328  59.2953 0003493 278.0316  82.0277 15.51595034  1153
2025-10-18T21:00:34.28877+09:00,gs_db,BOTAN,1 65942U 98067XP  25290.80830044  .00101900  00000+0  16727-2 0  9996,2 65942  51.6328  59.2953 0003493 278.0316  82.0277 15.51595034  1153
2025-10-18T21:00:42.494138+09:00,gs_db,BOTAN,1 65942U 98067XP  25290.80830044  .00101900  00000+0  16727-2 0  9996,2 65942  51.6328  59.2953 0003493 278.0316  82.0277 15.51595034  1153
2025-10-19T00:00:16.940411+09:00,gs_db,BOTAN,1 65942U 98067XP  25291.25913949  .00093861  00000+0  15387-2 0  9999,2 65942  51.6328  57.0568 0003533 282.9538  77.1057 15.51671646  1229
2025-10-19T03:00:13.854987+09:00,gs_db,BOTAN,1 65942U 98067XP  25291.25913949  .00093861  00000+0  15387-2 0  9999,2 65942  51.6328  57.0568 0003533 282.9538  77.1057 15.51671646  1229
2025-10-19T03:00:14.532588+09:00,gs_db,BOTAN,1 65942U 98067XP  25291.25913949  .00093861  00000+0  15387-2 0  9999,2 65942  51.6328  57.0568 0003533 282.9538  77.1057 15.51671646  1229
2025-10-19T06:00:26.35929+09:00,gs_db,BOTAN,1 65942U 98067XP  25291.25913949  .00093861  00000+0  15387-2 0  9999,2 65942  51.6328  57.0568 0003533 282.9538  77.1057 15.51671646  1229
2025-10-19T09:00:34.147735+09:00,gs_db,BOTAN,1 65942U 98067XP  25291.25913949  .00093861  00000+0  15387-2 0  9999,2 65942  51.6328  57.0568 0003533 282.9538  77.1057 15.51671646  1229
2025-10-19T09:00:38.54758+09:00,gs_db,BOTAN,1 65942U 98067XP  25291.25913949  .00093861  00000+0  15387-2 0  9999,2 65942  51.6328  57.0568 0003533 282.9538  77.1057 15.51671646  1229
2025-10-19T12:00:21.833196+09:00,gs_db,BOTAN,1 65942U 98067XP  25291.25913949  .00093861  00000+0  15387-2 0  9999,2 65942  51.6328  57.0568 0003533 282.9538  77.1057 15.51671646  1229
2025-10-19T15:00:14.953274+09:00,gs_db,BOTAN,1 65942U 98067XP  25291.83875253  .00115561  00000+0  18788-2 0  9998,2 65942  51.6329  54.1768 0003573 285.2985  74.7609 15.51800049  1313
2025-10-19T15:00:17.044841+09:00,gs_db,BOTAN,1 65942U 98067XP  25291.83875253  .00115561  00000+0  18788-2 0  9998,2 65942  51.6329  54.1768 0003573 285.2985  74.7609 15.51800049  1313
2025-10-19T18:00:26.179402+09:00,gs_db,BOTAN,1 65942U 98067XP  25291.83875253  .00115561  00000+0  18788-2 0  9998,2 65942  51.6329  54.1768 0003573 285.2985  74.7609 15.51800049  1313
2025-10-19T21:00:26.322189+09:00,gs_db,BOTAN,1 65942U 98067XP  25291.83875253  .00115561  00000+0  18788-2 0  9998,2 65942  51.6329  54.1768 0003573 285.2985  74.7609 15.51800049  1313
2025-10-19T21:00:34.351469+09:00,gs_db,BOTAN,1 65942U 98067XP  25291.83875253  .00115561  00000+0  18788-2 0  9998,2 65942  51.6329  54.1768 0003573 285.2985  74.7609 15.51800049  1313
2025-10-20T00:00:23.869857+09:00,gs_db,BOTAN,1 65942U 98067XP  25291.83875253  .00115561  00000+0  18788-2 0  9998,2 65942  51.6329  54.1768 0003573 285.2985  74.7609 15.51800049  1313
2025-10-20T03:00:11.638088+09:00,gs_db,BOTAN,1 65942U 98067XP  25291.83875253  .00115561  00000+0  18788-2 0  9998,2 65942  51.6329  54.1768 0003573 285.2985  74.7609 15.51800049  1313
2025-10-20T03:00:14.37183+09:00,gs_db,BOTAN,1 65942U 98067XP  25291.83875253  .00115561  00000+0  18788-2 0  9998,2 65942  51.6329  54.1768 0003573 285.2985  74.7609 15.51800049  1313
2025-10-20T06:00:22.16424+09:00,gs_db,BOTAN,1 65942U 98067XP  25291.83875253  .00115561  00000+0  18788-2 0  9998,2 65942  51.6329  54.1768 0003573 285.2985  74.7609 15.51800049  1313
2025-10-20T09:00:26.933715+09:00,gs_db,BOTAN,1 65942U 98067XP  25291.83875253  .00115561  00000+0  18788-2 0  9998,2 65942  51.6329  54.1768 0003573 285.2985  74.7609 15.51800049  1313
2025-10-20T09:00:31.603315+09:00,gs_db,BOTAN,1 65942U 98067XP  25291.83875253  .00115561  00000+0  18788-2 0  9998,2 65942  51.6329  54.1768 0003573 285.2985  74.7609 15.51800049  1313
2025-10-20T12:00:20.843054+09:00,gs_db,BOTAN,1 65942U 98067XP  25291.83875253  .00115561  00000+0  18788-2 0  9998,2 65942  51.6329  54.1768 0003573 285.2985  74.7609 15.51800049  1313
2025-10-20T15:00:15.155204+09:00,gs_db,BOTAN,1 65942U 98067XP  25292.74027912  .00099460  00000+0  16107-2 0  9992,2 65942  51.6333  49.6969 0003643 290.8697  69.1903 15.51985811  1451
2025-10-20T15:00:17.307631+09:00,gs_db,BOTAN,1 65942U 98067XP  25292.74027912  .00099460  00000+0  16107-2 0  9992,2 65942  51.6333  49.6969 0003643 290.8697  69.1903 15.51985811  1451
2025-10-20T18:00:31.948722+09:00,gs_db,BOTAN,1 65942U 98067XP  25292.74027912  .00099460  00000+0  16107-2 0  9992,2 65942  51.6333  49.6969 0003643 290.8697  69.1903 15.51985811  1451
2025-10-20T21:00:31.886071+09:00,gs_db,BOTAN,1 65942U 98067XP  25292.74027912  .00099460  00000+0  16107-2 0  9992,2 65942  51.6333  49.6969 0003643 290.8697  69.1903 15.51985811  1451
2025-10-20T21:00:40.982262+09:00,gs_db,BOTAN,1 65942U 98067XP  25292.74027912  .00099460  00000+0  16107-2 0  9992,2 65942  51.6333  49.6969 0003643 290.8697  69.1903 15.51985811  1451
2025-10-21T00:00:24.462395+09:00,gs_db,BOTAN,1 65942U 98067XP  25293.12661355  .00103816  00000+0  16750-2 0  9995,2 65942  51.6336  47.7777 0003694 294.6995  65.3610 15.52067692  1518
2025-10-21T03:00:12.443639+09:00,gs_db,BOTAN,1 65942U 98067XP  25293.12661355  .00103816  00000+0  16750-2 0  9995,2 65942  51.6336  47.7777 0003694 294.6995  65.3610 15.52067692  1518
2025-10-21T03:00:13.694916+09:00,gs_db,BOTAN,1 65942U 98067XP  25293.12661355  .00103816  00000+0  16750-2 0  9995,2 65942  51.6336  47.7777 0003694 294.6995  65.3610 15.52067692  1518
2025-10-21T06:00:31.071701+09:00,gs_db,BOTAN,1 65942U 98067XP  25293.57731371  .00092653  00000+0  14932-2 0  9996,2 65942  51.6339  45.5368 0003760 297.6546  62.4062 15.52152860  1580
2025-10-21T15:00:14.437274+09:00,gs_db,BOTAN,1 65942U 98067XP  25293.70608123  .00091950  00000+0  14810-2 0  9993,2 65942  51.6338  44.8966 0003740 298.1320  61.9291 15.52173986  1602
2025-10-21T15:00:16.170461+09:00,gs_db,BOTAN,1 65942U 98067XP  25293.70608123  .00091950  00000+0  14810-2 0  9993,2 65942  51.6338  44.8966 0003740 298.1320  61.9291 15.52173986  1602
2025-10-21T18:00:25.061483+09:00,gs_db,BOTAN,1 65942U 98067XP  25293.70608123  .00091950  00000+0  14810-2 0  9993,2 65942  51.6338  44.8966 0003740 298.1320  61.9291 15.52173986  1602
2025-10-21T21:00:26.65441+09:00,gs_db,BOTAN,1 65942U 98067XP  25293.70608123  .00091950  00000+0  14810-2 0  9993,2 65942  51.6338  44.8966 0003740 298.1320  61.9291 15.52173986  1602
2025-10-21T21:00:32.495273+09:00,gs_db,BOTAN,1 65942U 98067XP  25293.70608123  .00091950  00000+0  14810-2 0  9993,2 65942  51.6338  44.8966 0003740 298.1320  61.9291 15.52173986  1602
2025-10-22T00:00:08.924704+09:00,gs_db,BOTAN,1 65942U 98067XP  25293.70608123  .00091950  00000+0  14810-2 0  9993,2 65942  51.6338  44.8966 0003740 298.1320  61.9291 15.52173986  1602
2025-10-22T03:00:14.859497+09:00,gs_db,BOTAN,1 65942U 98067XP  25293.70608123  .00091950  00000+0  14810-2 0  9993,2 65942  51.6338  44.8966 0003740 298.1320  61.9291 15.52173986  1602
2025-10-22T03:00:19.778933+09:00,gs_db,BOTAN,1 65942U 98067XP  25293.70608123  .00091950  00000+0  14810-2 0  9993,2 65942  51.6338  44.8966 0003740 298.1320  61.9291 15.52173986  1602
2025-10-21T09:00:40.441377+09:00,gs_db,BOTAN,1 65942U 98067XP  25293.70608686 -.00000468  00000+0  00000+0 0  9995,2 65942  51.6338  44.8966 0003740 298.1320  61.9291 15.52173986  1602
2025-10-21T09:00:43.556772+09:00,gs_db,BOTAN,1 65942U 98067XP  25293.70608686 -.00000468  00000+0  00000+0 0  9995,2 65942  51.6338  44.8966 0003740 298.1320  61.9291 15.52173986  1602
2025-10-21T12:00:28.244373+09:00,gs_db,BOTAN,1 65942U 98067XP  25293.70608686 -.00000468  00000+0  00000+0 0  9995,2 65942  51.6338  44.8966 0003740 298.1320  61.9291 15.52173986  1602
2025-10-22T06:00:23.837623+09:00,gs_db,BOTAN,1 65942U 98067XP  25294.54302146  .00085311  00000+0  13685-2 0  9995,2 65942  51.6340  40.7361 0003848 304.0944  55.9680 15.52319951  1730
2025-10-22T09:00:39.835492+09:00,gs_db,BOTAN,1 65942U 98067XP  25294.54302146  .00085311  00000+0  13685-2 0  9995,2 65942  51.6340  40.7361 0003848 304.0944  55.9680 15.52319951  1730
2025-10-22T09:00:42.103322+09:00,gs_db,BOTAN,1 65942U 98067XP  25294.54302146  .00085311  00000+0  13685-2 0  9995,2 65942  51.6340  40.7361 0003848 304.0944  55.9680 15.52319951  1730
2025-10-22T12:00:14.163748+09:00,gs_db,BOTAN,1 65942U 98067XP  25294.54302146  .00085311  00000+0  13685-2 0  9995,2 65942  51.6340  40.7361 0003848 304.0944  55.9680 15.52319951  1730
2025-10-22T15:00:17.796306+09:00,gs_db,BOTAN,1 65942U 98067XP  25294.54302146  .00085311  00000+0  13685-2 0  9995,2 65942  51.6340  40.7361 0003848 304.0944  55.9680 15.52319951  1730
2025-10-22T15:00:18.773714+09:00,gs_db,BOTAN,1 65942U 98067XP  25294.54302146  .00085311  00000+0  13685-2 0  9995,2 65942  51.6340  40.7361 0003848 304.0944  55.9680 15.52319951  1730
2025-10-22T18:00:10.403591+09:00,gs_db,BOTAN,1 65942U 98067XP  25294.67177485  .00088065  00000+0  14109-2 0  9996,2 65942  51.6339  40.0959 0003833 304.5944  55.4684 15.52341554  1758
2025-10-22T21:00:29.309118+09:00,gs_db,BOTAN,1 65942U 98067XP  25294.67177485  .00088065  00000+0  14109-2 0  9996,2 65942  51.6339  40.0959 0003833 304.5944  55.4684 15.52341554  1758
2025-10-22T21:00:32.240944+09:00,gs_db,BOTAN,1 65942U 98067XP  25294.67177485  .00088065  00000+0  14109-2 0  9996,2 65942  51.6339  40.0959 0003833 304.5944  55.4684 15.52341554  1758
2025-10-23T00:00:08.32289+09:00,gs_db,BOTAN,1 65942U 98067XP  25294.67177485  .00088065  00000+0  14109-2 0  9996,2 65942  51.6339  40.0959 0003833 304.5944  55.4684 15.52341554  1758
2025-10-23T03:00:11.888041+09:00,gs_db,BOTAN,1 65942U 98067XP  25294.67177485  .00088065  00000+0  14109-2 0  9996,2 65942  51.6339  40.0959 0003833 304.5944  55.4684 15.52341554  1758
2025-10-23T03:00:13.571181+09:00,gs_db,BOTAN,1 65942U 98067XP  25294.67177485  .00088065  00000+0  14109-2 0  9996,2 65942  51.6339  40.0959 0003833 304.5944  55.4684 15.52341554  1758
2025-10-23T06:00:12.896796+09:00,gs_db,BOTAN,1 65942U 98067XP  25295.31551466  .00081366  00000+0  13003-2 0  9992,2 65942  51.6339  36.8959 0003918 309.5911  50.4733 15.52446848  1857
2025-10-23T09:00:27.718998+09:00,gs_db,BOTAN,1 65942U 98067XP  25295.31551466  .00081366  00000+0  13003-2 0  9992,2 65942  51.6339  36.8959 0003918 309.5911  50.4733 15.52446848  1857
2025-10-23T09:00:29.887045+09:00,gs_db,BOTAN,1 65942U 98067XP  25295.31551466  .00081366  00000+0  13003-2 0  9992,2 65942  51.6339  36.8959 0003918 309.5911  50.4733 15.52446848  1857
2025-10-23T12:00:11.51348+09:00,gs_db,BOTAN,1 65942U 98067XP  25295.31551466  .00081366  00000+0  13003-2 0  9992,2 65942  51.6339  36.8959 0003918 309.5911  50.4733 15.52446848  1857
2025-10-23T15:00:25.721153+09:00,gs_db,BOTAN,1 65942U 98067XP  25295.57299820  .00078245  00000+0  12494-2 0  9998,2 65942  51.6341  35.6150 0003913 310.3503  49.7145 15.52487725  1893
2025-10-23T15:00:28.163268+09:00,gs_db,BOTAN,1 65942U 98067XP  25295.57299820  .00078245  00000+0  12494-2 0  9998,2 65942  51.6341  35.6150 0003913 310.3503  49.7145 15.52487725  1893
2025-10-23T18:00:13.008817+09:00,gs_db,BOTAN,1 65942U 98067XP  25295.57299820  .00078245  00000+0  12494-2 0  9998,2 65942  51.6341  35.6150 0003913 310.3503  49.7145 15.52487725  1893
2025-10-23T21:00:30.916549+09:00,gs_db,BOTAN,1 65942U 98067XP  25295.57299820  .00078245  00000+0  12494-2 0  9998,2 65942  51.6341  35.6150 0003913 310.3503  49.7145 15.52487725  1893
2025-10-23T21:00:34.244699+09:00,gs_db,BOTAN,1 65942U 98067XP  25295.57299820  .00078245  00000+0  12494-2 0  9998,2 65942  51.6341  35.6150 0003913 310.3503  49.7145 15.52487725  1893
2025-10-24T00:00:10.717833+09:00,gs_db,BOTAN,1 65942U 98067XP  25295.57299820  .00078245  00000+0  12494-2 0  9998,2 65942  51.6341  35.6150 0003913 310.3503  49.7145 15.52487725  1893
2025-10-24T03:00:12.191326+09:00,gs_db,BOTAN,1 65942U 98067XP  25295.57299820  .00078245  00000+0  12494-2 0  9998,2 65942  51.6341  35.6150 0003913 310.3503  49.7145 15.52487725  1893
2025-10-24T03:00:13.6201+09:00,gs_db,BOTAN,1 65942U 98067XP  25295.57299820  .00078245  00000+0  12494-2 0  9998,2 65942  51.6341  35.6150 0003913 310.3503  49.7145 15.52487725  1893
2025-10-24T06:00:16.656506+09:00,gs_db,BOTAN,1 65942U 98067XP  25296.34540667  .00083663  00000+0  13281-2 0  9997,2 65942  51.6343  31.7737 0004026 315.8180  44.2488 15.52620110  2012
2025-10-24T09:00:52.453307+09:00,gs_db,BOTAN,1 65942U 98067XP  25296.34540667  .00083663  00000+0  13281-2 0  9997,2 65942  51.6343  31.7737 0004026 315.8180  44.2488 15.52620110  2012
2025-10-24T09:00:59.839098+09:00,gs_db,BOTAN,1 65942U 98067XP  25296.34540667  .00083663  00000+0  13281-2 0  9997,2 65942  51.6343  31.7737 0004026 315.8180  44.2488 15.52620110  2012
2025-10-24T12:01:13.558983+09:00,gs_db,BOTAN,1 65942U 98067XP  25296.34540667  .00083663  00000+0  13281-2 0  9997,2 65942  51.6343  31.7737 0004026 315.8180  44.2488 15.52620110  2012
2025-10-24T15:00:21.549277+09:00,gs_db,BOTAN,1 65942U 98067XP  25296.66722412  .00077490  00000+0  12293-2 0  9995,2 65942  51.6347  30.1724 0004028 316.8801  43.1873 15.52672525  2066
2025-10-24T15:00:31.3524+09:00,gs_db,BOTAN,1 65942U 98067XP  25296.66722412  .00077490  00000+0  12293-2 0  9995,2 65942  51.6347  30.1724 0004028 316.8801  43.1873 15.52672525  2066
2025-10-24T18:00:10.687705+09:00,gs_db,BOTAN,1 65942U 98067XP  25296.66722412  .00077490  00000+0  12293-2 0  9995,2 65942  51.6347  30.1724 0004028 316.8801  43.1873 15.52672525  2066
2025-10-24T21:00:35.121598+09:00,gs_db,BOTAN,1 65942U 98067XP  25296.66722412  .00077490  00000+0  12293-2 0  9995,2 65942  51.6347  30.1724 0004028 316.8801  43.1873 15.52672525  2066
2025-10-24T21:00:36.337455+09:00,gs_db,BOTAN,1 65942U 98067XP  25296.66722412  .00077490  00000+0  12293-2 0  9995,2 65942  51.6347  30.1724 0004028 316.8801  43.1873 15.52672525  2066
2025-10-25T00:00:16.167476+09:00,gs_db,BOTAN,1 65942U 98067XP  25296.66722412  .00077490  00000+0  12293-2 0  9995,2 65942  51.6347  30.1724 0004028 316.8801  43.1873 15.52672525  2066
2025-10-25T03:00:13.521123+09:00,gs_db,BOTAN,1 65942U 98067XP  25296.66722412  .00077490  00000+0  12293-2 0  9995,2 65942  51.6347  30.1724 0004028 316.8801  43.1873 15.52672525  2066
2025-10-25T03:00:13.556028+09:00,gs_db,BOTAN,1 65942U 98067XP  25296.66722412  .00077490  00000+0  12293-2 0  9995,2 65942  51.6347  30.1724 0004028 316.8801  43.1873 15.52672525  2066
2025-10-25T06:00:17.296116+09:00,gs_db,BOTAN,1 65942U 98067XP  25297.24646889  .00088273  00000+0  13925-2 0  9997,2 65942  51.6346  27.2914 0004141 321.6497  38.4198 15.52768994  2157
2025-10-25T09:00:49.635185+09:00,gs_db,BOTAN,1 65942U 98067XP  25297.24646889  .00088273  00000+0  13925-2 0  9997,2 65942  51.6346  27.2914 0004141 321.6497  38.4198 15.52768994  2157
2025-10-25T09:00:49.636069+09:00,gs_db,BOTAN,1 65942U 98067XP  25297.24646889  .00088273  00000+0  13925-2 0  9997,2 65942  51.6346  27.2914 0004141 321.6497  38.4198 15.52768994  2157
2025-10-25T12:00:13.312469+09:00,gs_db,BOTAN,1 65942U 98067XP  25297.24646889  .00088273  00000+0  13925-2 0  9997,2 65942  51.6346  27.2914 0004141 321.6497  38.4198 15.52768994  2157
2025-10-25T15:00:21.323887+09:00,gs_db,BOTAN,1 65942U 98067XP  25297.50389933  .00079575  00000+0  12556-2 0  9994,2 65942  51.6343  26.0098 0004105 322.8954  37.1752 15.52809063  2194
2025-10-25T15:00:22.23429+09:00,gs_db,BOTAN,1 65942U 98067XP  25297.50389933  .00079575  00000+0  12556-2 0  9994,2 65942  51.6343  26.0098 0004105 322.8954  37.1752 15.52809063  2194
2025-10-25T18:00:14.969814+09:00,gs_db,BOTAN,1 65942U 98067XP  25297.50389933  .00079575  00000+0  12556-2 0  9994,2 65942  51.6343  26.0098 0004105 322.8954  37.1752 15.52809063  2194
2025-10-25T21:00:21.182217+09:00,gs_db,BOTAN,1 65942U 98067XP  25297.50389933  .00079575  00000+0  12556-2 0  9994,2 65942  51.6343  26.0098 0004105 322.8954  37.1752 15.52809063  2194
2025-10-25T21:00:23.699895+09:00,gs_db,BOTAN,1 65942U 98067XP  25297.50389933  .00079575  00000+0  12556-2 0  9994,2 65942  51.6343  26.0098 0004105 322.8954  37.1752 15.52809063  2194
2025-10-26T00:00:23.236637+09:00,gs_db,BOTAN,1 65942U 98067XP  25297.50389933  .00079575  00000+0  12556-2 0  9994,2 65942  51.6343  26.0098 0004105 322.8954  37.1752 15.52809063  2194
2025-10-26T03:00:13.512221+09:00,gs_db,BOTAN,1 65942U 98067XP  25297.50389933  .00079575  00000+0  12556-2 0  9994,2 65942  51.6343  26.0098 0004105 322.8954  37.1752 15.52809063  2194
2025-10-26T03:00:13.515325+09:00,gs_db,BOTAN,1 65942U 98067XP  25297.50389933  .00079575  00000+0  12556-2 0  9994,2 65942  51.6343  26.0098 0004105 322.8954  37.1752 15.52809063  2194
2025-10-26T06:00:13.629077+09:00,gs_db,BOTAN,1 65942U 98067XP  25297.50389933  .00079575  00000+0  12556-2 0  9994,2 65942  51.6343  26.0098 0004105 322.8954  37.1752 15.52809063  2194
2025-10-26T09:00:39.234938+09:00,gs_db,BOTAN,1 65942U 98067XP  25297.50389933  .00079575  00000+0  12556-2 0  9994,2 65942  51.6343  26.0098 0004105 322.8954  37.1752 15.52809063  2194
2025-10-26T09:00:43.302963+09:00,gs_db,BOTAN,1 65942U 98067XP  25297.50389933  .00079575  00000+0  12556-2 0  9994,2 65942  51.6343  26.0098 0004105 322.8954  37.1752 15.52809063  2194
2025-10-26T12:00:14.827023+09:00,gs_db,BOTAN,1 65942U 98067XP  25297.50389933  .00079575  00000+0  12556-2 0  9994,2 65942  51.6343  26.0098 0004105 322.8954  37.1752 15.52809063  2194
2025-10-26T15:00:16.202969+09:00,gs_db,BOTAN,1 65942U 98067XP  25298.59790191  .00083635  00000+0  13101-2 0  9995,2 65942  51.6337  20.5656 0004140 329.2902  30.7845 15.52988775  2368
2025-10-26T15:00:19.588807+09:00,gs_db,BOTAN,1 65942U 98067XP  25298.59790191  .00083635  00000+0  13101-2 0  9995,2 65942  51.6337  20.5656 0004140 329.2902  30.7845 15.52988775  2368
2025-10-26T18:00:16.0058+09:00,gs_db,BOTAN,1 65942U 98067XP  25298.59790191  .00083635  00000+0  13101-2 0  9995,2 65942  51.6337  20.5656 0004140 329.2902  30.7845 15.52988775  2368
2025-10-26T21:00:31.658265+09:00,gs_db,BOTAN,1 65942U 98067XP  25298.59790191  .00083635  00000+0  13101-2 0  9995,2 65942  51.6337  20.5656 0004140 329.2902  30.7845 15.52988775  2368
2025-10-26T21:00:38.232354+09:00,gs_db,BOTAN,1 65942U 98067XP  25298.59790191  .00083635  00000+0  13101-2 0  9995,2 65942  51.6337  20.5656 0004140 329.2902  30.7845 15.52988775  2368
2025-10-27T00:01:31.922555+09:00,gs_db,BOTAN,1 65942U 98067XP  25299.24137569  .00066958  00000+0  10490-2 0  9999,2 65942  51.6336  17.3634 0004234 332.8150  27.2618 15.53081115  2469
2025-10-27T03:00:10.678622+09:00,gs_db,BOTAN,1 65942U 98067XP  25299.24137569  .00066958  00000+0  10490-2 0  9999,2 65942  51.6336  17.3634 0004234 332.8150  27.2618 15.53081115  2469
2025-10-27T03:00:11.494073+09:00,gs_db,BOTAN,1 65942U 98067XP  25299.24137569  .00066958  00000+0  10490-2 0  9999,2 65942  51.6336  17.3634 0004234 332.8150  27.2618 15.53081115  2469
2025-10-27T06:00:21.703975+09:00,gs_db,BOTAN,1 65942U 98067XP  25299.24137569  .00066958  00000+0  10490-2 0  9999,2 65942  51.6336  17.3634 0004234 332.8150  27.2618 15.53081115  2469
2025-10-27T09:00:32.27398+09:00,gs_db,BOTAN,1 65942U 98067XP  25299.24137569  .00066958  00000+0  10490-2 0  9999,2 65942  51.6336  17.3634 0004234 332.8150  27.2618 15.53081115  2469
2025-10-27T09:00:37.333603+09:00,gs_db,BOTAN,1 65942U 98067XP  25299.24137569  .00066958  00000+0  10490-2 0  9999,2 65942  51.6336  17.3634 0004234 332.8150  27.2618 15.53081115  2469
2025-10-27T12:00:16.246023+09:00,gs_db,BOTAN,1 65942U 98067XP  25299.24137569  .00066958  00000+0  10490-2 0  9999,2 65942  51.6336  17.3634 0004234 332.8150  27.2618 15.53081115  2469
2025-10-27T15:00:20.757071+09:00,gs_db,BOTAN,1 65942U 98067XP  25299.62744068  .00072575  00000+0  11331-2 0  9996,2 65942  51.6339  15.4407 0004191 334.4540  25.6243 15.53142007  2523
2025-10-27T15:00:24.285768+09:00,gs_db,BOTAN,1 65942U 98067XP  25299.62744068  .00072575  00000+0  11331-2 0  9996,2 65942  51.6339  15.4407 0004191 334.4540  25.6243 15.53142007  2523
2025-10-27T18:00:17.028008+09:00,gs_db,BOTAN,1 65942U 98067XP  25299.62744068  .00072575  00000+0  11331-2 0  9996,2 65942  51.6339  15.4407 0004191 334.4540  25.6243 15.53142007  2523
2025-10-27T21:00:34.987354+09:00,gs_db,BOTAN,1 65942U 98067XP  25299.62744068  .00072575  00000+0  11331-2 0  9996,2 65942  51.6339  15.4407 0004191 334.4540  25.6243 15.53142007  2523
2025-10-27T21:00:39.843536+09:00,gs_db,BOTAN,1 65942U 98067XP  25299.62744068  .00072575  00000+0  11331-2 0  9996,2 65942  51.6339  15.4407 0004191 334.4540  25.6243 15.53142007  2523
2025-10-28T00:00:19.00878+09:00,gs_db,BOTAN,1 65942U 98067XP  25300.20651253  .00068238  00000+0  10633-2 0  9991,2 65942  51.6340  12.5584 0004340 338.3786  21.7021 15.53223057  2616
2025-10-28T03:00:14.707982+09:00,gs_db,BOTAN,1 65942U 98067XP  25300.20651253  .00068238  00000+0  10633-2 0  9991,2 65942  51.6340  12.5584 0004340 338.3786  21.7021 15.53223057  2616
2025-10-28T03:00:17.357306+09:00,gs_db,BOTAN,1 65942U 98067XP  25300.20651253  .00068238  00000+0  10633-2 0  9991,2 65942  51.6340  12.5584 0004340 338.3786  21.7021 15.53223057  2616
2025-10-28T06:00:24.1347+09:00,gs_db,BOTAN,1 65942U 98067XP  25300.20651253  .00068238  00000+0  10633-2 0  9991,2 65942  51.6340  12.5584 0004340 338.3786  21.7021 15.53223057  2616
2025-10-28T09:00:29.696572+09:00,gs_db,BOTAN,1 65942U 98067XP  25300.20651253  .00068238  00000+0  10633-2 0  9991,2 65942  51.6340  12.5584 0004340 338.3786  21.7021 15.53223057  2616
2025-10-28T09:00:35.840864+09:00,gs_db,BOTAN,1 65942U 98067XP  25300.20651253  .00068238  00000+0  10633-2 0  9991,2 65942  51.6340  12.5584 0004340 338.3786  21.7021 15.53223057  2616
2025-10-28T12:00:14.889596+09:00,gs_db,BOTAN,1 65942U 98067XP  25300.20651253  .00068238  00000+0  10633-2 0  9991,2 65942  51.6340  12.5584 0004340 338.3786  21.7021 15.53223057  2616
2025-10-28T15:00:17.715926+09:00,gs_db,BOTAN,1 65942U 98067XP  25300.91422579  .00077088  00000+0  11946-2 0  9997,2 65942  51.6334   9.0341 0004385 343.0556  17.0287 15.53322548  2727
2025-10-28T15:00:22.507106+09:00,gs_db,BOTAN,1 65942U 98067XP  25300.91422579  .00077088  00000+0  11946-2 0  9997,2 65942  51.6334   9.0341 0004385 343.0556  17.0287 15.53322548  2727
2025-10-28T18:00:21.622506+09:00,gs_db,BOTAN,1 65942U 98067XP  25300.91422579  .00077088  00000+0  11946-2 0  9997,2 65942  51.6334   9.0341 0004385 343.0556  17.0287 15.53322548  2727
2025-10-28T21:00:28.003938+09:00,gs_db,BOTAN,1 65942U 98067XP  25300.91422579  .00077088  00000+0  11946-2 0  9997,2 65942  51.6334   9.0341 0004385 343.0556  17.0287 15.53322548  2727
2025-10-28T21:00:29.951251+09:00,gs_db,BOTAN,1 65942U 98067XP  25300.91422579  .00077088  00000+0  11946-2 0  9997,2 65942  51.6334   9.0341 0004385 343.0556  17.0287 15.53322548  2727
2025-10-29T00:00:18.316875+09:00,gs_db,BOTAN,1 65942U 98067XP  25300.91422579  .00077088  00000+0  11946-2 0  9997,2 65942  51.6334   9.0341 0004385 343.0556  17.0287 15.53322548  2727
2025-10-29T03:00:11.425074+09:00,gs_db,BOTAN,1 65942U 98067XP  25300.91422579  .00077088  00000+0  11946-2 0  9997,2 65942  51.6334   9.0341 0004385 343.0556  17.0287 15.53322548  2727
2025-10-29T03:00:11.651572+09:00,gs_db,BOTAN,1 65942U 98067XP  25300.91422579  .00077088  00000+0  11946-2 0  9997,2 65942  51.6334   9.0341 0004385 343.0556  17.0287 15.53322548  2727
2025-10-29T06:00:15.895653+09:00,gs_db,BOTAN,1 65942U 98067XP  25301.55756040  .00075233  00000+0  11622-2 0  9992,2 65942  51.6331   5.8297 0004385 346.1150  13.9719 15.53420212  2825
2025-10-29T09:00:33.401869+09:00,gs_db,BOTAN,1 65942U 98067XP  25301.55756040  .00075233  00000+0  11622-2 0  9992,2 65942  51.6331   5.8297 0004385 346.1150  13.9719 15.53420212  2825
2025-10-29T09:00:40.090739+09:00,gs_db,BOTAN,1 65942U 98067XP  25301.55756040  .00075233  00000+0  11622-2 0  9992,2 65942  51.6331   5.8297 0004385 346.1150  13.9719 15.53420212  2825
2025-10-29T12:00:09.4877+09:00,gs_db,BOTAN,1 65942U 98067XP  25301.55756040  .00075233  00000+0  11622-2 0  9992,2 65942  51.6331   5.8297 0004385 346.1150  13.9719 15.53420212  2825
2025-10-29T15:00:27.002467+09:00,gs_db,BOTAN,1 65942U 98067XP  25301.55756040  .00075233  00000+0  11622-2 0  9992,2 65942  51.6331   5.8297 0004385 346.1150  13.9719 15.53420212  2825
2025-10-29T15:00:29.028583+09:00,gs_db,BOTAN,1 65942U 98067XP  25301.55756040  .00075233  00000+0  11622-2 0  9992,2 65942  51.6331   5.8297 0004385 346.1150  13.9719 15.53420212  2825
2025-10-29T18:00:17.169923+09:00,gs_db,BOTAN,1 65942U 98067XP  25301.55756040  .00075233  00000+0  11622-2 0  9992,2 65942  51.6331   5.8297 0004385 346.1150  13.9719 15.53420212  2825
2025-10-29T21:00:27.081497+09:00,gs_db,BOTAN,1 65942U 98067XP  25301.55756040  .00075233  00000+0  11622-2 0  9992,2 65942  51.6331   5.8297 0004385 346.1150  13.9719 15.53420212  2825
2025-10-29T21:00:27.120985+09:00,gs_db,BOTAN,1 65942U 98067XP  25301.55756040  .00075233  00000+0  11622-2 0  9992,2 65942  51.6331   5.8297 0004385 346.1150  13.9719 15.53420212  2825
2025-10-30T00:00:14.160476+09:00,gs_db,BOTAN,1 65942U 98067XP  25301.55756040  .00075233  00000+0  11622-2 0  9992,2 65942  51.6331   5.8297 0004385 346.1150  13.9719 15.53420212  2825
2025-10-30T03:00:12.51801+09:00,gs_db,BOTAN,1 65942U 98067XP  25301.55756040  .00075233  00000+0  11622-2 0  9992,2 65942  51.6331   5.8297 0004385 346.1150  13.9719 15.53420212  2825
2025-10-30T03:00:14.216448+09:00,gs_db,BOTAN,1 65942U 98067XP  25301.55756040  .00075233  00000+0  11622-2 0  9992,2 65942  51.6331   5.8297 0004385 346.1150  13.9719 15.53420212  2825
2025-10-30T06:00:20.751827+09:00,gs_db,BOTAN,1 65942U 98067XP  25302.26518097  .00081619  00000+0  12539-2 0  9992,2 65942  51.6330   2.3057 0004485 349.8237  10.2662 15.53535995  2931
2025-10-30T09:00:43.582717+09:00,gs_db,BOTAN,1 65942U 98067XP  25302.26518097  .00081619  00000+0  12539-2 0  9992,2 65942  51.6330   2.3057 0004485 349.8237  10.2662 15.53535995  2931
2025-10-30T09:00:48.885573+09:00,gs_db,BOTAN,1 65942U 98067XP  25302.26518097  .00081619  00000+0  12539-2 0  9992,2 65942  51.6330   2.3057 0004485 349.8237  10.2662 15.53535995  2931
2025-10-30T12:00:15.185213+09:00,gs_db,BOTAN,1 65942U 98067XP  25302.26518097  .00081619  00000+0  12539-2 0  9992,2 65942  51.6330   2.3057 0004485 349.8237  10.2662 15.53535995  2931
2025-10-30T15:00:25.236754+09:00,gs_db,BOTAN,1 65942U 98067XP  25302.26518097  .00081619  00000+0  12539-2 0  9992,2 65942  51.6330   2.3057 0004485 349.8237  10.2662 15.53535995  2931
2025-10-30T15:00:33.46228+09:00,gs_db,BOTAN,1 65942U 98067XP  25302.26518097  .00081619  00000+0  12539-2 0  9992,2 65942  51.6330   2.3057 0004485 349.8237  10.2662 15.53535995  2931
2025-10-30T18:00:15.08003+09:00,gs_db,BOTAN,1 65942U 98067XP  25302.26518097  .00081619  00000+0  12539-2 0  9992,2 65942  51.6330   2.3057 0004485 349.8237  10.2662 15.53535995  2931
2025-10-30T21:00:21.420104+09:00,gs_db,BOTAN,1 65942U 98067XP  25302.26518097  .00081619  00000+0  12539-2 0  9992,2 65942  51.6330   2.3057 0004485 349.8237  10.2662 15.53535995  2931
2025-10-30T21:00:23.120028+09:00,gs_db,BOTAN,1 65942U 98067XP  25302.26518097  .00081619  00000+0  12539-2 0  9992,2 65942  51.6330   2.3057 0004485 349.8237  10.2662 15.53535995  2931
2025-10-31T00:00:43.43016+09:00,gs_db,BOTAN,1 65942U 98067XP  25303.23003163  .00087247  00000+0  13309-2 0  9992,2 65942  51.6334 357.4989 0004562 354.4119   5.6819 15.53700317  3081
2025-10-31T03:00:10.358317+09:00,gs_db,BOTAN,1 65942U 98067XP  25303.23003163  .00087247  00000+0  13309-2 0  9992,2 65942  51.6334 357.4989 0004562 354.4119   5.6819 15.53700317  3081
2025-10-31T03:00:12.073739+09:00,gs_db,BOTAN,1 65942U 98067XP  25303.23003163  .00087247  00000+0  13309-2 0  9992,2 65942  51.6334 357.4989 0004562 354.4119   5.6819 15.53700317  3081
2025-10-31T06:00:23.59879+09:00,gs_db,BOTAN,1 65942U 98067XP  25303.23003163  .00087247  00000+0  13309-2 0  9992,2 65942  51.6334 357.4989 0004562 354.4119   5.6819 15.53700317  3081
2025-10-31T09:00:35.001299+09:00,gs_db,BOTAN,1 65942U 98067XP  25303.23003163  .00087247  00000+0  13309-2 0  9992,2 65942  51.6334 357.4989 0004562 354.4119   5.6819 15.53700317  3081
2025-10-31T09:00:36.792607+09:00,gs_db,BOTAN,1 65942U 98067XP  25303.23003163  .00087247  00000+0  13309-2 0  9992,2 65942  51.6334 357.4989 0004562 354.4119   5.6819 15.53700317  3081
2025-10-31T12:00:12.229376+09:00,gs_db,BOTAN,1 65942U 98067XP  25303.23003163  .00087247  00000+0  13309-2 0  9992,2 65942  51.6334 357.4989 0004562 354.4119   5.6819 15.53700317  3081
2025-10-31T15:00:27.77673+09:00,gs_db,BOTAN,1 65942U 98067XP  25303.55162490  .00085715  00000+0  13052-2 0  9999,2 65942  51.6336 355.8960 0004519 355.9022   4.1931 15.53757174  3133
2025-10-31T15:00:29.431497+09:00,gs_db,BOTAN,1 65942U 98067XP  25303.55162490  .00085715  00000+0  13052-2 0  9999,2 65942  51.6336 355.8960 0004519 355.9022   4.1931 15.53757174  3133
2025-10-31T18:00:13.921648+09:00,gs_db,BOTAN,1 65942U 98067XP  25303.55162490  .00085715  00000+0  13052-2 0  9999,2 65942  51.6336 355.8960 0004519 355.9022   4.1931 15.53757174  3133
2025-10-31T21:00:14.887398+09:00,gs_db,BOTAN,1 65942U 98067XP  25303.55162490  .00085715  00000+0  13052-2 0  9999,2 65942  51.6336 355.8960 0004519 355.9022   4.1931 15.53757174  3133
2025-10-31T21:00:16.149745+09:00,gs_db,BOTAN,1 65942U 98067XP  25303.55162490  .00085715  00000+0  13052-2 0  9999,2 65942  51.6336 355.8960 0004519 355.9022   4.1931 15.53757174  3133
2025-11-01T00:00:08.33532+09:00,gs_db,BOTAN,1 65942U 98067XP  25303.55162490  .00085715  00000+0  13052-2 0  9999,2 65942  51.6336 355.8960 0004519 355.9022   4.1931 15.53757174  3133
2025-11-01T03:00:10.956761+09:00,gs_db,BOTAN,1 65942U 98067XP  25303.55162490  .00085715  00000+0  13052-2 0  9999,2 65942  51.6336 355.8960 0004519 355.9022   4.1931 15.53757174  3133
2025-11-01T03:00:11.486121+09:00,gs_db,BOTAN,1 65942U 98067XP  25303.55162490  .00085715  00000+0  13052-2 0  9999,2 65942  51.6336 355.8960 0004519 355.9022   4.1931 15.53757174  3133
2025-11-01T06:00:18.468518+09:00,gs_db,BOTAN,1 65942U 98067XP  25303.55162490  .00085715  00000+0  13052-2 0  9999,2 65942  51.6336 355.8960 0004519 355.9022   4.1931 15.53757174  3133
2025-11-01T09:00:36.740972+09:00,gs_db,BOTAN,1 65942U 98067XP  25303.55162490  .00085715  00000+0  13052-2 0  9999,2 65942  51.6336 355.8960 0004519 355.9022   4.1931 15.53757174  3133
2025-11-01T09:00:40.501052+09:00,gs_db,BOTAN,1 65942U 98067XP  25303.55162490  .00085715  00000+0  13052-2 0  9999,2 65942  51.6336 355.8960 0004519 355.9022   4.1931 15.53757174  3133
2025-11-01T12:00:11.022295+09:00,gs_db,BOTAN,1 65942U 98067XP  25303.55162490  .00085715  00000+0  13052-2 0  9999,2 65942  51.6336 355.8960 0004519 355.9022   4.1931 15.53757174  3133
2025-11-01T15:00:16.158044+09:00,gs_db,BOTAN,1 65942U 98067XP  25303.55162490  .00085715  00000+0  13052-2 0  9999,2 65942  51.6336 355.8960 0004519 355.9022   4.1931 15.53757174  3133
2025-11-01T15:00:19.169805+09:00,gs_db,BOTAN,1 65942U 98067XP  25303.55162490  .00085715  00000+0  13052-2 0  9999,2 65942  51.6336 355.8960 0004519 355.9022   4.1931 15.53757174  3133
2025-11-01T18:00:14.038918+09:00,gs_db,BOTAN,1 65942U 98067XP  25303.55162490  .00085715  00000+0  13052-2 0  9999,2 65942  51.6336 355.8960 0004519 355.9022   4.1931 15.53757174  3133
2025-11-01T21:00:23.908637+09:00,gs_db,BOTAN,1 65942U 98067XP  25303.55162490  .00085715  00000+0  13052-2 0  9999,2 65942  51.6336 355.8960 0004519 355.9022   4.1931 15.53757174  3133
2025-11-01T21:00:32.16318+09:00,gs_db,BOTAN,1 65942U 98067XP  25303.55162490  .00085715  00000+0  13052-2 0  9999,2 65942  51.6336 355.8960 0004519 355.9022   4.1931 15.53757174  3133
2025-11-02T00:00:13.542506+09:00,gs_db,BOTAN,1 65942U 98067XP  25303.55162490  .00085715  00000+0  13052-2 0  9999,2 65942  51.6336 355.8960 0004519 355.9022   4.1931 15.53757174  3133
2025-11-02T03:00:13.790489+09:00,gs_db,BOTAN,1 65942U 98067XP  25303.55162490  .00085715  00000+0  13052-2 0  9999,2 65942  51.6336 355.8960 0004519 355.9022   4.1931 15.53757174  3133
2025-11-02T03:00:15.429068+09:00,gs_db,BOTAN,1 65942U 98067XP  25303.55162490  .00085715  00000+0  13052-2 0  9999,2 65942  51.6336 355.8960 0004519 355.9022   4.1931 15.53757174  3133
2025-11-02T06:00:16.709882+09:00,gs_db,BOTAN,1 65942U 98067XP  25305.54523315  .00066684  00000+0  10070-2 0  9998,2 65942  51.6331 345.9591 0004625   5.6465 354.4577 15.54095782  3448
2025-11-02T09:00:24.149642+09:00,gs_db,BOTAN,1 65942U 98067XP  25305.54523315  .00066684  00000+0  10070-2 0  9998,2 65942  51.6331 345.9591 0004625   5.6465 354.4577 15.54095782  3448
2025-11-02T09:00:29.11228+09:00,gs_db,BOTAN,1 65942U 98067XP  25305.54523315  .00066684  00000+0  10070-2 0  9998,2 65942  51.6331 345.9591 0004625   5.6465 354.4577 15.54095782  3448
2025-11-02T12:00:15.205544+09:00,gs_db,BOTAN,1 65942U 98067XP  25305.54523315  .00066684  00000+0  10070-2 0  9998,2 65942  51.6331 345.9591 0004625   5.6465 354.4577 15.54095782  3448
2025-11-02T15:00:17.769881+09:00,gs_db,BOTAN,1 65942U 98067XP  25305.54523315  .00066684  00000+0  10070-2 0  9998,2 65942  51.6331 345.9591 0004625   5.6465 354.4577 15.54095782  3448
2025-11-02T15:00:19.116545+09:00,gs_db,BOTAN,1 65942U 98067XP  25305.54523315  .00066684  00000+0  10070-2 0  9998,2 65942  51.6331 345.9591 0004625   5.6465 354.4577 15.54095782  3448
2025-11-02T18:00:14.431719+09:00,gs_db,BOTAN,1 65942U 98067XP  25305.54523315  .00066684  00000+0  10070-2 0  9998,2 65942  51.6331 345.9591 0004625   5.6465 354.4577 15.54095782  3448
2025-11-02T21:00:23.83712+09:00,gs_db,BOTAN,1 65942U 98067XP  25305.54523315  .00066684  00000+0  10070-2 0  9998,2 65942  51.6331 345.9591 0004625   5.6465 354.4577 15.54095782  3448
2025-11-02T21:00:31.076163+09:00,gs_db,BOTAN,1 65942U 98067XP  25305.54523315  .00066684  00000+0  10070-2 0  9998,2 65942  51.6331 345.9591 0004625   5.6465 354.4577 15.54095782  3448
2025-11-03T00:00:19.037751+09:00,gs_db,BOTAN,1 65942U 98067XP  25305.54523315  .00066684  00000+0  10070-2 0  9998,2 65942  51.6331 345.9591 0004625   5.6465 354.4577 15.54095782  3448
2025-11-03T03:00:15.488859+09:00,gs_db,BOTAN,1 65942U 98067XP  25305.54523315  .00066684  00000+0  10070-2 0  9998,2 65942  51.6331 345.9591 0004625   5.6465 354.4577 15.54095782  3448
2025-11-03T03:00:16.284736+09:00,gs_db,BOTAN,1 65942U 98067XP  25305.54523315  .00066684  00000+0  10070-2 0  9998,2 65942  51.6331 345.9591 0004625   5.6465 354.4577 15.54095782  3448
2025-11-03T06:00:15.820747+09:00,gs_db,BOTAN,1 65942U 98067XP  25305.54523315  .00066684  00000+0  10070-2 0  9998,2 65942  51.6331 345.9591 0004625   5.6465 354.4577 15.54095782  3448
2025-11-03T09:00:27.368639+09:00,gs_db,BOTAN,1 65942U 98067XP  25305.54523315  .00066684  00000+0  10070-2 0  9998,2 65942  51.6331 345.9591 0004625   5.6465 354.4577 15.54095782  3448
2025-11-03T09:00:27.909158+09:00,gs_db,BOTAN,1 65942U 98067XP  25305.54523315  .00066684  00000+0  10070-2 0  9998,2 65942  51.6331 345.9591 0004625   5.6465 354.4577 15.54095782  3448
2025-11-03T12:00:11.238078+09:00,gs_db,BOTAN,1 65942U 98067XP  25305.54523315  .00066684  00000+0  10070-2 0  9998,2 65942  51.6331 345.9591 0004625   5.6465 354.4577 15.54095782  3448
2025-11-03T15:00:13.966409+09:00,gs_db,BOTAN,1 65942U 98067XP  25305.54523315  .00066684  00000+0  10070-2 0  9998,2 65942  51.6331 345.9591 0004625   5.6465 354.4577 15.54095782  3448
2025-11-03T15:00:16.373765+09:00,gs_db,BOTAN,1 65942U 98067XP  25305.54523315  .00066684  00000+0  10070-2 0  9998,2 65942  51.6331 345.9591 0004625   5.6465 354.4577 15.54095782  3448
2025-11-03T18:00:24.937362+09:00,gs_db,BOTAN,1 65942U 98067XP  25305.54523315  .00066684  00000+0  10070-2 0  9998,2 65942  51.6331 345.9591 0004625   5.6465 354.4577 15.54095782  3448
2025-11-03T21:00:24.02212+09:00,gs_db,BOTAN,1 65942U 98067XP  25305.54523315  .00066684  00000+0  10070-2 0  9998,2 65942  51.6331 345.9591 0004625   5.6465 354.4577 15.54095782  3448
2025-11-03T21:00:32.125411+09:00,gs_db,BOTAN,1 65942U 98067XP  25305.54523315  .00066684  00000+0  10070-2 0  9998,2 65942  51.6331 345.9591 0004625   5.6465 354.4577 15.54095782  3448
2025-11-04T00:00:20.951441+09:00,gs_db,BOTAN,1 65942U 98067XP  25305.54523315  .00066684  00000+0  10070-2 0  9998,2 65942  51.6331 345.9591 0004625   5.6465 354.4577 15.54095782  3448
2025-11-04T03:00:13.512178+09:00,gs_db,BOTAN,1 65942U 98067XP  25305.54523315  .00066684  00000+0  10070-2 0  9998,2 65942  51.6331 345.9591 0004625   5.6465 354.4577 15.54095782  3448
2025-11-04T03:00:23.378639+09:00,gs_db,BOTAN,1 65942U 98067XP  25305.54523315  .00066684  00000+0  10070-2 0  9998,2 65942  51.6331 345.9591 0004625   5.6465 354.4577 15.54095782  3448
2025-11-04T06:00:19.555594+09:00,gs_db,BOTAN,1 65942U 98067XP  25305.54523315  .00066684  00000+0  10070-2 0  9998,2 65942  51.6331 345.9591 0004625   5.6465 354.4577 15.54095782  3448
2025-11-04T09:00:34.178064+09:00,gs_db,BOTAN,1 65942U 98067XP  25305.54523315  .00066684  00000+0  10070-2 0  9998,2 65942  51.6331 345.9591 0004625   5.6465 354.4577 15.54095782  3448
2025-11-04T09:00:36.538635+09:00,gs_db,BOTAN,1 65942U 98067XP  25305.54523315  .00066684  00000+0  10070-2 0  9998,2 65942  51.6331 345.9591 0004625   5.6465 354.4577 15.54095782  3448
2025-11-04T12:00:12.381013+09:00,gs_db,BOTAN,1 65942U 98067XP  25305.54523315  .00066684  00000+0  10070-2 0  9998,2 65942  51.6331 345.9591 0004625   5.6465 354.4577 15.54095782  3448
2025-11-04T15:00:14.680348+09:00,gs_db,BOTAN,1 65942U 98067XP  25305.54523315  .00066684  00000+0  10070-2 0  9998,2 65942  51.6331 345.9591 0004625   5.6465 354.4577 15.54095782  3448
2025-11-04T15:00:15.354051+09:00,gs_db,BOTAN,1 65942U 98067XP  25305.54523315  .00066684  00000+0  10070-2 0  9998,2 65942  51.6331 345.9591 0004625   5.6465 354.4577 15.54095782  3448
2025-11-04T18:00:15.398852+09:00,gs_db,BOTAN,1 65942U 98067XP  25307.79562075  .00074105  00000+0  11038-2 0  9995,2 65942  51.6325 334.7378 0004805  16.4520 343.6625 15.54427286  3792
2025-11-04T21:00:17.537233+09:00,gs_db,BOTAN,1 65942U 98067XP  25307.79562075  .00074105  00000+0  11038-2 0  9995,2 65942  51.6325 334.7378 0004805  16.4520 343.6625 15.54427286  3792
2025-11-04T21:00:17.983201+09:00,gs_db,BOTAN,1 65942U 98067XP  25307.79562075  .00074105  00000+0  11038-2 0  9995,2 65942  51.6325 334.7378 0004805  16.4520 343.6625 15.54427286  3792
2025-11-05T00:00:16.657577+09:00,gs_db,BOTAN,1 65942U 98067XP  25307.79562075  .00074105  00000+0  11038-2 0  9995,2 65942  51.6325 334.7378 0004805  16.4520 343.6625 15.54427286  3792
2025-11-05T03:00:12.890972+09:00,gs_db,BOTAN,1 65942U 98067XP  25307.79562075  .00074105  00000+0  11038-2 0  9995,2 65942  51.6325 334.7378 0004805  16.4520 343.6625 15.54427286  3792
2025-11-05T03:00:14.098548+09:00,gs_db,BOTAN,1 65942U 98067XP  25307.79562075  .00074105  00000+0  11038-2 0  9995,2 65942  51.6325 334.7378 0004805  16.4520 343.6625 15.54427286  3792
2025-11-05T06:00:14.515326+09:00,gs_db,BOTAN,1 65942U 98067XP  25308.30992354  .00070090  00000+0  10417-2 0  9999,2 65942  51.6322 332.1719 0004782  18.8156 341.3011 15.54512341  3875
2025-11-05T09:00:38.379835+09:00,gs_db,BOTAN,1 65942U 98067XP  25308.30992354  .00070090  00000+0  10417-2 0  9999,2 65942  51.6322 332.1719 0004782  18.8156 341.3011 15.54512341  3875
2025-11-05T09:00:38.382388+09:00,gs_db,BOTAN,1 65942U 98067XP  25308.30992354  .00070090  00000+0  10417-2 0  9999,2 65942  51.6322 332.1719 0004782  18.8156 341.3011 15.54512341  3875
2025-11-05T12:00:15.51808+09:00,gs_db,BOTAN,1 65942U 98067XP  25308.30992354  .00070090  00000+0  10417-2 0  9999,2 65942  51.6322 332.1719 0004782  18.8156 341.3011 15.54512341  3875
2025-11-05T15:00:14.684338+09:00,gs_db,BOTAN,1 65942U 98067XP  25308.30992354  .00070090  00000+0  10417-2 0  9999,2 65942  51.6322 332.1719 0004782  18.8156 341.3011 15.54512341  3875
2025-11-05T15:00:15.228063+09:00,gs_db,BOTAN,1 65942U 98067XP  25308.30992354  .00070090  00000+0  10417-2 0  9999,2 65942  51.6322 332.1719 0004782  18.8156 341.3011 15.54512341  3875
2025-11-05T18:00:13.607307+09:00,gs_db,BOTAN,1 65942U 98067XP  25308.30992354  .00070090  00000+0  10417-2 0  9999,2 65942  51.6322 332.1719 0004782  18.8156 341.3011 15.54512341  3875
2025-11-05T21:00:26.656537+09:00,gs_db,BOTAN,1 65942U 98067XP  25308.30992354  .00070090  00000+0  10417-2 0  9999,2 65942  51.6322 332.1719 0004782  18.8156 341.3011 15.54512341  3875
2025-11-05T21:00:27.91102+09:00,gs_db,BOTAN,1 65942U 98067XP  25308.30992354  .00070090  00000+0  10417-2 0  9999,2 65942  51.6322 332.1719 0004782  18.8156 341.3011 15.54512341  3875
2025-11-06T00:00:18.459866+09:00,gs_db,BOTAN,1 65942U 98067XP  25308.30992354  .00070090  00000+0  10417-2 0  9999,2 65942  51.6322 332.1719 0004782  18.8156 341.3011 15.54512341  3875
2025-11-06T03:00:14.311274+09:00,gs_db,BOTAN,1 65942U 98067XP  25308.30992354  .00070090  00000+0  10417-2 0  9999,2 65942  51.6322 332.1719 0004782  18.8156 341.3011 15.54512341  3875
2025-11-06T03:00:15.735951+09:00,gs_db,BOTAN,1 65942U 98067XP  25308.30992354  .00070090  00000+0  10417-2 0  9999,2 65942  51.6322 332.1719 0004782  18.8156 341.3011 15.54512341  3875
2025-11-06T06:00:19.04858+09:00,gs_db,BOTAN,1 65942U 98067XP  25308.30992354  .00070090  00000+0  10417-2 0  9999,2 65942  51.6322 332.1719 0004782  18.8156 341.3011 15.54512341  3875
2025-11-06T09:00:35.012171+09:00,gs_db,BOTAN,1 65942U 98067XP  25308.30992354  .00070090  00000+0  10417-2 0  9999,2 65942  51.6322 332.1719 0004782  18.8156 341.3011 15.54512341  3875
2025-11-06T09:00:41.703439+09:00,gs_db,BOTAN,1 65942U 98067XP  25308.30992354  .00070090  00000+0  10417-2 0  9999,2 65942  51.6322 332.1719 0004782  18.8156 341.3011 15.54512341  3875
2025-11-06T12:00:17.219703+09:00,gs_db,BOTAN,1 65942U 98067XP  25308.30992354  .00070090  00000+0  10417-2 0  9999,2 65942  51.6322 332.1719 0004782  18.8156 341.3011 15.54512341  3875
2025-11-06T15:00:17.249957+09:00,gs_db,BOTAN,1 65942U 98067XP  25309.91695397  .00084394  00000+0  12391-2 0  9999,2 65942  51.6321 324.1537 0004862  26.7714 333.3527 15.54763636  4127
2025-11-06T15:00:19.607552+09:00,gs_db,BOTAN,1 65942U 98067XP  25309.91695397  .00084394  00000+0  12391-2 0  9999,2 65942  51.6321 324.1537 0004862  26.7714 333.3527 15.54763636  4127
2025-11-06T18:00:16.995613+09:00,gs_db,BOTAN,1 65942U 98067XP  25309.91695397  .00084394  00000+0  12391-2 0  9999,2 65942  51.6321 324.1537 0004862  26.7714 333.3527 15.54763636  4127
2025-11-06T21:00:25.037342+09:00,gs_db,BOTAN,1 65942U 98067XP  25309.91695397  .00084394  00000+0  12391-2 0  9999,2 65942  51.6321 324.1537 0004862  26.7714 333.3527 15.54763636  4127
2025-11-06T21:00:25.272708+09:00,gs_db,BOTAN,1 65942U 98067XP  25309.91695397  .00084394  00000+0  12391-2 0  9999,2 65942  51.6321 324.1537 0004862  26.7714 333.3527 15.54763636  4127
2025-11-07T00:00:14.93378+09:00,gs_db,BOTAN,1 65942U 98067XP  25310.23832496  .00095041  00000+0  13891-2 0  9996,2 65942  51.6323 322.5492 0004830  28.2597 331.8656 15.54833848  4176
2025-11-07T03:00:11.405947+09:00,gs_db,BOTAN,1 65942U 98067XP  25310.23832496  .00095041  00000+0  13891-2 0  9996,2 65942  51.6323 322.5492 0004830  28.2597 331.8656 15.54833848  4176
2025-11-07T03:00:12.092921+09:00,gs_db,BOTAN,1 65942U 98067XP  25310.23832496  .00095041  00000+0  13891-2 0  9996,2 65942  51.6323 322.5492 0004830  28.2597 331.8656 15.54833848  4176
2025-11-07T06:00:20.386711+09:00,gs_db,BOTAN,1 65942U 98067XP  25310.23832496  .00095041  00000+0  13891-2 0  9996,2 65942  51.6323 322.5492 0004830  28.2597 331.8656 15.54833848  4176
2025-11-07T09:00:31.158348+09:00,gs_db,BOTAN,1 65942U 98067XP  25310.23832496  .00095041  00000+0  13891-2 0  9996,2 65942  51.6323 322.5492 0004830  28.2597 331.8656 15.54833848  4176
2025-11-07T09:00:31.873839+09:00,gs_db,BOTAN,1 65942U 98067XP  25310.23832496  .00095041  00000+0  13891-2 0  9996,2 65942  51.6323 322.5492 0004830  28.2597 331.8656 15.54833848  4176
2025-11-07T12:00:12.549777+09:00,gs_db,BOTAN,1 65942U 98067XP  25310.23832496  .00095041  00000+0  13891-2 0  9996,2 65942  51.6323 322.5492 0004830  28.2597 331.8656 15.54833848  4176
2025-11-07T15:00:13.386858+09:00,gs_db,BOTAN,1 65942U 98067XP  25310.94529079  .00066291  00000+0  96955-3 0  9992,2 65942  51.6322 319.0210 0004967  31.2909 328.8377 15.54973125  4287
2025-11-07T15:00:13.906356+09:00,gs_db,BOTAN,1 65942U 98067XP  25310.94529079  .00066291  00000+0  96955-3 0  9992,2 65942  51.6322 319.0210 0004967  31.2909 328.8377 15.54973125  4287
2025-11-07T18:00:21.46447+09:00,gs_db,BOTAN,1 65942U 98067XP  25310.94529079  .00066291  00000+0  96955-3 0  9992,2 65942  51.6322 319.0210 0004967  31.2909 328.8377 15.54973125  4287
2025-11-07T21:00:13.944101+09:00,gs_db,BOTAN,1 65942U 98067XP  25310.94529079  .00066291  00000+0  96955-3 0  9992,2 65942  51.6322 319.0210 0004967  31.2909 328.8377 15.54973125  4287
2025-11-07T21:00:16.007594+09:00,gs_db,BOTAN,1 65942U 98067XP  25310.94529079  .00066291  00000+0  96955-3 0  9992,2 65942  51.6322 319.0210 0004967  31.2909 328.8377 15.54973125  4287
2025-11-08T00:00:10.666708+09:00,gs_db,BOTAN,1 65942U 98067XP  25311.26661794  .00083017  00000+0  12070-2 0  9999,2 65942  51.6320 317.4148 0004757  34.2370 325.8927 15.55038987  4332
2025-11-08T03:00:12.403411+09:00,gs_db,BOTAN,1 65942U 98067XP  25311.26661794  .00083017  00000+0  12070-2 0  9999,2 65942  51.6320 317.4148 0004757  34.2370 325.8927 15.55038987  4332
2025-11-08T03:00:13.712211+09:00,gs_db,BOTAN,1 65942U 98067XP  25311.26661794  .00083017  00000+0  12070-2 0  9999,2 65942  51.6320 317.4148 0004757  34.2370 325.8927 15.55038987  4332
2025-11-08T06:00:19.171688+09:00,gs_db,BOTAN,1 65942U 98067XP  25311.26661794  .00083017  00000+0  12070-2 0  9999,2 65942  51.6320 317.4148 0004757  34.2370 325.8927 15.55038987  4332
2025-11-08T09:00:25.957867+09:00,gs_db,BOTAN,1 65942U 98067XP  25311.26661794  .00083017  00000+0  12070-2 0  9999,2 65942  51.6320 317.4148 0004757  34.2370 325.8927 15.55038987  4332
2025-11-08T09:00:27.826292+09:00,gs_db,BOTAN,1 65942U 98067XP  25311.26661794  .00083017  00000+0  12070-2 0  9999,2 65942  51.6320 317.4148 0004757  34.2370 325.8927 15.55038987  4332
2025-11-08T12:00:13.650912+09:00,gs_db,BOTAN,1 65942U 98067XP  25311.26661794  .00083017  00000+0  12070-2 0  9999,2 65942  51.6320 317.4148 0004757  34.2370 325.8927 15.55038987  4332
2025-11-08T15:00:10.970063+09:00,gs_db,BOTAN,1 65942U 98067XP  25311.26661794  .00083017  00000+0  12070-2 0  9999,2 65942  51.6320 317.4148 0004757  34.2370 325.8927 15.55038987  4332
2025-11-08T15:00:12.882139+09:00,gs_db,BOTAN,1 65942U 98067XP  25311.26661794  .00083017  00000+0  12070-2 0  9999,2 65942  51.6320 317.4148 0004757  34.2370 325.8927 15.55038987  4332
2025-11-08T18:00:27.197934+09:00,gs_db,BOTAN,1 65942U 98067XP  25311.26661794  .00083017  00000+0  12070-2 0  9999,2 65942  51.6320 317.4148 0004757  34.2370 325.8927 15.55038987  4332
2025-11-08T21:00:17.522534+09:00,gs_db,BOTAN,1 65942U 98067XP  25311.26661794  .00083017  00000+0  12070-2 0  9999,2 65942  51.6320 317.4148 0004757  34.2370 325.8927 15.55038987  4332
2025-11-08T21:00:22.200919+09:00,gs_db,BOTAN,1 65942U 98067XP  25311.26661794  .00083017  00000+0  12070-2 0  9999,2 65942  51.6320 317.4148 0004757  34.2370 325.8927 15.55038987  4332
2025-11-09T00:00:14.741116+09:00,gs_db,BOTAN,1 65942U 98067XP  25311.26661794  .00083017  00000+0  12070-2 0  9999,2 65942  51.6320 317.4148 0004757  34.2370 325.8927 15.55038987  4332
2025-11-09T03:00:13.27172+09:00,gs_db,BOTAN,1 65942U 98067XP  25311.26661794  .00083017  00000+0  12070-2 0  9999,2 65942  51.6320 317.4148 0004757  34.2370 325.8927 15.55038987  4332
2025-11-09T03:00:14.639126+09:00,gs_db,BOTAN,1 65942U 98067XP  25311.26661794  .00083017  00000+0  12070-2 0  9999,2 65942  51.6320 317.4148 0004757  34.2370 325.8927 15.55038987  4332
2025-11-09T06:00:24.439143+09:00,gs_db,BOTAN,1 65942U 98067XP  25312.23052238  .00095447  00000+0  13745-2 0  9994,2 65942  51.6318 312.6015 0004708  39.0396 321.0934 15.55235340  4480
2025-11-09T09:00:28.68495+09:00,gs_db,BOTAN,1 65942U 98067XP  25312.23052238  .00095447  00000+0  13745-2 0  9994,2 65942  51.6318 312.6015 0004708  39.0396 321.0934 15.55235340  4480
2025-11-09T09:00:33.219049+09:00,gs_db,BOTAN,1 65942U 98067XP  25312.23052238  .00095447  00000+0  13745-2 0  9994,2 65942  51.6318 312.6015 0004708  39.0396 321.0934 15.55235340  4480
2025-11-09T12:00:18.784399+09:00,gs_db,BOTAN,1 65942U 98067XP  25312.23052238  .00095447  00000+0  13745-2 0  9994,2 65942  51.6318 312.6015 0004708  39.0396 321.0934 15.55235340  4480
2025-11-09T15:00:14.439167+09:00,gs_db,BOTAN,1 65942U 98067XP  25312.23052238  .00095447  00000+0  13745-2 0  9994,2 65942  51.6318 312.6015 0004708  39.0396 321.0934 15.55235340  4480
2025-11-09T15:00:15.688184+09:00,gs_db,BOTAN,1 65942U 98067XP  25312.23052238  .00095447  00000+0  13745-2 0  9994,2 65942  51.6318 312.6015 0004708  39.0396 321.0934 15.55235340  4480
2025-11-09T18:00:18.85066+09:00,gs_db,BOTAN,1 65942U 98067XP  25312.23052238  .00095447  00000+0  13745-2 0  9994,2 65942  51.6318 312.6015 0004708  39.0396 321.0934 15.55235340  4480
2025-11-09T21:00:24.60551+09:00,gs_db,BOTAN,1 65942U 98067XP  25312.23052238  .00095447  00000+0  13745-2 0  9994,2 65942  51.6318 312.6015 0004708  39.0396 321.0934 15.55235340  4480
2025-11-09T21:00:28.695308+09:00,gs_db,BOTAN,1 65942U 98067XP  25312.23052238  .00095447  00000+0  13745-2 0  9994,2 65942  51.6318 312.6015 0004708  39.0396 321.0934 15.55235340  4480
2025-11-10T00:00:14.968766+09:00,gs_db,BOTAN,1 65942U 98067XP  25312.23052238  .00095447  00000+0  13745-2 0  9994,2 65942  51.6318 312.6015 0004708  39.0396 321.0934 15.55235340  4480
2025-11-10T03:00:12.785108+09:00,gs_db,BOTAN,1 65942U 98067XP  25312.23052238  .00095447  00000+0  13745-2 0  9994,2 65942  51.6318 312.6015 0004708  39.0396 321.0934 15.55235340  4480
2025-11-10T03:00:14.257695+09:00,gs_db,BOTAN,1 65942U 98067XP  25312.23052238  .00095447  00000+0  13745-2 0  9994,2 65942  51.6318 312.6015 0004708  39.0396 321.0934 15.55235340  4480
2025-11-10T06:00:21.92727+09:00,gs_db,BOTAN,1 65942U 98067XP  25312.23052238  .00095447  00000+0  13745-2 0  9994,2 65942  51.6318 312.6015 0004708  39.0396 321.0934 15.55235340  4480
2025-11-10T09:00:24.042059+09:00,gs_db,BOTAN,1 65942U 98067XP  25312.23052238  .00095447  00000+0  13745-2 0  9994,2 65942  51.6318 312.6015 0004708  39.0396 321.0934 15.55235340  4480
2025-11-10T09:00:29.684516+09:00,gs_db,BOTAN,1 65942U 98067XP  25312.23052238  .00095447  00000+0  13745-2 0  9994,2 65942  51.6318 312.6015 0004708  39.0396 321.0934 15.55235340  4480
2025-11-10T12:00:15.173377+09:00,gs_db,BOTAN,1 65942U 98067XP  25312.23052238  .00095447  00000+0  13745-2 0  9994,2 65942  51.6318 312.6015 0004708  39.0396 321.0934 15.55235340  4480
2025-11-10T15:00:12.064579+09:00,gs_db,BOTAN,1 65942U 98067XP  25312.23052238  .00095447  00000+0  13745-2 0  9994,2 65942  51.6318 312.6015 0004708  39.0396 321.0934 15.55235340  4480
2025-11-10T15:00:15.521214+09:00,gs_db,BOTAN,1 65942U 98067XP  25312.23052238  .00095447  00000+0  13745-2 0  9994,2 65942  51.6318 312.6015 0004708  39.0396 321.0934 15.55235340  4480
2025-11-10T18:00:32.067853+09:00,gs_db,BOTAN,1 65942U 98067XP  25312.23052238  .00095447  00000+0  13745-2 0  9994,2 65942  51.6318 312.6015 0004708  39.0396 321.0934 15.55235340  4480
2025-11-11T00:00:15.14599+09:00,gs_db,BOTAN,1 65942U 98067XP  25312.23052238  .00095447  00000+0  13745-2 0  9994,2 65942  51.6318 312.6015 0004708  39.0396 321.0934 15.55235340  4480
2025-11-11T03:00:11.200859+09:00,gs_db,BOTAN,1 65942U 98067XP  25312.23052238  .00095447  00000+0  13745-2 0  9994,2 65942  51.6318 312.6015 0004708  39.0396 321.0934 15.55235340  4480
2025-11-11T03:00:11.449525+09:00,gs_db,BOTAN,1 65942U 98067XP  25312.23052238  .00095447  00000+0  13745-2 0  9994,2 65942  51.6318 312.6015 0004708  39.0396 321.0934 15.55235340  4480
2025-11-11T06:00:17.773804+09:00,gs_db,BOTAN,1 65942U 98067XP  25312.23052238  .00095447  00000+0  13745-2 0  9994,2 65942  51.6318 312.6015 0004708  39.0396 321.0934 15.55235340  4480
2025-11-11T09:00:32.899381+09:00,gs_db,BOTAN,1 65942U 98067XP  25312.23052238  .00095447  00000+0  13745-2 0  9994,2 65942  51.6318 312.6015 0004708  39.0396 321.0934 15.55235340  4480
2025-11-11T09:00:35.778219+09:00,gs_db,BOTAN,1 65942U 98067XP  25312.23052238  .00095447  00000+0  13745-2 0  9994,2 65942  51.6318 312.6015 0004708  39.0396 321.0934 15.55235340  4480
2025-11-11T12:00:18.325175+09:00,gs_db,BOTAN,1 65942U 98067XP  25312.23052238  .00095447  00000+0  13745-2 0  9994,2 65942  51.6318 312.6015 0004708  39.0396 321.0934 15.55235340  4480
2025-11-11T15:00:12.893353+09:00,gs_db,BOTAN,1 65942U 98067XP  25312.23052238  .00095447  00000+0  13745-2 0  9994,2 65942  51.6318 312.6015 0004708  39.0396 321.0934 15.55235340  4480
2025-11-11T15:00:12.988432+09:00,gs_db,BOTAN,1 65942U 98067XP  25312.23052238  .00095447  00000+0  13745-2 0  9994,2 65942  51.6318 312.6015 0004708  39.0396 321.0934 15.55235340  4480
2025-11-11T18:00:29.569666+09:00,gs_db,BOTAN,1 65942U 98067XP  25314.67189771  .00099177  00000+0  14036-2 0  9995,2 65942  51.6318 300.4058 0004857  51.7839 308.3589 15.55690209  4865
2025-11-11T21:00:15.042408+09:00,gs_db,BOTAN,1 65942U 98067XP  25314.67189771  .00099177  00000+0  14036-2 0  9995,2 65942  51.6318 300.4058 0004857  51.7839 308.3589 15.55690209  4865
2025-11-11T21:00:16.949629+09:00,gs_db,BOTAN,1 65942U 98067XP  25314.67189771  .00099177  00000+0  14036-2 0  9995,2 65942  51.6318 300.4058 0004857  51.7839 308.3589 15.55690209  4865
2025-11-12T00:00:14.098004+09:00,gs_db,BOTAN,1 65942U 98067XP  25315.25001011  .00102013  00000+0  14362-2 0  9996,2 65942  51.6318 297.5160 0004820  55.3757 304.7688 15.55818540  4954
2025-11-12T03:00:12.577495+09:00,gs_db,BOTAN,1 65942U 98067XP  25315.25001011  .00102013  00000+0  14362-2 0  9996,2 65942  51.6318 297.5160 0004820  55.3757 304.7688 15.55818540  4954
2025-11-12T03:00:13.16003+09:00,gs_db,BOTAN,1 65942U 98067XP  25315.25001011  .00102013  00000+0  14362-2 0  9996,2 65942  51.6318 297.5160 0004820  55.3757 304.7688 15.55818540  4954
2025-11-12T06:00:23.459317+09:00,gs_db,BOTAN,1 65942U 98067XP  25315.25001011  .00102013  00000+0  14362-2 0  9996,2 65942  51.6318 297.5160 0004820  55.3757 304.7688 15.55818540  4954
2025-11-12T09:00:30.25928+09:00,gs_db,BOTAN,1 65942U 98067XP  25315.25001011  .00102013  00000+0  14362-2 0  9996,2 65942  51.6318 297.5160 0004820  55.3757 304.7688 15.55818540  4954
2025-11-12T09:00:33.838543+09:00,gs_db,BOTAN,1 65942U 98067XP  25315.25001011  .00102013  00000+0  14362-2 0  9996,2 65942  51.6318 297.5160 0004820  55.3757 304.7688 15.55818540  4954
2025-11-12T12:00:20.306311+09:00,gs_db,BOTAN,1 65942U 98067XP  25315.25001011  .00102013  00000+0  14362-2 0  9996,2 65942  51.6318 297.5160 0004820  55.3757 304.7688 15.55818540  4954
2025-11-12T15:00:10.595267+09:00,gs_db,BOTAN,1 65942U 98067XP  25315.25001011  .00102013  00000+0  14362-2 0  9996,2 65942  51.6318 297.5160 0004820  55.3757 304.7688 15.55818540  4954
2025-11-12T15:00:11.409432+09:00,gs_db,BOTAN,1 65942U 98067XP  25315.25001011  .00102013  00000+0  14362-2 0  9996,2 65942  51.6318 297.5160 0004820  55.3757 304.7688 15.55818540  4954
2025-11-12T18:00:37.831621+09:00,gs_db,BOTAN,1 65942U 98067XP  25315.25001011  .00102013  00000+0  14362-2 0  9996,2 65942  51.6318 297.5160 0004820  55.3757 304.7688 15.55818540  4954
2025-11-12T21:00:20.498139+09:00,gs_db,BOTAN,1 65942U 98067XP  25315.25001011  .00102013  00000+0  14362-2 0  9996,2 65942  51.6318 297.5160 0004820  55.3757 304.7688 15.55818540  4954
2025-11-12T21:00:28.120951+09:00,gs_db,BOTAN,1 65942U 98067XP  25315.25001011  .00102013  00000+0  14362-2 0  9996,2 65942  51.6318 297.5160 0004820  55.3757 304.7688 15.55818540  4954
2025-11-13T00:00:19.907729+09:00,gs_db,BOTAN,1 65942U 98067XP  25315.37847341  .00099617  00000+0  14017-2 0  9995,2 65942  51.6317 296.8738 0004799  56.4340 303.7109 15.55845999  4978
2025-11-13T03:00:43.382158+09:00,gs_db,BOTAN,1 65942U 98067XP  25315.37847341  .00099617  00000+0  14017-2 0  9995,2 65942  51.6317 296.8738 0004799  56.4340 303.7109 15.55845999  4978
2025-11-13T03:01:26.55616+09:00,gs_db,BOTAN,1 65942U 98067XP  25315.37847341  .00099617  00000+0  14017-2 0  9995,2 65942  51.6317 296.8738 0004799  56.4340 303.7109 15.55845999  4978
2025-11-13T06:00:28.307375+09:00,gs_db,BOTAN,1 65942U 98067XP  25315.37847341  .00099617  00000+0  14017-2 0  9995,2 65942  51.6317 296.8738 0004799  56.4340 303.7109 15.55845999  4978
2025-11-13T09:00:36.694128+09:00,gs_db,BOTAN,1 65942U 98067XP  25315.37847341  .00099617  00000+0  14017-2 0  9995,2 65942  51.6317 296.8738 0004799  56.4340 303.7109 15.55845999  4978
2025-11-13T09:00:44.239466+09:00,gs_db,BOTAN,1 65942U 98067XP  25315.37847341  .00099617  00000+0  14017-2 0  9995,2 65942  51.6317 296.8738 0004799  56.4340 303.7109 15.55845999  4978
2025-11-13T12:00:20.271298+09:00,gs_db,BOTAN,1 65942U 98067XP  25315.37847341  .00099617  00000+0  14017-2 0  9995,2 65942  51.6317 296.8738 0004799  56.4340 303.7109 15.55845999  4978
2025-11-13T15:00:18.510354+09:00,gs_db,BOTAN,1 65942U 98067XP  25316.34186979  .00174749  00000+0  24082-2 0  9999,2 65942  51.6317 292.0571 0004789  62.0522 298.0954 15.56096331  5126
2025-11-13T15:00:19.674273+09:00,gs_db,BOTAN,1 65942U 98067XP  25316.34186979  .00174749  00000+0  24082-2 0  9999,2 65942  51.6317 292.0571 0004789  62.0522 298.0954 15.56096331  5126
2025-11-13T18:00:27.228528+09:00,gs_db,BOTAN,1 65942U 98067XP  25316.34186979  .00174749  00000+0  24082-2 0  9999,2 65942  51.6317 292.0571 0004789  62.0522 298.0954 15.56096331  5126
2025-11-13T21:00:23.168877+09:00,gs_db,BOTAN,1 65942U 98067XP  25316.34186979  .00174749  00000+0  24082-2 0  9999,2 65942  51.6317 292.0571 0004789  62.0522 298.0954 15.56096331  5126
2025-11-13T21:00:26.760308+09:00,gs_db,BOTAN,1 65942U 98067XP  25316.34186979  .00174749  00000+0  24082-2 0  9999,2 65942  51.6317 292.0571 0004789  62.0522 298.0954 15.56096331  5126
2025-11-14T00:00:25.125178+09:00,gs_db,BOTAN,1 65942U 98067XP  25317.17664753  .00126511  00000+0  17364-2 0  9991,2 65942  51.6314 287.8816 0004794  65.5288 294.6203 15.56398935  5258
2025-11-14T03:00:15.357948+09:00,gs_db,BOTAN,1 65942U 98067XP  25317.17664753  .00126511  00000+0  17364-2 0  9991,2 65942  51.6314 287.8816 0004794  65.5288 294.6203 15.56398935  5258
2025-11-14T03:00:20.027994+09:00,gs_db,BOTAN,1 65942U 98067XP  25317.17664753  .00126511  00000+0  17364-2 0  9991,2 65942  51.6314 287.8816 0004794  65.5288 294.6203 15.56398935  5258
2025-11-14T06:00:31.531556+09:00,gs_db,BOTAN,1 65942U 98067XP  25317.62607900  .00139578  00000+0  19010-2 0  9999,2 65942  51.6312 285.6332 0004819  67.8046 292.3457 15.56552899  5325
2025-11-14T12:00:22.272159+09:00,gs_db,BOTAN,1 65942U 98067XP  25317.62607900  .00139578  00000+0  19010-2 0  9999,2 65942  51.6312 285.6332 0004819  67.8046 292.3457 15.56552899  5325
2025-11-14T15:00:17.05127+09:00,gs_db,BOTAN,1 65942U 98067XP  25317.62607900  .00139578  00000+0  19010-2 0  9999,2 65942  51.6312 285.6332 0004819  67.8046 292.3457 15.56552899  5325
2025-11-14T15:00:20.593001+09:00,gs_db,BOTAN,1 65942U 98067XP  25317.62607900  .00139578  00000+0  19010-2 0  9999,2 65942  51.6312 285.6332 0004819  67.8046 292.3457 15.56552899  5325
2025-11-14T18:00:28.793843+09:00,gs_db,BOTAN,1 65942U 98067XP  25317.75448169  .00131959  00000+0  17972-2 0  9993,2 65942  51.6310 284.9908 0004843  68.6517 291.4992 15.56584571  5341
2025-11-14T21:00:19.848711+09:00,gs_db,BOTAN,1 65942U 98067XP  25317.75448169  .00131959  00000+0  17972-2 0  9993,2 65942  51.6310 284.9908 0004843  68.6517 291.4992 15.56584571  5341
2025-11-14T21:00:29.935555+09:00,gs_db,BOTAN,1 65942U 98067XP  25317.75448169  .00131959  00000+0  17972-2 0  9993,2 65942  51.6310 284.9908 0004843  68.6517 291.4992 15.56584571  5341
2025-11-15T00:00:30.369453+09:00,gs_db,BOTAN,1 65942U 98067XP  25318.26806544  .00099589  00000+0  13576-2 0  9993,2 65942  51.6307 282.4197 0004695  72.5108 287.6396 15.56700686  5426
2025-11-15T03:00:14.414882+09:00,gs_db,BOTAN,1 65942U 98067XP  25318.26806544  .00099589  00000+0  13576-2 0  9993,2 65942  51.6307 282.4197 0004695  72.5108 287.6396 15.56700686  5426
2025-11-15T03:00:22.112688+09:00,gs_db,BOTAN,1 65942U 98067XP  25318.26806544  .00099589  00000+0  13576-2 0  9993,2 65942  51.6307 282.4197 0004695  72.5108 287.6396 15.56700686  5426
2025-11-15T06:00:27.83401+09:00,gs_db,BOTAN,1 65942U 98067XP  25318.26806544  .00099589  00000+0  13576-2 0  9993,2 65942  51.6307 282.4197 0004695  72.5108 287.6396 15.56700686  5426
2025-11-15T09:00:51.036736+09:00,gs_db,BOTAN,1 65942U 98067XP  25318.26806544  .00099589  00000+0  13576-2 0  9993,2 65942  51.6307 282.4197 0004695  72.5108 287.6396 15.56700686  5426
2025-11-15T09:00:59.479264+09:00,gs_db,BOTAN,1 65942U 98067XP  25318.26806544  .00099589  00000+0  13576-2 0  9993,2 65942  51.6307 282.4197 0004695  72.5108 287.6396 15.56700686  5426
2025-11-15T12:00:24.138192+09:00,gs_db,BOTAN,1 65942U 98067XP  25318.26806544  .00099589  00000+0  13576-2 0  9993,2 65942  51.6307 282.4197 0004695  72.5108 287.6396 15.56700686  5426
2025-11-15T15:00:16.980843+09:00,gs_db,BOTAN,1 65942U 98067XP  25318.26806544  .00099589  00000+0  13576-2 0  9993,2 65942  51.6307 282.4197 0004695  72.5108 287.6396 15.56700686  5426
2025-11-15T15:00:19.067755+09:00,gs_db,BOTAN,1 65942U 98067XP  25318.26806544  .00099589  00000+0  13576-2 0  9993,2 65942  51.6307 282.4197 0004695  72.5108 287.6396 15.56700686  5426
2025-11-15T18:00:24.83388+09:00,gs_db,BOTAN,1 65942U 98067XP  25318.26806544  .00099589  00000+0  13576-2 0  9993,2 65942  51.6307 282.4197 0004695  72.5108 287.6396 15.56700686  5426
2025-11-15T21:00:24.322515+09:00,gs_db,BOTAN,1 65942U 98067XP  25318.26806544  .00099589  00000+0  13576-2 0  9993,2 65942  51.6307 282.4197 0004695  72.5108 287.6396 15.56700686  5426
2025-11-15T21:00:25.029958+09:00,gs_db,BOTAN,1 65942U 98067XP  25318.26806544  .00099589  00000+0  13576-2 0  9993,2 65942  51.6307 282.4197 0004695  72.5108 287.6396 15.56700686  5426
2025-11-16T00:00:22.328599+09:00,gs_db,BOTAN,1 65942U 98067XP  25318.26806544  .00099589  00000+0  13576-2 0  9993,2 65942  51.6307 282.4197 0004695  72.5108 287.6396 15.56700686  5426
2025-11-16T03:00:18.056899+09:00,gs_db,BOTAN,1 65942U 98067XP  25318.26806544  .00099589  00000+0  13576-2 0  9993,2 65942  51.6307 282.4197 0004695  72.5108 287.6396 15.56700686  5426
2025-11-16T03:00:18.575399+09:00,gs_db,BOTAN,1 65942U 98067XP  25318.26806544  .00099589  00000+0  13576-2 0  9993,2 65942  51.6307 282.4197 0004695  72.5108 287.6396 15.56700686  5426
2025-11-16T06:00:29.112599+09:00,gs_db,BOTAN,1 65942U 98067XP  25318.26806544  .00099589  00000+0  13576-2 0  9993,2 65942  51.6307 282.4197 0004695  72.5108 287.6396 15.56700686  5426
2025-11-16T09:01:33.140935+09:00,gs_db,BOTAN,1 65942U 98067XP  25318.26806544  .00099589  00000+0  13576-2 0  9993,2 65942  51.6307 282.4197 0004695  72.5108 287.6396 15.56700686  5426
2025-11-16T09:02:04.361211+09:00,gs_db,BOTAN,1 65942U 98067XP  25318.26806544  .00099589  00000+0  13576-2 0  9993,2 65942  51.6307 282.4197 0004695  72.5108 287.6396 15.56700686  5426
2025-11-16T12:00:26.107901+09:00,gs_db,BOTAN,1 65942U 98067XP  25318.26806544  .00099589  00000+0  13576-2 0  9993,2 65942  51.6307 282.4197 0004695  72.5108 287.6396 15.56700686  5426
2025-11-16T15:00:19.466238+09:00,gs_db,BOTAN,1 65942U 98067XP  25318.26806544  .00099589  00000+0  13576-2 0  9993,2 65942  51.6307 282.4197 0004695  72.5108 287.6396 15.56700686  5426
2025-11-16T15:00:24.254318+09:00,gs_db,BOTAN,1 65942U 98067XP  25318.26806544  .00099589  00000+0  13576-2 0  9993,2 65942  51.6307 282.4197 0004695  72.5108 287.6396 15.56700686  5426
2025-11-16T18:00:25.349107+09:00,gs_db,BOTAN,1 65942U 98067XP  25318.26806544  .00099589  00000+0  13576-2 0  9993,2 65942  51.6307 282.4197 0004695  72.5108 287.6396 15.56700686  5426
2025-11-16T21:00:19.717054+09:00,gs_db,BOTAN,1 65942U 98067XP  25318.26806544  .00099589  00000+0  13576-2 0  9993,2 65942  51.6307 282.4197 0004695  72.5108 287.6396 15.56700686  5426
2025-11-16T21:00:23.914181+09:00,gs_db,BOTAN,1 65942U 98067XP  25318.26806544  .00099589  00000+0  13576-2 0  9993,2 65942  51.6307 282.4197 0004695  72.5108 287.6396 15.56700686  5426
2025-11-17T00:00:06.566397+09:00,gs_db,BOTAN,1 65942U 98067XP  25318.26806544  .00099589  00000+0  13576-2 0  9993,2 65942  51.6307 282.4197 0004695  72.5108 287.6396 15.56700686  5426
2025-11-17T03:00:07.776133+09:00,gs_db,BOTAN,1 65942U 98067XP  25318.26806544  .00099589  00000+0  13576-2 0  9993,2 65942  51.6307 282.4197 0004695  72.5108 287.6396 15.56700686  5426
2025-11-17T03:00:19.98762+09:00,gs_db,BOTAN,1 65942U 98067XP  25318.26806544  .00099589  00000+0  13576-2 0  9993,2 65942  51.6307 282.4197 0004695  72.5108 287.6396 15.56700686  5426
2025-11-17T06:00:09.490373+09:00,gs_db,BOTAN,1 65942U 98067XP  25318.26806544  .00099589  00000+0  13576-2 0  9993,2 65942  51.6307 282.4197 0004695  72.5108 287.6396 15.56700686  5426
2025-11-17T09:00:22.610467+09:00,gs_db,BOTAN,1 65942U 98067XP  25318.26806544  .00099589  00000+0  13576-2 0  9993,2 65942  51.6307 282.4197 0004695  72.5108 287.6396 15.56700686  5426
2025-11-17T09:00:41.779854+09:00,gs_db,BOTAN,1 65942U 98067XP  25318.26806544  .00099589  00000+0  13576-2 0  9993,2 65942  51.6307 282.4197 0004695  72.5108 287.6396 15.56700686  5426
2025-11-17T12:00:11.899764+09:00,gs_db,BOTAN,1 65942U 98067XP  25320.12951907  .00105993  00000+0  14231-2 0  9991,2 65942  51.6310 273.0997 0004675  83.2645 276.8878 15.57079826  5710
2025-11-17T15:00:19.705494+09:00,gs_db,BOTAN,1 65942U 98067XP  25320.12951907  .00105993  00000+0  14231-2 0  9991,2 65942  51.6310 273.0997 0004675  83.2645 276.8878 15.57079826  5710
2025-11-17T15:00:21.867577+09:00,gs_db,BOTAN,1 65942U 98067XP  25320.12951907  .00105993  00000+0  14231-2 0  9991,2 65942  51.6310 273.0997 0004675  83.2645 276.8878 15.57079826  5710
2025-11-17T18:00:33.595335+09:00,gs_db,BOTAN,1 65942U 98067XP  25320.12951907  .00105993  00000+0  14231-2 0  9991,2 65942  51.6310 273.0997 0004675  83.2645 276.8878 15.57079826  5710
2025-11-17T21:00:27.881352+09:00,gs_db,BOTAN,1 65942U 98067XP  25320.12951907  .00105993  00000+0  14231-2 0  9991,2 65942  51.6310 273.0997 0004675  83.2645 276.8878 15.57079826  5710
2025-11-17T21:00:36.217544+09:00,gs_db,BOTAN,1 65942U 98067XP  25320.12951907  .00105993  00000+0  14231-2 0  9991,2 65942  51.6310 273.0997 0004675  83.2645 276.8878 15.57079826  5710
2025-11-18T00:00:28.294431+09:00,gs_db,BOTAN,1 65942U 98067XP  25320.12951907  .00105993  00000+0  14231-2 0  9991,2 65942  51.6310 273.0997 0004675  83.2645 276.8878 15.57079826  5710
2025-11-18T03:00:19.483676+09:00,gs_db,BOTAN,1 65942U 98067XP  25320.12951907  .00105993  00000+0  14231-2 0  9991,2 65942  51.6310 273.0997 0004675  83.2645 276.8878 15.57079826  5710
2025-11-18T03:00:22.894242+09:00,gs_db,BOTAN,1 65942U 98067XP  25320.12951907  .00105993  00000+0  14231-2 0  9991,2 65942  51.6310 273.0997 0004675  83.2645 276.8878 15.57079826  5710
2025-11-18T06:00:27.184985+09:00,gs_db,BOTAN,1 65942U 98067XP  25321.02797974  .00105692  00000+0  14084-2 0  9995,2 65942  51.6307 268.5992 0004695  89.3927 270.7602 15.57284856  5856
2025-11-18T09:00:32.648328+09:00,gs_db,BOTAN,1 65942U 98067XP  25321.02797974  .00105692  00000+0  14084-2 0  9995,2 65942  51.6307 268.5992 0004695  89.3927 270.7602 15.57284856  5856
2025-11-18T09:00:38.159686+09:00,gs_db,BOTAN,1 65942U 98067XP  25321.02797974  .00105692  00000+0  14084-2 0  9995,2 65942  51.6307 268.5992 0004695  89.3927 270.7602 15.57284856  5856
2025-11-18T12:00:29.179298+09:00,gs_db,BOTAN,1 65942U 98067XP  25321.02797974  .00105692  00000+0  14084-2 0  9995,2 65942  51.6307 268.5992 0004695  89.3927 270.7602 15.57284856  5856
2025-11-18T15:00:15.986971+09:00,gs_db,BOTAN,1 65942U 98067XP  25321.02797974  .00105692  00000+0  14084-2 0  9995,2 65942  51.6307 268.5992 0004695  89.3927 270.7602 15.57284856  5856
2025-11-18T15:00:18.547767+09:00,gs_db,BOTAN,1 65942U 98067XP  25321.02797974  .00105692  00000+0  14084-2 0  9995,2 65942  51.6307 268.5992 0004695  89.3927 270.7602 15.57284856  5856
2025-11-18T18:00:18.531081+09:00,gs_db,BOTAN,1 65942U 98067XP  25321.02797974  .00105692  00000+0  14084-2 0  9995,2 65942  51.6307 268.5992 0004695  89.3927 270.7602 15.57284856  5856
2025-11-18T21:00:16.098811+09:00,gs_db,BOTAN,1 65942U 98067XP  25321.02797974  .00105692  00000+0  14084-2 0  9995,2 65942  51.6307 268.5992 0004695  89.3927 270.7602 15.57284856  5856
2025-11-18T21:00:21.942802+09:00,gs_db,BOTAN,1 65942U 98067XP  25321.02797974  .00105692  00000+0  14084-2 0  9995,2 65942  51.6307 268.5992 0004695  89.3927 270.7602 15.57284856  5856
2025-11-19T00:00:09.624595+09:00,gs_db,BOTAN,1 65942U 98067XP  25321.02797974  .00105692  00000+0  14084-2 0  9995,2 65942  51.6307 268.5992 0004695  89.3927 270.7602 15.57284856  5856
2025-11-19T03:00:19.780832+09:00,gs_db,BOTAN,1 65942U 98067XP  25321.02797974  .00105692  00000+0  14084-2 0  9995,2 65942  51.6307 268.5992 0004695  89.3927 270.7602 15.57284856  5856
2025-11-19T03:00:20.174257+09:00,gs_db,BOTAN,1 65942U 98067XP  25321.02797974  .00105692  00000+0  14084-2 0  9995,2 65942  51.6307 268.5992 0004695  89.3927 270.7602 15.57284856  5856
2025-11-19T06:00:21.341392+09:00,gs_db,BOTAN,1 65942U 98067XP  25322.05464742  .00088033  00000+0  11672-2 0  9992,2 65942  51.6309 263.4546 0004688  96.6603 263.4923 15.57503266  6014
2025-11-19T09:00:44.695918+09:00,gs_db,BOTAN,1 65942U 98067XP  25322.05464742  .00088033  00000+0  11672-2 0  9992,2 65942  51.6309 263.4546 0004688  96.6603 263.4923 15.57503266  6014
2025-11-19T09:00:52.349786+09:00,gs_db,BOTAN,1 65942U 98067XP  25322.05464742  .00088033  00000+0  11672-2 0  9992,2 65942  51.6309 263.4546 0004688  96.6603 263.4923 15.57503266  6014
2025-11-19T12:00:21.219285+09:00,gs_db,BOTAN,1 65942U 98067XP  25322.05464742  .00088033  00000+0  11672-2 0  9992,2 65942  51.6309 263.4546 0004688  96.6603 263.4923 15.57503266  6014
2025-11-19T15:00:15.845068+09:00,gs_db,BOTAN,1 65942U 98067XP  25322.88871583  .00078385  00000+0  10351-2 0  9990,2 65942  51.6309 259.2747 0004710 101.0100 259.1422 15.57662543  6143
2025-11-19T15:00:19.103889+09:00,gs_db,BOTAN,1 65942U 98067XP  25322.88871583  .00078385  00000+0  10351-2 0  9990,2 65942  51.6309 259.2747 0004710 101.0100 259.1422 15.57662543  6143
2025-11-19T18:00:28.325191+09:00,gs_db,BOTAN,1 65942U 98067XP  25322.88871583  .00078385  00000+0  10351-2 0  9990,2 65942  51.6309 259.2747 0004710 101.0100 259.1422 15.57662543  6143
2025-11-19T21:00:24.282687+09:00,gs_db,BOTAN,1 65942U 98067XP  25322.88871583  .00078385  00000+0  10351-2 0  9990,2 65942  51.6309 259.2747 0004710 101.0100 259.1422 15.57662543  6143
2025-11-19T21:00:29.393221+09:00,gs_db,BOTAN,1 65942U 98067XP  25322.88871583  .00078385  00000+0  10351-2 0  9990,2 65942  51.6309 259.2747 0004710 101.0100 259.1422 15.57662543  6143
2025-11-20T00:00:22.741449+09:00,gs_db,BOTAN,1 65942U 98067XP  25323.01702686  .00079738  00000+0  10518-2 0  9991,2 65942  51.6310 258.6311 0004732 102.1382 258.0140 15.57684723  6164
2025-11-20T03:00:17.240802+09:00,gs_db,BOTAN,1 65942U 98067XP  25323.01702686  .00079738  00000+0  10518-2 0  9991,2 65942  51.6310 258.6311 0004732 102.1382 258.0140 15.57684723  6164
2025-11-20T03:00:18.907143+09:00,gs_db,BOTAN,1 65942U 98067XP  25323.01702686  .00079738  00000+0  10518-2 0  9991,2 65942  51.6310 258.6311 0004732 102.1382 258.0140 15.57684723  6164
2025-11-20T06:00:24.378635+09:00,gs_db,BOTAN,1 65942U 98067XP  25323.01702686  .00079738  00000+0  10518-2 0  9991,2 65942  51.6310 258.6311 0004732 102.1382 258.0140 15.57684723  6164
2025-11-20T09:01:19.045367+09:00,gs_db,BOTAN,1 65942U 98067XP  25323.01702686  .00079738  00000+0  10518-2 0  9991,2 65942  51.6310 258.6311 0004732 102.1382 258.0140 15.57684723  6164
2025-11-20T09:01:38.578963+09:00,gs_db,BOTAN,1 65942U 98067XP  25323.01702686  .00079738  00000+0  10518-2 0  9991,2 65942  51.6310 258.6311 0004732 102.1382 258.0140 15.57684723  6164
2025-11-20T12:00:20.744317+09:00,gs_db,BOTAN,1 65942U 98067XP  25323.01702686  .00079738  00000+0  10518-2 0  9991,2 65942  51.6310 258.6311 0004732 102.1382 258.0140 15.57684723  6164
2025-11-20T15:00:14.933228+09:00,gs_db,BOTAN,1 65942U 98067XP  25323.78685352  .00083332  00000+0  10928-2 0  9995,2 65942  51.6307 254.7727 0004747 105.8470 254.3046 15.57821335  6281
2025-11-20T15:00:17.612275+09:00,gs_db,BOTAN,1 65942U 98067XP  25323.78685352  .00083332  00000+0  10928-2 0  9995,2 65942  51.6307 254.7727 0004747 105.8470 254.3046 15.57821335  6281
2025-11-20T18:00:26.856949+09:00,gs_db,BOTAN,1 65942U 98067XP  25323.78685352  .00083332  00000+0  10928-2 0  9995,2 65942  51.6307 254.7727 0004747 105.8470 254.3046 15.57821335  6281
2025-11-20T21:00:32.650112+09:00,gs_db,BOTAN,1 65942U 98067XP  25323.78685352  .00083332  00000+0  10928-2 0  9995,2 65942  51.6307 254.7727 0004747 105.8470 254.3046 15.57821335  6281
2025-11-20T21:00:37.55966+09:00,gs_db,BOTAN,1 65942U 98067XP  25323.78685352  .00083332  00000+0  10928-2 0  9995,2 65942  51.6307 254.7727 0004747 105.8470 254.3046 15.57821335  6281
2025-11-21T00:00:26.729385+09:00,gs_db,BOTAN,1 65942U 98067XP  25324.17174389  .00079956  00000+0  10467-2 0  9997,2 65942  51.6307 252.8426 0004686 107.1846 252.9659 15.57884657  6347
2025-11-21T03:00:14.728123+09:00,gs_db,BOTAN,1 65942U 98067XP  25324.17174389  .00079956  00000+0  10467-2 0  9997,2 65942  51.6307 252.8426 0004686 107.1846 252.9659 15.57884657  6347
2025-11-21T03:00:18.044163+09:00,gs_db,BOTAN,1 65942U 98067XP  25324.17174389  .00079956  00000+0  10467-2 0  9997,2 65942  51.6307 252.8426 0004686 107.1846 252.9659 15.57884657  6347
2025-11-21T06:00:21.224356+09:00,gs_db,BOTAN,1 65942U 98067XP  25324.17174389  .00079956  00000+0  10467-2 0  9997,2 65942  51.6307 252.8426 0004686 107.1846 252.9659 15.57884657  6347
2025-11-21T09:00:36.196506+09:00,gs_db,BOTAN,1 65942U 98067XP  25324.17174389  .00079956  00000+0  10467-2 0  9997,2 65942  51.6307 252.8426 0004686 107.1846 252.9659 15.57884657  6347
2025-11-21T09:00:44.456771+09:00,gs_db,BOTAN,1 65942U 98067XP  25324.17174389  .00079956  00000+0  10467-2 0  9997,2 65942  51.6307 252.8426 0004686 107.1846 252.9659 15.57884657  6347
2025-11-21T12:00:14.995792+09:00,gs_db,BOTAN,1 65942U 98067XP  25324.17174389  .00079956  00000+0  10467-2 0  9997,2 65942  51.6307 252.8426 0004686 107.1846 252.9659 15.57884657  6347
2025-11-21T15:00:13.789151+09:00,gs_db,BOTAN,1 65942U 98067XP  25324.81319232  .00081204  00000+0  10586-2 0  9997,2 65942  51.6307 249.6268 0004657 109.5809 250.5686 15.57989430  6448
2025-11-21T15:00:15.663536+09:00,gs_db,BOTAN,1 65942U 98067XP  25324.81319232  .00081204  00000+0  10586-2 0  9997,2 65942  51.6307 249.6268 0004657 109.5809 250.5686 15.57989430  6448
2025-11-21T21:00:17.651153+09:00,gs_db,BOTAN,1 65942U 98067XP  25324.81319232  .00081204  00000+0  10586-2 0  9997,2 65942  51.6307 249.6268 0004657 109.5809 250.5686 15.57989430  6448
2025-11-21T21:00:20.888976+09:00,gs_db,BOTAN,1 65942U 98067XP  25324.81319232  .00081204  00000+0  10586-2 0  9997,2 65942  51.6307 249.6268 0004657 109.5809 250.5686 15.57989430  6448
2025-11-22T00:00:18.604181+09:00,gs_db,BOTAN,1 65942U 98067XP  25324.81319232  .00081204  00000+0  10586-2 0  9997,2 65942  51.6307 249.6268 0004657 109.5809 250.5686 15.57989430  6448
2025-11-22T03:00:14.203283+09:00,gs_db,BOTAN,1 65942U 98067XP  25324.81319232  .00081204  00000+0  10586-2 0  9997,2 65942  51.6307 249.6268 0004657 109.5809 250.5686 15.57989430  6448
2025-11-22T03:00:14.515766+09:00,gs_db,BOTAN,1 65942U 98067XP  25324.81319232  .00081204  00000+0  10586-2 0  9997,2 65942  51.6307 249.6268 0004657 109.5809 250.5686 15.57989430  6448
2025-11-22T06:00:16.305219+09:00,gs_db,BOTAN,1 65942U 98067XP  25324.81319232  .00081204  00000+0  10586-2 0  9997,2 65942  51.6307 249.6268 0004657 109.5809 250.5686 15.57989430  6448
2025-11-22T09:00:33.431197+09:00,gs_db,BOTAN,1 65942U 98067XP  25324.81319232  .00081204  00000+0  10586-2 0  9997,2 65942  51.6307 249.6268 0004657 109.5809 250.5686 15.57989430  6448
2025-11-22T09:00:38.461409+09:00,gs_db,BOTAN,1 65942U 98067XP  25324.81319232  .00081204  00000+0  10586-2 0  9997,2 65942  51.6307 249.6268 0004657 109.5809 250.5686 15.57989430  6448
2025-11-22T12:00:12.868344+09:00,gs_db,BOTAN,1 65942U 98067XP  25324.81319232  .00081204  00000+0  10586-2 0  9997,2 65942  51.6307 249.6268 0004657 109.5809 250.5686 15.57989430  6448
2025-11-22T15:00:17.182852+09:00,gs_db,BOTAN,1 65942U 98067XP  25324.81319232  .00081204  00000+0  10586-2 0  9997,2 65942  51.6307 249.6268 0004657 109.5809 250.5686 15.57989430  6448
2025-11-22T15:00:17.532446+09:00,gs_db,BOTAN,1 65942U 98067XP  25324.81319232  .00081204  00000+0  10586-2 0  9997,2 65942  51.6307 249.6268 0004657 109.5809 250.5686 15.57989430  6448
2025-11-22T18:00:12.59491+09:00,gs_db,BOTAN,1 65942U 98067XP  25324.81319232  .00081204  00000+0  10586-2 0  9997,2 65942  51.6307 249.6268 0004657 109.5809 250.5686 15.57989430  6448
2025-11-22T21:00:22.835895+09:00,gs_db,BOTAN,1 65942U 98067XP  25324.81319232  .00081204  00000+0  10586-2 0  9997,2 65942  51.6307 249.6268 0004657 109.5809 250.5686 15.57989430  6448
2025-11-22T21:00:28.277274+09:00,gs_db,BOTAN,1 65942U 98067XP  25324.81319232  .00081204  00000+0  10586-2 0  9997,2 65942  51.6307 249.6268 0004657 109.5809 250.5686 15.57989430  6448
2025-11-23T03:00:16.151838+09:00,gs_db,BOTAN,1 65942U 98067XP  25324.81319232  .00081204  00000+0  10586-2 0  9997,2 65942  51.6307 249.6268 0004657 109.5809 250.5686 15.57989430  6448
2025-11-23T03:00:17.562277+09:00,gs_db,BOTAN,1 65942U 98067XP  25324.81319232  .00081204  00000+0  10586-2 0  9997,2 65942  51.6307 249.6268 0004657 109.5809 250.5686 15.57989430  6448
2025-11-23T06:00:21.360228+09:00,gs_db,BOTAN,1 65942U 98067XP  25326.16005862  .00099025  00000+0  12728-2 0  9998,2 65942  51.6306 242.8705 0004684 117.1919 242.9551 15.58277645  6653
2025-11-23T09:00:30.166786+09:00,gs_db,BOTAN,1 65942U 98067XP  25326.16005862  .00099025  00000+0  12728-2 0  9998,2 65942  51.6306 242.8705 0004684 117.1919 242.9551 15.58277645  6653
2025-11-23T09:00:32.933704+09:00,gs_db,BOTAN,1 65942U 98067XP  25326.16005862  .00099025  00000+0  12728-2 0  9998,2 65942  51.6306 242.8705 0004684 117.1919 242.9551 15.58277645  6653
2025-11-23T12:00:11.737578+09:00,gs_db,BOTAN,1 65942U 98067XP  25326.16005862  .00099025  00000+0  12728-2 0  9998,2 65942  51.6306 242.8705 0004684 117.1919 242.9551 15.58277645  6653
2025-11-23T15:00:15.815239+09:00,gs_db,BOTAN,1 65942U 98067XP  25326.16005862  .00099025  00000+0  12728-2 0  9998,2 65942  51.6306 242.8705 0004684 117.1919 242.9551 15.58277645  6653
2025-11-23T15:00:18.201195+09:00,gs_db,BOTAN,1 65942U 98067XP  25326.16005862  .00099025  00000+0  12728-2 0  9998,2 65942  51.6306 242.8705 0004684 117.1919 242.9551 15.58277645  6653
2025-11-23T18:00:05.758107+09:00,gs_db,BOTAN,1 65942U 98067XP  25326.16005862  .00099025  00000+0  12728-2 0  9998,2 65942  51.6306 242.8705 0004684 117.1919 242.9551 15.58277645  6653
2025-11-23T21:00:13.511174+09:00,gs_db,BOTAN,1 65942U 98067XP  25326.16005862  .00099025  00000+0  12728-2 0  9998,2 65942  51.6306 242.8705 0004684 117.1919 242.9551 15.58277645  6653
2025-11-23T21:00:23.463398+09:00,gs_db,BOTAN,1 65942U 98067XP  25326.16005862  .00099025  00000+0  12728-2 0  9998,2 65942  51.6306 242.8705 0004684 117.1919 242.9551 15.58277645  6653
2025-11-24T00:00:10.216964+09:00,gs_db,BOTAN,1 65942U 98067XP  25326.16005862  .00099025  00000+0  12728-2 0  9998,2 65942  51.6306 242.8705 0004684 117.1919 242.9551 15.58277645  6653
2025-11-24T03:00:12.093467+09:00,gs_db,BOTAN,1 65942U 98067XP  25326.16005862  .00099025  00000+0  12728-2 0  9998,2 65942  51.6306 242.8705 0004684 117.1919 242.9551 15.58277645  6653
2025-11-24T03:00:14.755455+09:00,gs_db,BOTAN,1 65942U 98067XP  25326.16005862  .00099025  00000+0  12728-2 0  9998,2 65942  51.6306 242.8705 0004684 117.1919 242.9551 15.58277645  6653
2025-11-24T06:00:08.134756+09:00,gs_db,BOTAN,1 65942U 98067XP  25326.16005862  .00099025  00000+0  12728-2 0  9998,2 65942  51.6306 242.8705 0004684 117.1919 242.9551 15.58277645  6653
2025-11-24T09:00:28.252801+09:00,gs_db,BOTAN,1 65942U 98067XP  25327.12196983  .00078973  00000+0  10128-2 0  9991,2 65942  51.6299 238.0444 0004693 122.4303 237.7144 15.58437580  6800
2025-11-24T09:00:34.583951+09:00,gs_db,BOTAN,1 65942U 98067XP  25327.12196983  .00078973  00000+0  10128-2 0  9991,2 65942  51.6299 238.0444 0004693 122.4303 237.7144 15.58437580  6800
2025-11-24T12:00:14.9774+09:00,gs_db,BOTAN,1 65942U 98067XP  25327.12196983  .00078973  00000+0  10128-2 0  9991,2 65942  51.6299 238.0444 0004693 122.4303 237.7144 15.58437580  6800
2025-11-24T15:00:15.219081+09:00,gs_db,BOTAN,1 65942U 98067XP  25327.12196983  .00078973  00000+0  10128-2 0  9991,2 65942  51.6299 238.0444 0004693 122.4303 237.7144 15.58437580  6800
2025-11-24T15:00:17.489078+09:00,gs_db,BOTAN,1 65942U 98067XP  25327.12196983  .00078973  00000+0  10128-2 0  9991,2 65942  51.6299 238.0444 0004693 122.4303 237.7144 15.58437580  6800
2025-11-24T18:00:21.27512+09:00,gs_db,BOTAN,1 65942U 98067XP  25327.12196983  .00078973  00000+0  10128-2 0  9991,2 65942  51.6299 238.0444 0004693 122.4303 237.7144 15.58437580  6800
2025-11-24T21:00:27.827395+09:00,gs_db,BOTAN,1 65942U 98067XP  25327.12196983  .00078973  00000+0  10128-2 0  9991,2 65942  51.6299 238.0444 0004693 122.4303 237.7144 15.58437580  6800
2025-11-24T21:00:31.510851+09:00,gs_db,BOTAN,1 65942U 98067XP  25327.12196983  .00078973  00000+0  10128-2 0  9991,2 65942  51.6299 238.0444 0004693 122.4303 237.7144 15.58437580  6800
2025-11-25T00:00:22.581096+09:00,gs_db,BOTAN,1 65942U 98067XP  25327.12196983  .00078973  00000+0  10128-2 0  9991,2 65942  51.6299 238.0444 0004693 122.4303 237.7144 15.58437580  6800
2025-11-25T03:00:12.316382+09:00,gs_db,BOTAN,1 65942U 98067XP  25327.12196983  .00078973  00000+0  10128-2 0  9991,2 65942  51.6299 238.0444 0004693 122.4303 237.7144 15.58437580  6800
2025-11-25T03:00:15.334598+09:00,gs_db,BOTAN,1 65942U 98067XP  25327.12196983  .00078973  00000+0  10128-2 0  9991,2 65942  51.6299 238.0444 0004693 122.4303 237.7144 15.58437580  6800
2025-11-25T06:00:18.404617+09:00,gs_db,BOTAN,1 65942U 98067XP  25328.14789398  .00093675  00000+0  11894-2 0  9999,2 65942  51.6299 232.8955 0004679 127.4021 232.7398 15.58627558  6964
2025-11-25T09:00:39.726783+09:00,gs_db,BOTAN,1 65942U 98067XP  25328.14789398  .00093675  00000+0  11894-2 0  9999,2 65942  51.6299 232.8955 0004679 127.4021 232.7398 15.58627558  6964
2025-11-25T09:00:49.791748+09:00,gs_db,BOTAN,1 65942U 98067XP  25328.14789398  .00093675  00000+0  11894-2 0  9999,2 65942  51.6299 232.8955 0004679 127.4021 232.7398 15.58627558  6964
2025-11-25T12:00:09.034559+09:00,gs_db,BOTAN,1 65942U 98067XP  25328.14789398  .00093675  00000+0  11894-2 0  9999,2 65942  51.6299 232.8955 0004679 127.4021 232.7398 15.58627558  6964
2025-11-25T15:00:09.577281+09:00,gs_db,BOTAN,1 65942U 98067XP  25328.14789398  .00093675  00000+0  11894-2 0  9999,2 65942  51.6299 232.8955 0004679 127.4021 232.7398 15.58627558  6964
2025-11-25T15:00:18.03073+09:00,gs_db,BOTAN,1 65942U 98067XP  25328.14789398  .00093675  00000+0  11894-2 0  9999,2 65942  51.6299 232.8955 0004679 127.4021 232.7398 15.58627558  6964
2025-11-25T18:00:08.466461+09:00,gs_db,BOTAN,1 65942U 98067XP  25328.14789398  .00093675  00000+0  11894-2 0  9999,2 65942  51.6299 232.8955 0004679 127.4021 232.7398 15.58627558  6964
2025-11-25T21:00:12.876822+09:00,gs_db,BOTAN,1 65942U 98067XP  25328.14789398  .00093675  00000+0  11894-2 0  9999,2 65942  51.6299 232.8955 0004679 127.4021 232.7398 15.58627558  6964
2025-11-25T21:00:25.073114+09:00,gs_db,BOTAN,1 65942U 98067XP  25328.14789398  .00093675  00000+0  11894-2 0  9999,2 65942  51.6299 232.8955 0004679 127.4021 232.7398 15.58627558  6964
2025-11-26T00:00:08.15325+09:00,gs_db,BOTAN,1 65942U 98067XP  25328.14789398  .00093675  00000+0  11894-2 0  9999,2 65942  51.6299 232.8955 0004679 127.4021 232.7398 15.58627558  6964
2025-11-26T03:00:13.963969+09:00,gs_db,BOTAN,1 65942U 98067XP  25328.14789398  .00093675  00000+0  11894-2 0  9999,2 65942  51.6299 232.8955 0004679 127.4021 232.7398 15.58627558  6964
2025-11-26T03:00:16.538783+09:00,gs_db,BOTAN,1 65942U 98067XP  25328.14789398  .00093675  00000+0  11894-2 0  9999,2 65942  51.6299 232.8955 0004679 127.4021 232.7398 15.58627558  6964
2025-11-26T06:00:22.068974+09:00,gs_db,BOTAN,1 65942U 98067XP  25329.10958018  .00100010  00000+0  12592-2 0  9991,2 65942  51.6298 228.0671 0004722 130.8647 229.2756 15.58820715  7113
2025-11-26T09:00:30.020338+09:00,gs_db,BOTAN,1 65942U 98067XP  25329.10958018  .00100010  00000+0  12592-2 0  9991,2 65942  51.6298 228.0671 0004722 130.8647 229.2756 15.58820715  7113
2025-11-26T09:00:35.016151+09:00,gs_db,BOTAN,1 65942U 98067XP  25329.10958018  .00100010  00000+0  12592-2 0  9991,2 65942  51.6298 228.0671 0004722 130.8647 229.2756 15.58820715  7113
2025-11-26T12:00:16.913619+09:00,gs_db,BOTAN,1 65942U 98067XP  25329.10958018  .00100010  00000+0  12592-2 0  9991,2 65942  51.6298 228.0671 0004722 130.8647 229.2756 15.58820715  7113
2025-11-26T15:00:14.876283+09:00,gs_db,BOTAN,1 65942U 98067XP  25329.10958018  .00100010  00000+0  12592-2 0  9991,2 65942  51.6298 228.0671 0004722 130.8647 229.2756 15.58820715  7113
2025-11-26T15:00:16.164556+09:00,gs_db,BOTAN,1 65942U 98067XP  25329.10958018  .00100010  00000+0  12592-2 0  9991,2 65942  51.6298 228.0671 0004722 130.8647 229.2756 15.58820715  7113
2025-11-26T18:00:20.477764+09:00,gs_db,BOTAN,1 65942U 98067XP  25329.10958018  .00100010  00000+0  12592-2 0  9991,2 65942  51.6298 228.0671 0004722 130.8647 229.2756 15.58820715  7113
2025-11-26T21:00:19.558343+09:00,gs_db,BOTAN,1 65942U 98067XP  25329.10958018  .00100010  00000+0  12592-2 0  9991,2 65942  51.6298 228.0671 0004722 130.8647 229.2756 15.58820715  7113
2025-11-26T21:00:22.050738+09:00,gs_db,BOTAN,1 65942U 98067XP  25329.10958018  .00100010  00000+0  12592-2 0  9991,2 65942  51.6298 228.0671 0004722 130.8647 229.2756 15.58820715  7113
2025-11-27T00:00:13.034628+09:00,gs_db,BOTAN,1 65942U 98067XP  25330.00704168  .00095464  00000+0  11946-2 0  9995,2 65942  51.6292 223.5603 0004677 136.1264 224.0101 15.59004902  7250
2025-11-27T03:00:10.937385+09:00,gs_db,BOTAN,1 65942U 98067XP  25330.00704168  .00095464  00000+0  11946-2 0  9995,2 65942  51.6292 223.5603 0004677 136.1264 224.0101 15.59004902  7250
2025-11-27T03:00:14.446037+09:00,gs_db,BOTAN,1 65942U 98067XP  25330.00704168  .00095464  00000+0  11946-2 0  9995,2 65942  51.6292 223.5603 0004677 136.1264 224.0101 15.59004902  7250
2025-11-27T06:00:14.597731+09:00,gs_db,BOTAN,1 65942U 98067XP  25330.07114225  .00093897  00000+0  11748-2 0  9999,2 65942  51.6292 223.2382 0004694 136.9718 223.1642 15.59015960  7269
2025-11-27T09:00:34.253227+09:00,gs_db,BOTAN,1 65942U 98067XP  25330.07114225  .00093897  00000+0  11748-2 0  9999,2 65942  51.6292 223.2382 0004694 136.9718 223.1642 15.59015960  7269
2025-11-27T09:00:39.633607+09:00,gs_db,BOTAN,1 65942U 98067XP  25330.07114225  .00093897  00000+0  11748-2 0  9999,2 65942  51.6292 223.2382 0004694 136.9718 223.1642 15.59015960  7269
2025-11-27T12:00:15.760052+09:00,gs_db,BOTAN,1 65942U 98067XP  25330.07114225  .00093897  00000+0  11748-2 0  9999,2 65942  51.6292 223.2382 0004694 136.9718 223.1642 15.59015960  7269
2025-11-27T15:00:12.111725+09:00,gs_db,BOTAN,1 65942U 98067XP  25330.71211888  .00097179  00000+0  12095-2 0  9996,2 65942  51.6290 220.0192 0004633 140.0582 220.0753 15.59139435  7363
2025-11-27T15:00:15.371198+09:00,gs_db,BOTAN,1 65942U 98067XP  25330.71211888  .00097179  00000+0  12095-2 0  9996,2 65942  51.6290 220.0192 0004633 140.0582 220.0753 15.59139435  7363
2025-11-27T18:00:15.349601+09:00,gs_db,BOTAN,1 65942U 98067XP  25330.71211888  .00097179  00000+0  12095-2 0  9996,2 65942  51.6290 220.0192 0004633 140.0582 220.0753 15.59139435  7363
2025-11-27T21:00:28.606249+09:00,gs_db,BOTAN,1 65942U 98067XP  25330.71211888  .00097179  00000+0  12095-2 0  9996,2 65942  51.6290 220.0192 0004633 140.0582 220.0753 15.59139435  7363
2025-11-27T21:00:40.146956+09:00,gs_db,BOTAN,1 65942U 98067XP  25330.71211888  .00097179  00000+0  12095-2 0  9996,2 65942  51.6290 220.0192 0004633 140.0582 220.0753 15.59139435  7363
2025-11-28T00:00:22.534778+09:00,gs_db,BOTAN,1 65942U 98067XP  25331.09668132  .00092920  00000+0  11543-2 0  9992,2 65942  51.6292 218.0868 0004672 142.2724 217.8598 15.59209389  7421
2025-11-28T03:00:13.857619+09:00,gs_db,BOTAN,1 65942U 98067XP  25331.09668132  .00092920  00000+0  11543-2 0  9992,2 65942  51.6292 218.0868 0004672 142.2724 217.8598 15.59209389  7421
2025-11-28T03:00:16.895756+09:00,gs_db,BOTAN,1 65942U 98067XP  25331.09668132  .00092920  00000+0  11543-2 0  9992,2 65942  51.6292 218.0868 0004672 142.2724 217.8598 15.59209389  7421
2025-11-28T06:00:19.005596+09:00,gs_db,BOTAN,1 65942U 98067XP  25331.09668132  .00092920  00000+0  11543-2 0  9992,2 65942  51.6292 218.0868 0004672 142.2724 217.8598 15.59209389  7421
2025-11-28T09:00:32.923169+09:00,gs_db,BOTAN,1 65942U 98067XP  25331.09668132  .00092920  00000+0  11543-2 0  9992,2 65942  51.6292 218.0868 0004672 142.2724 217.8598 15.59209389  7421
2025-11-28T09:00:45.828111+09:00,gs_db,BOTAN,1 65942U 98067XP  25331.09668132  .00092920  00000+0  11543-2 0  9992,2 65942  51.6292 218.0868 0004672 142.2724 217.8598 15.59209389  7421
2025-11-28T12:00:15.835554+09:00,gs_db,BOTAN,1 65942U 98067XP  25331.09668132  .00092920  00000+0  11543-2 0  9992,2 65942  51.6292 218.0868 0004672 142.2724 217.8598 15.59209389  7421
2025-11-28T15:00:14.131843+09:00,gs_db,BOTAN,1 65942U 98067XP  25331.09668132  .00092920  00000+0  11543-2 0  9992,2 65942  51.6292 218.0868 0004672 142.2724 217.8598 15.59209389  7421
2025-11-28T15:00:14.45571+09:00,gs_db,BOTAN,1 65942U 98067XP  25331.09668132  .00092920  00000+0  11543-2 0  9992,2 65942  51.6292 218.0868 0004672 142.2724 217.8598 15.59209389  7421
2025-11-28T18:00:16.675515+09:00,gs_db,BOTAN,1 65942U 98067XP  25331.86575440  .00085231  00000+0  10549-2 0  9998,2 65942  51.6293 214.2225 0004606 145.4141 214.7153 15.59346667  7549
2025-11-28T21:00:22.926552+09:00,gs_db,BOTAN,1 65942U 98067XP  25331.86575440  .00085231  00000+0  10549-2 0  9998,2 65942  51.6293 214.2225 0004606 145.4141 214.7153 15.59346667  7549
2025-11-28T21:00:26.54281+09:00,gs_db,BOTAN,1 65942U 98067XP  25331.86575440  .00085231  00000+0  10549-2 0  9998,2 65942  51.6293 214.2225 0004606 145.4141 214.7153 15.59346667  7549
2025-11-29T00:00:21.666392+09:00,gs_db,BOTAN,1 65942U 98067XP  25331.86575440  .00085231  00000+0  10549-2 0  9998,2 65942  51.6293 214.2225 0004606 145.4141 214.7153 15.59346667  7549
2025-11-29T03:00:14.292418+09:00,gs_db,BOTAN,1 65942U 98067XP  25331.86575440  .00085231  00000+0  10549-2 0  9998,2 65942  51.6293 214.2225 0004606 145.4141 214.7153 15.59346667  7549
2025-11-29T03:00:14.359572+09:00,gs_db,BOTAN,1 65942U 98067XP  25331.86575440  .00085231  00000+0  10549-2 0  9998,2 65942  51.6293 214.2225 0004606 145.4141 214.7153 15.59346667  7549
2025-11-29T06:00:15.144459+09:00,gs_db,BOTAN,1 65942U 98067XP  25331.86575440  .00085231  00000+0  10549-2 0  9998,2 65942  51.6293 214.2225 0004606 145.4141 214.7153 15.59346667  7549
2025-11-29T09:00:29.969882+09:00,gs_db,BOTAN,1 65942U 98067XP  25332.05801197  .00091596  00000+0  11306-2 0  9994,2 65942  51.6292 213.2561 0004661 146.1415 213.9876 15.59384100  7573
2025-11-29T09:00:32.891548+09:00,gs_db,BOTAN,1 65942U 98067XP  25332.05801197  .00091596  00000+0  11306-2 0  9994,2 65942  51.6292 213.2561 0004661 146.1415 213.9876 15.59384100  7573
2025-11-29T12:00:11.650377+09:00,gs_db,BOTAN,1 65942U 98067XP  25332.05801197  .00091596  00000+0  11306-2 0  9994,2 65942  51.6292 213.2561 0004661 146.1415 213.9876 15.59384100  7573
2025-11-29T15:00:16.964554+09:00,gs_db,BOTAN,1 65942U 98067XP  25332.05801197  .00091596  00000+0  11306-2 0  9994,2 65942  51.6292 213.2561 0004661 146.1415 213.9876 15.59384100  7573
2025-11-29T15:00:18.08566+09:00,gs_db,BOTAN,1 65942U 98067XP  25332.05801197  .00091596  00000+0  11306-2 0  9994,2 65942  51.6292 213.2561 0004661 146.1415 213.9876 15.59384100  7573
2025-11-29T18:00:15.987514+09:00,gs_db,BOTAN,1 65942U 98067XP  25332.05801197  .00091596  00000+0  11306-2 0  9994,2 65942  51.6292 213.2561 0004661 146.1415 213.9876 15.59384100  7573
2025-11-29T21:00:19.604764+09:00,gs_db,BOTAN,1 65942U 98067XP  25332.05801197  .00091596  00000+0  11306-2 0  9994,2 65942  51.6292 213.2561 0004661 146.1415 213.9876 15.59384100  7573
2025-11-29T21:00:25.337678+09:00,gs_db,BOTAN,1 65942U 98067XP  25332.05801197  .00091596  00000+0  11306-2 0  9994,2 65942  51.6292 213.2561 0004661 146.1415 213.9876 15.59384100  7573
2025-11-30T00:00:15.602259+09:00,gs_db,BOTAN,1 65942U 98067XP  25332.05801197  .00091596  00000+0  11306-2 0  9994,2 65942  51.6292 213.2561 0004661 146.1415 213.9876 15.59384100  7573
2025-11-30T03:00:13.085009+09:00,gs_db,BOTAN,1 65942U 98067XP  25332.05801197  .00091596  00000+0  11306-2 0  9994,2 65942  51.6292 213.2561 0004661 146.1415 213.9876 15.59384100  7573
2025-11-30T03:00:13.868974+09:00,gs_db,BOTAN,1 65942U 98067XP  25332.05801197  .00091596  00000+0  11306-2 0  9994,2 65942  51.6292 213.2561 0004661 146.1415 213.9876 15.59384100  7573
2025-11-30T06:00:08.643116+09:00,gs_db,BOTAN,1 65942U 98067XP  25333.08330911  .00089783  00000+0  11006-2 0  9991,2 65942  51.6294 208.1026 0004672 152.2656 207.8587 15.59576719  7739
2025-11-30T09:00:22.580788+09:00,gs_db,BOTAN,1 65942U 98067XP  25333.08330911  .00089783  00000+0  11006-2 0  9991,2 65942  51.6294 208.1026 0004672 152.2656 207.8587 15.59576719  7739
2025-11-30T09:00:39.087767+09:00,gs_db,BOTAN,1 65942U 98067XP  25333.08330911  .00089783  00000+0  11006-2 0  9991,2 65942  51.6294 208.1026 0004672 152.2656 207.8587 15.59576719  7739
2025-11-30T12:00:06.880537+09:00,gs_db,BOTAN,1 65942U 98067XP  25333.08330911  .00089783  00000+0  11006-2 0  9991,2 65942  51.6294 208.1026 0004672 152.2656 207.8587 15.59576719  7739
2025-11-30T15:00:12.397462+09:00,gs_db,BOTAN,1 65942U 98067XP  25333.08330911  .00089783  00000+0  11006-2 0  9991,2 65942  51.6294 208.1026 0004672 152.2656 207.8587 15.59576719  7739
2025-11-30T15:00:18.847972+09:00,gs_db,BOTAN,1 65942U 98067XP  25333.08330911  .00089783  00000+0  11006-2 0  9991,2 65942  51.6294 208.1026 0004672 152.2656 207.8587 15.59576719  7739
2025-11-30T18:00:07.530297+09:00,gs_db,BOTAN,1 65942U 98067XP  25333.08330911  .00089783  00000+0  11006-2 0  9991,2 65942  51.6294 208.1026 0004672 152.2656 207.8587 15.59576719  7739
2025-11-30T21:00:17.670711+09:00,gs_db,BOTAN,1 65942U 98067XP  25333.08330911  .00089783  00000+0  11006-2 0  9991,2 65942  51.6294 208.1026 0004672 152.2656 207.8587 15.59576719  7739
2025-11-30T21:00:20.979284+09:00,gs_db,BOTAN,1 65942U 98067XP  25333.08330911  .00089783  00000+0  11006-2 0  9991,2 65942  51.6294 208.1026 0004672 152.2656 207.8587 15.59576719  7739
2025-12-01T00:00:22.681884+09:00,gs_db,BOTAN,1 65942U 98067XP  25333.08330911  .00089783  00000+0  11006-2 0  9991,2 65942  51.6294 208.1026 0004672 152.2656 207.8587 15.59576719  7739
2025-12-01T03:00:12.917301+09:00,gs_db,BOTAN,1 65942U 98067XP  25333.08330911  .00089783  00000+0  11006-2 0  9991,2 65942  51.6294 208.1026 0004672 152.2656 207.8587 15.59576719  7739
2025-12-01T03:00:13.15446+09:00,gs_db,BOTAN,1 65942U 98067XP  25333.08330911  .00089783  00000+0  11006-2 0  9991,2 65942  51.6294 208.1026 0004672 152.2656 207.8587 15.59576719  7739
2025-12-01T06:00:16.951885+09:00,gs_db,BOTAN,1 65942U 98067XP  25334.36475178  .00096969  00000+0  11760-2 0  9999,2 65942  51.6296 201.6606 0004564 157.9332 202.1859 15.59824542  7938
2025-12-01T09:00:39.813967+09:00,gs_db,BOTAN,1 65942U 98067XP  25334.36475178  .00096969  00000+0  11760-2 0  9999,2 65942  51.6296 201.6606 0004564 157.9332 202.1859 15.59824542  7938
2025-12-01T09:00:45.86815+09:00,gs_db,BOTAN,1 65942U 98067XP  25334.36475178  .00096969  00000+0  11760-2 0  9999,2 65942  51.6296 201.6606 0004564 157.9332 202.1859 15.59824542  7938
2025-12-01T12:00:13.949809+09:00,gs_db,BOTAN,1 65942U 98067XP  25334.36475178  .00096969  00000+0  11760-2 0  9999,2 65942  51.6296 201.6606 0004564 157.9332 202.1859 15.59824542  7938
2025-12-01T15:00:17.498965+09:00,gs_db,BOTAN,1 65942U 98067XP  25334.87727141  .00086315  00000+0  10450-2 0  9994,2 65942  51.6293 199.0826 0004559 160.6906 199.4260 15.59920682  8017
2025-12-01T15:00:19.343568+09:00,gs_db,BOTAN,1 65942U 98067XP  25334.87727141  .00086315  00000+0  10450-2 0  9994,2 65942  51.6293 199.0826 0004559 160.6906 199.4260 15.59920682  8017
2025-12-01T18:00:19.775886+09:00,gs_db,BOTAN,1 65942U 98067XP  25334.87727141  .00086315  00000+0  10450-2 0  9994,2 65942  51.6293 199.0826 0004559 160.6906 199.4260 15.59920682  8017
2025-12-01T21:00:29.309485+09:00,gs_db,BOTAN,1 65942U 98067XP  25334.87727141  .00086315  00000+0  10450-2 0  9994,2 65942  51.6293 199.0826 0004559 160.6906 199.4260 15.59920682  8017
2025-12-01T21:00:34.909751+09:00,gs_db,BOTAN,1 65942U 98067XP  25334.87727141  .00086315  00000+0  10450-2 0  9994,2 65942  51.6293 199.0826 0004559 160.6906 199.4260 15.59920682  8017
2025-12-02T00:00:09.076575+09:00,gs_db,BOTAN,1 65942U 98067XP  25335.00539653  .00087116  00000+0  10536-2 0  9994,2 65942  51.6292 198.4381 0004587 161.3348 198.7814 15.59944090  8032
2025-12-02T03:00:10.210958+09:00,gs_db,BOTAN,1 65942U 98067XP  25335.00539653  .00087116  00000+0  10536-2 0  9994,2 65942  51.6292 198.4381 0004587 161.3348 198.7814 15.59944090  8032
2025-12-02T03:00:14.091369+09:00,gs_db,BOTAN,1 65942U 98067XP  25335.00539653  .00087116  00000+0  10536-2 0  9994,2 65942  51.6292 198.4381 0004587 161.3348 198.7814 15.59944090  8032
2025-12-02T06:00:13.923015+09:00,gs_db,BOTAN,1 65942U 98067XP  25335.00539653  .00087116  00000+0  10536-2 0  9994,2 65942  51.6292 198.4381 0004587 161.3348 198.7814 15.59944090  8032
2025-12-02T09:00:16.887199+09:00,gs_db,BOTAN,1 65942U 98067XP  25335.00539653  .00087116  00000+0  10536-2 0  9994,2 65942  51.6292 198.4381 0004587 161.3348 198.7814 15.59944090  8032
2025-12-02T09:00:29.227146+09:00,gs_db,BOTAN,1 65942U 98067XP  25335.00539653  .00087116  00000+0  10536-2 0  9994,2 65942  51.6292 198.4381 0004587 161.3348 198.7814 15.59944090  8032
2025-12-02T12:00:07.995123+09:00,gs_db,BOTAN,1 65942U 98067XP  25335.00539653  .00087116  00000+0  10536-2 0  9994,2 65942  51.6292 198.4381 0004587 161.3348 198.7814 15.59944090  8032
2025-12-02T15:00:15.540711+09:00,gs_db,BOTAN,1 65942U 98067XP  25335.00539653  .00087116  00000+0  10536-2 0  9994,2 65942  51.6292 198.4381 0004587 161.3348 198.7814 15.59944090  8032
2025-12-02T15:00:18.413283+09:00,gs_db,BOTAN,1 65942U 98067XP  25335.00539653  .00087116  00000+0  10536-2 0  9994,2 65942  51.6292 198.4381 0004587 161.3348 198.7814 15.59944090  8032
2025-12-02T18:00:21.381529+09:00,gs_db,BOTAN,1 65942U 98067XP  25335.00539653  .00087116  00000+0  10536-2 0  9994,2 65942  51.6292 198.4381 0004587 161.3348 198.7814 15.59944090  8032
2025-12-02T21:00:31.181365+09:00,gs_db,BOTAN,1 65942U 98067XP  25335.00539653  .00087116  00000+0  10536-2 0  9994,2 65942  51.6292 198.4381 0004587 161.3348 198.7814 15.59944090  8032
2025-12-02T21:00:38.161219+09:00,gs_db,BOTAN,1 65942U 98067XP  25335.00539653  .00087116  00000+0  10536-2 0  9994,2 65942  51.6292 198.4381 0004587 161.3348 198.7814 15.59944090  8032
2025-12-03T00:00:25.491935+09:00,gs_db,BOTAN,1 65942U 98067XP  25335.96627064  .00095633  00000+0  11467-2 0  9990,2 65942  51.6290 193.6047 0004542 166.4057 193.7060 15.60127991  8189
2025-12-03T03:00:12.556939+09:00,gs_db,BOTAN,1 65942U 98067XP  25335.96627064  .00095633  00000+0  11467-2 0  9990,2 65942  51.6290 193.6047 0004542 166.4057 193.7060 15.60127991  8189
2025-12-03T03:00:15.307646+09:00,gs_db,BOTAN,1 65942U 98067XP  25335.96627064  .00095633  00000+0  11467-2 0  9990,2 65942  51.6290 193.6047 0004542 166.4057 193.7060 15.60127991  8189
2025-12-03T06:00:22.774741+09:00,gs_db,BOTAN,1 65942U 98067XP  25335.96627064  .00095633  00000+0  11467-2 0  9990,2 65942  51.6290 193.6047 0004542 166.4057 193.7060 15.60127991  8189
2025-12-03T09:00:43.19385+09:00,gs_db,BOTAN,1 65942U 98067XP  25335.96627064  .00095633  00000+0  11467-2 0  9990,2 65942  51.6290 193.6047 0004542 166.4057 193.7060 15.60127991  8189
2025-12-03T09:00:50.510468+09:00,gs_db,BOTAN,1 65942U 98067XP  25335.96627064  .00095633  00000+0  11467-2 0  9990,2 65942  51.6290 193.6047 0004542 166.4057 193.7060 15.60127991  8189
2025-12-03T12:00:16.383819+09:00,gs_db,BOTAN,1 65942U 98067XP  25335.96627064  .00095633  00000+0  11467-2 0  9990,2 65942  51.6290 193.6047 0004542 166.4057 193.7060 15.60127991  8189
2025-12-03T15:00:14.259392+09:00,gs_db,BOTAN,1 65942U 98067XP  25335.96627064  .00095633  00000+0  11467-2 0  9990,2 65942  51.6290 193.6047 0004542 166.4057 193.7060 15.60127991  8189
2025-12-03T15:00:14.871601+09:00,gs_db,BOTAN,1 65942U 98067XP  25335.96627064  .00095633  00000+0  11467-2 0  9990,2 65942  51.6290 193.6047 0004542 166.4057 193.7060 15.60127991  8189
2025-12-03T18:00:21.504697+09:00,gs_db,BOTAN,1 65942U 98067XP  25335.96627064  .00095633  00000+0  11467-2 0  9990,2 65942  51.6290 193.6047 0004542 166.4057 193.7060 15.60127991  8189
2025-12-03T21:00:29.265077+09:00,gs_db,BOTAN,1 65942U 98067XP  25335.96627064  .00095633  00000+0  11467-2 0  9990,2 65942  51.6290 193.6047 0004542 166.4057 193.7060 15.60127991  8189
2025-12-03T21:00:30.758858+09:00,gs_db,BOTAN,1 65942U 98067XP  25335.96627064  .00095633  00000+0  11467-2 0  9990,2 65942  51.6290 193.6047 0004542 166.4057 193.7060 15.60127991  8189
2025-12-04T00:00:20.639063+09:00,gs_db,BOTAN,1 65942U 98067XP  25336.99107280  .00108801  00000+0  12911-2 0  9994,2 65942  51.6288 188.4479 0004431 171.5775 188.5294 15.60340743  8349
2025-12-04T03:00:12.546962+09:00,gs_db,BOTAN,1 65942U 98067XP  25336.99107280  .00108801  00000+0  12911-2 0  9994,2 65942  51.6288 188.4479 0004431 171.5775 188.5294 15.60340743  8349
2025-12-04T03:00:13.564562+09:00,gs_db,BOTAN,1 65942U 98067XP  25336.99107280  .00108801  00000+0  12911-2 0  9994,2 65942  51.6288 188.4479 0004431 171.5775 188.5294 15.60340743  8349
2025-12-04T06:00:23.792035+09:00,gs_db,BOTAN,1 65942U 98067XP  25336.99107280  .00108801  00000+0  12911-2 0  9994,2 65942  51.6288 188.4479 0004431 171.5775 188.5294 15.60340743  8349
2025-12-04T09:00:40.186156+09:00,gs_db,BOTAN,1 65942U 98067XP  25336.99107280  .00108801  00000+0  12911-2 0  9994,2 65942  51.6288 188.4479 0004431 171.5775 188.5294 15.60340743  8349
2025-12-04T09:00:55.885668+09:00,gs_db,BOTAN,1 65942U 98067XP  25336.99107280  .00108801  00000+0  12911-2 0  9994,2 65942  51.6288 188.4479 0004431 171.5775 188.5294 15.60340743  8349
2025-12-04T12:00:18.387756+09:00,gs_db,BOTAN,1 65942U 98067XP  25336.99107280  .00108801  00000+0  12911-2 0  9994,2 65942  51.6288 188.4479 0004431 171.5775 188.5294 15.60340743  8349
2025-12-04T15:00:18.241736+09:00,gs_db,BOTAN,1 65942U 98067XP  25337.75958221  .00114481  00000+0  13485-2 0  9996,2 65942  51.6281 184.5795 0004243 175.2259 184.8775 15.60510623  8461
2025-12-04T15:00:20.360116+09:00,gs_db,BOTAN,1 65942U 98067XP  25337.75958221  .00114481  00000+0  13485-2 0  9996,2 65942  51.6281 184.5795 0004243 175.2259 184.8775 15.60510623  8461
2025-12-04T18:01:11.476519+09:00,gs_db,BOTAN,1 65942U 98067XP  25337.75958221  .00114481  00000+0  13485-2 0  9996,2 65942  51.6281 184.5795 0004243 175.2259 184.8775 15.60510623  8461
2025-12-04T21:00:22.972395+09:00,gs_db,BOTAN,1 65942U 98067XP  25337.75958221  .00114481  00000+0  13485-2 0  9996,2 65942  51.6281 184.5795 0004243 175.2259 184.8775 15.60510623  8461
2025-12-04T21:00:26.372775+09:00,gs_db,BOTAN,1 65942U 98067XP  25337.75958221  .00114481  00000+0  13485-2 0  9996,2 65942  51.6281 184.5795 0004243 175.2259 184.8775 15.60510623  8461
2025-12-05T00:00:17.838476+09:00,gs_db,BOTAN,1 65942U 98067XP  25338.27186588  .00160832  00000+0  18697-2 0  9994,2 65942  51.6276 182.0008 0004198 178.1888 181.9121 15.60670487  8541
2025-12-05T03:00:19.997759+09:00,gs_db,BOTAN,1 65942U 98067XP  25338.27186588  .00160832  00000+0  18697-2 0  9994,2 65942  51.6276 182.0008 0004198 178.1888 181.9121 15.60670487  8541
2025-12-05T03:00:22.75287+09:00,gs_db,BOTAN,1 65942U 98067XP  25338.27186588  .00160832  00000+0  18697-2 0  9994,2 65942  51.6276 182.0008 0004198 178.1888 181.9121 15.60670487  8541
2025-12-05T06:00:24.911308+09:00,gs_db,BOTAN,1 65942U 98067XP  25338.65604502  .00149041  00000+0  17279-2 0  9991,2 65942  51.6268 180.0664 0004264 180.2775 179.8217 15.60784931  8600
2025-12-05T09:00:42.342875+09:00,gs_db,BOTAN,1 65942U 98067XP  25338.65604502  .00149041  00000+0  17279-2 0  9991,2 65942  51.6268 180.0664 0004264 180.2775 179.8217 15.60784931  8600
2025-12-05T09:00:51.63377+09:00,gs_db,BOTAN,1 65942U 98067XP  25338.65604502  .00149041  00000+0  17279-2 0  9991,2 65942  51.6268 180.0664 0004264 180.2775 179.8217 15.60784931  8600
2025-12-05T12:00:27.318394+09:00,gs_db,BOTAN,1 65942U 98067XP  25338.65604502  .00149041  00000+0  17279-2 0  9991,2 65942  51.6268 180.0664 0004264 180.2775 179.8217 15.60784931  8600
2025-12-05T15:00:17.046169+09:00,gs_db,BOTAN,1 65942U 98067XP  25338.65604502  .00149041  00000+0  17279-2 0  9991,2 65942  51.6268 180.0664 0004264 180.2775 179.8217 15.60784931  8600
2025-12-05T15:00:17.369373+09:00,gs_db,BOTAN,1 65942U 98067XP  25338.65604502  .00149041  00000+0  17279-2 0  9991,2 65942  51.6268 180.0664 0004264 180.2775 179.8217 15.60784931  8600
2025-12-05T21:00:28.055977+09:00,gs_db,BOTAN,1 65942U 98067XP  25338.65604502  .00149041  00000+0  17279-2 0  9991,2 65942  51.6268 180.0664 0004264 180.2775 179.8217 15.60784931  8600
2025-12-05T21:00:29.717637+09:00,gs_db,BOTAN,1 65942U 98067XP  25338.65604502  .00149041  00000+0  17279-2 0  9991,2 65942  51.6268 180.0664 0004264 180.2775 179.8217 15.60784931  8600
2025-12-06T00:00:18.666996+09:00,gs_db,BOTAN,1 65942U 98067XP  25338.65604502  .00149041  00000+0  17279-2 0  9991,2 65942  51.6268 180.0664 0004264 180.2775 179.8217 15.60784931  8600
2025-12-06T03:00:15.842145+09:00,gs_db,BOTAN,1 65942U 98067XP  25338.65604502  .00149041  00000+0  17279-2 0  9991,2 65942  51.6268 180.0664 0004264 180.2775 179.8217 15.60784931  8600
2025-12-06T03:00:16.23678+09:00,gs_db,BOTAN,1 65942U 98067XP  25338.65604502  .00149041  00000+0  17279-2 0  9991,2 65942  51.6268 180.0664 0004264 180.2775 179.8217 15.60784931  8600
2025-12-06T06:00:23.884008+09:00,gs_db,BOTAN,1 65942U 98067XP  25338.65604502  .00149041  00000+0  17279-2 0  9991,2 65942  51.6268 180.0664 0004264 180.2775 179.8217 15.60784931  8600
2025-12-06T09:00:40.824078+09:00,gs_db,BOTAN,1 65942U 98067XP  25338.65604502  .00149041  00000+0  17279-2 0  9991,2 65942  51.6268 180.0664 0004264 180.2775 179.8217 15.60784931  8600
2025-12-06T09:00:44.395339+09:00,gs_db,BOTAN,1 65942U 98067XP  25338.65604502  .00149041  00000+0  17279-2 0  9991,2 65942  51.6268 180.0664 0004264 180.2775 179.8217 15.60784931  8600
2025-12-06T12:00:18.128548+09:00,gs_db,BOTAN,1 65942U 98067XP  25338.65604502  .00149041  00000+0  17279-2 0  9991,2 65942  51.6268 180.0664 0004264 180.2775 179.8217 15.60784931  8600
2025-12-06T15:00:17.386777+09:00,gs_db,BOTAN,1 65942U 98067XP  25338.65604502  .00149041  00000+0  17279-2 0  9991,2 65942  51.6268 180.0664 0004264 180.2775 179.8217 15.60784931  8600
2025-12-06T15:00:19.632806+09:00,gs_db,BOTAN,1 65942U 98067XP  25338.65604502  .00149041  00000+0  17279-2 0  9991,2 65942  51.6268 180.0664 0004264 180.2775 179.8217 15.60784931  8600
2025-12-06T18:01:47.89147+09:00,gs_db,BOTAN,1 65942U 98067XP  25339.80843050  .00125200  00000+0  14405-2 0  9991,2 65942  51.6268 174.2609 0004095 186.0920 174.0025 15.61079270  8789
2025-12-06T21:00:10.915477+09:00,gs_db,BOTAN,1 65942U 98067XP  25339.80843050  .00125200  00000+0  14405-2 0  9991,2 65942  51.6268 174.2609 0004095 186.0920 174.0025 15.61079270  8789
2025-12-06T21:00:18.370347+09:00,gs_db,BOTAN,1 65942U 98067XP  25339.80843050  .00125200  00000+0  14405-2 0  9991,2 65942  51.6268 174.2609 0004095 186.0920 174.0025 15.61079270  8789
2025-12-07T00:00:10.779863+09:00,gs_db,BOTAN,1 65942U 98067XP  25339.80843050  .00125200  00000+0  14405-2 0  9991,2 65942  51.6268 174.2609 0004095 186.0920 174.0025 15.61079270  8789
2025-12-07T03:00:12.923718+09:00,gs_db,BOTAN,1 65942U 98067XP  25339.80843050  .00125200  00000+0  14405-2 0  9991,2 65942  51.6268 174.2609 0004095 186.0920 174.0025 15.61079270  8789
2025-12-07T03:00:16.057519+09:00,gs_db,BOTAN,1 65942U 98067XP  25339.80843050  .00125200  00000+0  14405-2 0  9991,2 65942  51.6268 174.2609 0004095 186.0920 174.0025 15.61079270  8789
2025-12-07T06:00:15.689265+09:00,gs_db,BOTAN,1 65942U 98067XP  25339.80843050  .00125200  00000+0  14405-2 0  9991,2 65942  51.6268 174.2609 0004095 186.0920 174.0025 15.61079270  8789
2025-12-07T09:00:21.617753+09:00,gs_db,BOTAN,1 65942U 98067XP  25339.80843050  .00125200  00000+0  14405-2 0  9991,2 65942  51.6268 174.2609 0004095 186.0920 174.0025 15.61079270  8789
2025-12-07T09:00:36.407155+09:00,gs_db,BOTAN,1 65942U 98067XP  25339.80843050  .00125200  00000+0  14405-2 0  9991,2 65942  51.6268 174.2609 0004095 186.0920 174.0025 15.61079270  8789
2025-12-07T12:00:18.876768+09:00,gs_db,BOTAN,1 65942U 98067XP  25339.80843050  .00125200  00000+0  14405-2 0  9991,2 65942  51.6268 174.2609 0004095 186.0920 174.0025 15.61079270  8789
2025-12-07T15:00:11.858337+09:00,gs_db,BOTAN,1 65942U 98067XP  25339.80843050  .00125200  00000+0  14405-2 0  9991,2 65942  51.6268 174.2609 0004095 186.0920 174.0025 15.61079270  8789
2025-12-07T15:00:13.67233+09:00,gs_db,BOTAN,1 65942U 98067XP  25339.80843050  .00125200  00000+0  14405-2 0  9991,2 65942  51.6268 174.2609 0004095 186.0920 174.0025 15.61079270  8789
2025-12-07T18:00:26.952499+09:00,gs_db,BOTAN,1 65942U 98067XP  25340.76859027  .00129965  00000+0  14806-2 0  9996,2 65942  51.6270 169.4226 0003982 191.5132 168.5771 15.61316825  8936
2025-12-07T21:00:31.746067+09:00,gs_db,BOTAN,1 65942U 98067XP  25340.76859027  .00129965  00000+0  14806-2 0  9996,2 65942  51.6270 169.4226 0003982 191.5132 168.5771 15.61316825  8936
2025-12-07T21:00:36.418876+09:00,gs_db,BOTAN,1 65942U 98067XP  25340.76859027  .00129965  00000+0  14806-2 0  9996,2 65942  51.6270 169.4226 0003982 191.5132 168.5771 15.61316825  8936
2025-12-08T00:00:26.160431+09:00,gs_db,BOTAN,1 65942U 98067XP  25340.76859027  .00129965  00000+0  14806-2 0  9996,2 65942  51.6270 169.4226 0003982 191.5132 168.5771 15.61316825  8936
2025-12-08T03:00:16.948017+09:00,gs_db,BOTAN,1 65942U 98067XP  25340.76859027  .00129965  00000+0  14806-2 0  9996,2 65942  51.6270 169.4226 0003982 191.5132 168.5771 15.61316825  8936
2025-12-08T03:00:19.645702+09:00,gs_db,BOTAN,1 65942U 98067XP  25340.76859027  .00129965  00000+0  14806-2 0  9996,2 65942  51.6270 169.4226 0003982 191.5132 168.5771 15.61316825  8936
2025-12-08T06:00:32.456726+09:00,gs_db,BOTAN,1 65942U 98067XP  25340.76859027  .00129965  00000+0  14806-2 0  9996,2 65942  51.6270 169.4226 0003982 191.5132 168.5771 15.61316825  8936
2025-12-08T09:00:36.07806+09:00,gs_db,BOTAN,1 65942U 98067XP  25340.76859027  .00129965  00000+0  14806-2 0  9996,2 65942  51.6270 169.4226 0003982 191.5132 168.5771 15.61316825  8936
2025-12-08T09:00:43.901381+09:00,gs_db,BOTAN,1 65942U 98067XP  25340.76859027  .00129965  00000+0  14806-2 0  9996,2 65942  51.6270 169.4226 0003982 191.5132 168.5771 15.61316825  8936
2025-12-08T12:00:20.272912+09:00,gs_db,BOTAN,1 65942U 98067XP  25340.76859027  .00129965  00000+0  14806-2 0  9996,2 65942  51.6270 169.4226 0003982 191.5132 168.5771 15.61316825  8936
2025-12-08T15:00:11.6305+09:00,gs_db,BOTAN,1 65942U 98067XP  25341.79259944  .00131716  00000+0  14857-2 0  9995,2 65942  51.6278 164.2597 0003846 199.4813 160.6034 15.61568201  9090
2025-12-08T15:00:18.574836+09:00,gs_db,BOTAN,1 65942U 98067XP  25341.79259944  .00131716  00000+0  14857-2 0  9995,2 65942  51.6278 164.2597 0003846 199.4813 160.6034 15.61568201  9090
2025-12-08T18:00:15.263944+09:00,gs_db,BOTAN,1 65942U 98067XP  25341.79259944  .00131716  00000+0  14857-2 0  9995,2 65942  51.6278 164.2597 0003846 199.4813 160.6034 15.61568201  9090
2025-12-08T21:00:14.677708+09:00,gs_db,BOTAN,1 65942U 98067XP  25341.79259944  .00131716  00000+0  14857-2 0  9995,2 65942  51.6278 164.2597 0003846 199.4813 160.6034 15.61568201  9090
2025-12-08T21:00:25.091228+09:00,gs_db,BOTAN,1 65942U 98067XP  25341.79259944  .00131716  00000+0  14857-2 0  9995,2 65942  51.6278 164.2597 0003846 199.4813 160.6034 15.61568201  9090
2025-12-09T00:00:13.920472+09:00,gs_db,BOTAN,1 65942U 98067XP  25341.79259944  .00131716  00000+0  14857-2 0  9995,2 65942  51.6278 164.2597 0003846 199.4813 160.6034 15.61568201  9090
2025-12-09T03:00:11.56521+09:00,gs_db,BOTAN,1 65942U 98067XP  25341.79259944  .00131716  00000+0  14857-2 0  9995,2 65942  51.6278 164.2597 0003846 199.4813 160.6034 15.61568201  9090
2025-12-09T03:00:15.416682+09:00,gs_db,BOTAN,1 65942U 98067XP  25341.79259944  .00131716  00000+0  14857-2 0  9995,2 65942  51.6278 164.2597 0003846 199.4813 160.6034 15.61568201  9090
2025-12-09T06:00:40.197556+09:00,gs_db,BOTAN,1 65942U 98067XP  25342.49651448  .00106961  00000+0  12043-2 0  9997,2 65942  51.6286 160.7119 0003646 203.3745 156.7083 15.61718865  9203
2025-12-09T09:00:27.492628+09:00,gs_db,BOTAN,1 65942U 98067XP  25342.49651448  .00106961  00000+0  12043-2 0  9997,2 65942  51.6286 160.7119 0003646 203.3745 156.7083 15.61718865  9203
2025-12-09T09:00:31.080904+09:00,gs_db,BOTAN,1 65942U 98067XP  25342.49651448  .00106961  00000+0  12043-2 0  9997,2 65942  51.6286 160.7119 0003646 203.3745 156.7083 15.61718865  9203
2025-12-09T12:00:21.638308+09:00,gs_db,BOTAN,1 65942U 98067XP  25342.49651448  .00106961  00000+0  12043-2 0  9997,2 65942  51.6286 160.7119 0003646 203.3745 156.7083 15.61718865  9203
2025-12-09T15:00:21.695862+09:00,gs_db,BOTAN,1 65942U 98067XP  25342.49651448  .00106961  00000+0  12043-2 0  9997,2 65942  51.6286 160.7119 0003646 203.3745 156.7083 15.61718865  9203
2025-12-09T15:00:25.695666+09:00,gs_db,BOTAN,1 65942U 98067XP  25342.49651448  .00106961  00000+0  12043-2 0  9997,2 65942  51.6286 160.7119 0003646 203.3745 156.7083 15.61718865  9203
2025-12-09T18:00:24.161886+09:00,gs_db,BOTAN,1 65942U 98067XP  25342.68847922  .00112002  00000+0  12578-2 0  9998,2 65942  51.6288 159.7433 0003645 204.4965 155.5857 15.61763471  9239
2025-12-09T21:00:22.080445+09:00,gs_db,BOTAN,1 65942U 98067XP  25342.68847922  .00112002  00000+0  12578-2 0  9998,2 65942  51.6288 159.7433 0003645 204.4965 155.5857 15.61763471  9239
2025-12-09T21:00:25.395075+09:00,gs_db,BOTAN,1 65942U 98067XP  25342.68847922  .00112002  00000+0  12578-2 0  9998,2 65942  51.6288 159.7433 0003645 204.4965 155.5857 15.61763471  9239
2025-12-10T00:00:24.003995+09:00,gs_db,BOTAN,1 65942U 98067XP  25342.75246625  .00105605  00000+0  11867-2 0  9990,2 65942  51.6289 159.4206 0003646 205.1392 154.9425 15.61774772  9249
2025-12-10T03:00:15.821931+09:00,gs_db,BOTAN,1 65942U 98067XP  25342.75246625  .00105605  00000+0  11867-2 0  9990,2 65942  51.6289 159.4206 0003646 205.1392 154.9425 15.61774772  9249
2025-12-10T03:00:16.555449+09:00,gs_db,BOTAN,1 65942U 98067XP  25342.75246625  .00105605  00000+0  11867-2 0  9990,2 65942  51.6289 159.4206 0003646 205.1392 154.9425 15.61774772  9249
2025-12-10T06:00:23.490186+09:00,gs_db,BOTAN,1 65942U 98067XP  25343.52026374  .00124109  00000+0  13805-2 0  9997,2 65942  51.6280 155.5477 0003500 212.8190 147.2587 15.61959609  9368
2025-12-10T09:00:40.322317+09:00,gs_db,BOTAN,1 65942U 98067XP  25343.52026374  .00124109  00000+0  13805-2 0  9997,2 65942  51.6280 155.5477 0003500 212.8190 147.2587 15.61959609  9368
2025-12-10T09:00:44.238105+09:00,gs_db,BOTAN,1 65942U 98067XP  25343.52026374  .00124109  00000+0  13805-2 0  9997,2 65942  51.6280 155.5477 0003500 212.8190 147.2587 15.61959609  9368
2025-12-10T12:00:27.386715+09:00,gs_db,BOTAN,1 65942U 98067XP  25343.52026374  .00124109  00000+0  13805-2 0  9997,2 65942  51.6280 155.5477 0003500 212.8190 147.2587 15.61959609  9368
2025-12-10T15:00:15.548297+09:00,gs_db,BOTAN,1 65942U 98067XP  25343.52026374  .00124109  00000+0  13805-2 0  9997,2 65942  51.6280 155.5477 0003500 212.8190 147.2587 15.61959609  9368
2025-12-10T15:00:16.731529+09:00,gs_db,BOTAN,1 65942U 98067XP  25343.52026374  .00124109  00000+0  13805-2 0  9997,2 65942  51.6280 155.5477 0003500 212.8190 147.2587 15.61959609  9368
2025-12-10T18:00:27.910352+09:00,gs_db,BOTAN,1 65942U 98067XP  25343.52026374  .00124109  00000+0  13805-2 0  9997,2 65942  51.6280 155.5477 0003500 212.8190 147.2587 15.61959609  9368
2025-12-10T21:00:26.845588+09:00,gs_db,BOTAN,1 65942U 98067XP  25343.52026374  .00124109  00000+0  13805-2 0  9997,2 65942  51.6280 155.5477 0003500 212.8190 147.2587 15.61959609  9368
2025-12-10T21:00:29.609783+09:00,gs_db,BOTAN,1 65942U 98067XP  25343.52026374  .00124109  00000+0  13805-2 0  9997,2 65942  51.6280 155.5477 0003500 212.8190 147.2587 15.61959609  9368
2025-12-11T00:00:26.800583+09:00,gs_db,BOTAN,1 65942U 98067XP  25343.77617591  .00125565  00000+0  13930-2 0  9997,2 65942  51.6281 154.2559 0003533 214.7567 145.3196 15.62021860  9401
2025-12-11T03:00:15.026987+09:00,gs_db,BOTAN,1 65942U 98067XP  25343.77617591  .00125565  00000+0  13930-2 0  9997,2 65942  51.6281 154.2559 0003533 214.7567 145.3196 15.62021860  9401
2025-12-11T03:00:18.481635+09:00,gs_db,BOTAN,1 65942U 98067XP  25343.77617591  .00125565  00000+0  13930-2 0  9997,2 65942  51.6281 154.2559 0003533 214.7567 145.3196 15.62021860  9401
2025-12-11T06:00:26.864259+09:00,gs_db,BOTAN,1 65942U 98067XP  25344.47987733  .00137252  00000+0  15088-2 0  9995,2 65942  51.6281 150.7055 0003382 220.3642 139.7102 15.62212709  9512
2025-12-11T09:00:29.581472+09:00,gs_db,BOTAN,1 65942U 98067XP  25344.47987733  .00137252  00000+0  15088-2 0  9995,2 65942  51.6281 150.7055 0003382 220.3642 139.7102 15.62212709  9512
2025-12-11T09:00:37.849252+09:00,gs_db,BOTAN,1 65942U 98067XP  25344.47987733  .00137252  00000+0  15088-2 0  9995,2 65942  51.6281 150.7055 0003382 220.3642 139.7102 15.62212709  9512
2025-12-11T12:00:17.030469+09:00,gs_db,BOTAN,1 65942U 98067XP  25344.47987733  .00137252  00000+0  15088-2 0  9995,2 65942  51.6281 150.7055 0003382 220.3642 139.7102 15.62212709  9512
2025-12-11T15:00:18.635515+09:00,gs_db,BOTAN,1 65942U 98067XP  25344.47987733  .00137252  00000+0  15088-2 0  9995,2 65942  51.6281 150.7055 0003382 220.3642 139.7102 15.62212709  9512
2025-12-11T15:00:21.145357+09:00,gs_db,BOTAN,1 65942U 98067XP  25344.47987733  .00137252  00000+0  15088-2 0  9995,2 65942  51.6281 150.7055 0003382 220.3642 139.7102 15.62212709  9512
2025-12-11T18:00:23.770754+09:00,gs_db,BOTAN,1 65942U 98067XP  25344.47987733  .00137252  00000+0  15088-2 0  9995,2 65942  51.6281 150.7055 0003382 220.3642 139.7102 15.62212709  9512
2025-12-11T21:00:27.394754+09:00,gs_db,BOTAN,1 65942U 98067XP  25344.47987733  .00137252  00000+0  15088-2 0  9995,2 65942  51.6281 150.7055 0003382 220.3642 139.7102 15.62212709  9512
2025-12-11T21:00:32.990458+09:00,gs_db,BOTAN,1 65942U 98067XP  25344.47987733  .00137252  00000+0  15088-2 0  9995,2 65942  51.6281 150.7055 0003382 220.3642 139.7102 15.62212709  9512
2025-12-12T00:00:29.510243+09:00,gs_db,BOTAN,1 65942U 98067XP  25345.18349086  .00140033  00000+0  15270-2 0  9991,2 65942  51.6284 147.1540 0003343 226.7557 133.3159 15.62408727  9627
2025-12-12T03:00:14.204233+09:00,gs_db,BOTAN,1 65942U 98067XP  25345.18349086  .00140033  00000+0  15270-2 0  9991,2 65942  51.6284 147.1540 0003343 226.7557 133.3159 15.62408727  9627
2025-12-12T03:00:15.028955+09:00,gs_db,BOTAN,1 65942U 98067XP  25345.18349086  .00140033  00000+0  15270-2 0  9991,2 65942  51.6284 147.1540 0003343 226.7557 133.3159 15.62408727  9627
2025-12-12T06:00:20.522072+09:00,gs_db,BOTAN,1 65942U 98067XP  25345.43932568  .00166728  00000+0  18042-2 0  9991,2 65942  51.6280 145.8622 0003281 229.3853 130.6856 15.62506210  9662
2025-12-12T09:00:35.881869+09:00,gs_db,BOTAN,1 65942U 98067XP  25345.43932568  .00166728  00000+0  18042-2 0  9991,2 65942  51.6280 145.8622 0003281 229.3853 130.6856 15.62506210  9662
2025-12-12T09:00:37.244488+09:00,gs_db,BOTAN,1 65942U 98067XP  25345.43932568  .00166728  00000+0  18042-2 0  9991,2 65942  51.6280 145.8622 0003281 229.3853 130.6856 15.62506210  9662
2025-12-12T12:00:19.231031+09:00,gs_db,BOTAN,1 65942U 98067XP  25345.43932568  .00166728  00000+0  18042-2 0  9991,2 65942  51.6280 145.8622 0003281 229.3853 130.6856 15.62506210  9662
2025-12-12T15:00:13.209434+09:00,gs_db,BOTAN,1 65942U 98067XP  25345.82305259  .00121329  00000+0  13164-2 0  9993,2 65942  51.6277 143.9237 0003262 230.4423 129.6283 15.62613075  9721
2025-12-12T15:00:14.223386+09:00,gs_db,BOTAN,1 65942U 98067XP  25345.82305259  .00121329  00000+0  13164-2 0  9993,2 65942  51.6277 143.9237 0003262 230.4423 129.6283 15.62613075  9721
2025-12-12T18:00:22.825004+09:00,gs_db,BOTAN,1 65942U 98067XP  25345.82305259  .00121329  00000+0  13164-2 0  9993,2 65942  51.6277 143.9237 0003262 230.4423 129.6283 15.62613075  9721
2025-12-12T21:00:28.046006+09:00,gs_db,BOTAN,1 65942U 98067XP  25345.82305259  .00121329  00000+0  13164-2 0  9993,2 65942  51.6277 143.9237 0003262 230.4423 129.6283 15.62613075  9721
2025-12-12T21:00:32.636437+09:00,gs_db,BOTAN,1 65942U 98067XP  25345.82305259  .00121329  00000+0  13164-2 0  9993,2 65942  51.6277 143.9237 0003262 230.4423 129.6283 15.62613075  9721
2025-12-13T00:00:20.465673+09:00,gs_db,BOTAN,1 65942U 98067XP  25346.14280537  .00130896  00000+0  14132-2 0  9995,2 65942  51.6278 142.3097 0003211 233.7514 126.3183 15.62701818  9771
2025-12-13T03:00:09.385241+09:00,gs_db,BOTAN,1 65942U 98067XP  25346.14280537  .00130896  00000+0  14132-2 0  9995,2 65942  51.6278 142.3097 0003211 233.7514 126.3183 15.62701818  9771
2025-12-13T03:00:15.262415+09:00,gs_db,BOTAN,1 65942U 98067XP  25346.14280537  .00130896  00000+0  14132-2 0  9995,2 65942  51.6278 142.3097 0003211 233.7514 126.3183 15.62701818  9771
2025-12-13T06:00:15.244163+09:00,gs_db,BOTAN,1 65942U 98067XP  25346.14280537  .00130896  00000+0  14132-2 0  9995,2 65942  51.6278 142.3097 0003211 233.7514 126.3183 15.62701818  9771
2025-12-13T09:00:29.434478+09:00,gs_db,BOTAN,1 65942U 98067XP  25346.14280537  .00130896  00000+0  14132-2 0  9995,2 65942  51.6278 142.3097 0003211 233.7514 126.3183 15.62701818  9771
2025-12-13T09:00:46.8629+09:00,gs_db,BOTAN,1 65942U 98067XP  25346.14280537  .00130896  00000+0  14132-2 0  9995,2 65942  51.6278 142.3097 0003211 233.7514 126.3183 15.62701818  9771
2025-12-13T12:00:10.820349+09:00,gs_db,BOTAN,1 65942U 98067XP  25346.14280537  .00130896  00000+0  14132-2 0  9995,2 65942  51.6278 142.3097 0003211 233.7514 126.3183 15.62701818  9771
2025-12-13T15:00:11.897068+09:00,gs_db,BOTAN,1 65942U 98067XP  25346.14280537  .00130896  00000+0  14132-2 0  9995,2 65942  51.6278 142.3097 0003211 233.7514 126.3183 15.62701818  9771
2025-12-13T15:00:16.597033+09:00,gs_db,BOTAN,1 65942U 98067XP  25346.14280537  .00130896  00000+0  14132-2 0  9995,2 65942  51.6278 142.3097 0003211 233.7514 126.3183 15.62701818  9771
2025-12-13T18:00:23.739941+09:00,gs_db,BOTAN,1 65942U 98067XP  25346.84619684  .00139962  00000+0  14970-2 0  9994,2 65942  51.6286 138.7562 0003106 238.0921 121.9771 15.62906067  9888
2025-12-13T21:00:20.459284+09:00,gs_db,BOTAN,1 65942U 98067XP  25346.84619684  .00139962  00000+0  14970-2 0  9994,2 65942  51.6286 138.7562 0003106 238.0921 121.9771 15.62906067  9888
2025-12-13T21:00:22.903815+09:00,gs_db,BOTAN,1 65942U 98067XP  25346.84619684  .00139962  00000+0  14970-2 0  9994,2 65942  51.6286 138.7562 0003106 238.0921 121.9771 15.62906067  9888
2025-12-14T00:00:32.386604+09:00,gs_db,BOTAN,1 65942U 98067XP  25346.84619684  .00139962  00000+0  14970-2 0  9994,2 65942  51.6286 138.7562 0003106 238.0921 121.9771 15.62906067  9888
2025-12-14T03:00:16.819624+09:00,gs_db,BOTAN,1 65942U 98067XP  25346.84619684  .00139962  00000+0  14970-2 0  9994,2 65942  51.6286 138.7562 0003106 238.0921 121.9771 15.62906067  9888
2025-12-14T03:00:20.69515+09:00,gs_db,BOTAN,1 65942U 98067XP  25346.84619684  .00139962  00000+0  14970-2 0  9994,2 65942  51.6286 138.7562 0003106 238.0921 121.9771 15.62906067  9888
2025-12-14T06:00:28.429001+09:00,gs_db,BOTAN,1 65942U 98067XP  25346.84619684  .00139962  00000+0  14970-2 0  9994,2 65942  51.6286 138.7562 0003106 238.0921 121.9771 15.62906067  9888
2025-12-14T09:00:33.58747+09:00,gs_db,BOTAN,1 65942U 98067XP  25346.84619684  .00139962  00000+0  14970-2 0  9994,2 65942  51.6286 138.7562 0003106 238.0921 121.9771 15.62906067  9888
2025-12-14T09:00:43.566171+09:00,gs_db,BOTAN,1 65942U 98067XP  25346.84619684  .00139962  00000+0  14970-2 0  9994,2 65942  51.6286 138.7562 0003106 238.0921 121.9771 15.62906067  9888
2025-12-14T12:00:22.719856+09:00,gs_db,BOTAN,1 65942U 98067XP  25346.84619684  .00139962  00000+0  14970-2 0  9994,2 65942  51.6286 138.7562 0003106 238.0921 121.9771 15.62906067  9888
2025-12-14T15:00:15.079481+09:00,gs_db,BOTAN,1 65942U 98067XP  25347.61342704  .00110558  00000+0  11782-2 0  9994,2 65942  51.6279 134.8795 0003001 244.7732 115.2952 15.63119273 10002
2025-12-14T15:00:22.365659+09:00,gs_db,BOTAN,1 65942U 98067XP  25347.61342704  .00110558  00000+0  11782-2 0  9994,2 65942  51.6279 134.8795 0003001 244.7732 115.2952 15.63119273 10002
2025-12-14T18:00:31.675508+09:00,gs_db,BOTAN,1 65942U 98067XP  25347.61342704  .00110558  00000+0  11782-2 0  9994,2 65942  51.6279 134.8795 0003001 244.7732 115.2952 15.63119273 10002
2025-12-14T21:00:26.326158+09:00,gs_db,BOTAN,1 65942U 98067XP  25347.61342704  .00110558  00000+0  11782-2 0  9994,2 65942  51.6279 134.8795 0003001 244.7732 115.2952 15.63119273 10002
2025-12-14T21:00:29.388467+09:00,gs_db,BOTAN,1 65942U 98067XP  25347.61342704  .00110558  00000+0  11782-2 0  9994,2 65942  51.6279 134.8795 0003001 244.7732 115.2952 15.63119273 10002
2025-12-15T00:00:32.01956+09:00,gs_db,BOTAN,1 65942U 98067XP  25347.80521917  .00116317  00000+0  12360-2 0  9992,2 65942  51.6273 133.9097 0002985 245.5023 114.5660 15.63168137 10037
2025-12-15T03:00:16.597633+09:00,gs_db,BOTAN,1 65942U 98067XP  25347.80521917  .00116317  00000+0  12360-2 0  9992,2 65942  51.6273 133.9097 0002985 245.5023 114.5660 15.63168137 10037
2025-12-15T03:00:19.100143+09:00,gs_db,BOTAN,1 65942U 98067XP  25347.80521917  .00116317  00000+0  12360-2 0  9992,2 65942  51.6273 133.9097 0002985 245.5023 114.5660 15.63168137 10037
2025-12-15T06:00:27.585791+09:00,gs_db,BOTAN,1 65942U 98067XP  25347.80521917  .00116317  00000+0  12360-2 0  9992,2 65942  51.6273 133.9097 0002985 245.5023 114.5660 15.63168137 10037
2025-12-15T09:00:58.589067+09:00,gs_db,BOTAN,1 65942U 98067XP  25347.80521917  .00116317  00000+0  12360-2 0  9992,2 65942  51.6273 133.9097 0002985 245.5023 114.5660 15.63168137 10037
2025-12-15T09:01:29.672958+09:00,gs_db,BOTAN,1 65942U 98067XP  25347.80521917  .00116317  00000+0  12360-2 0  9992,2 65942  51.6273 133.9097 0002985 245.5023 114.5660 15.63168137 10037
2025-12-15T12:00:22.357802+09:00,gs_db,BOTAN,1 65942U 98067XP  25347.80521917  .00116317  00000+0  12360-2 0  9992,2 65942  51.6273 133.9097 0002985 245.5023 114.5660 15.63168137 10037
2025-12-15T15:00:19.031704+09:00,gs_db,BOTAN,1 65942U 98067XP  25347.80521917  .00116317  00000+0  12360-2 0  9992,2 65942  51.6273 133.9097 0002985 245.5023 114.5660 15.63168137 10037
2025-12-15T15:00:23.981197+09:00,gs_db,BOTAN,1 65942U 98067XP  25347.80521917  .00116317  00000+0  12360-2 0  9992,2 65942  51.6273 133.9097 0002985 245.5023 114.5660 15.63168137 10037
2025-12-15T18:00:31.324669+09:00,gs_db,BOTAN,1 65942U 98067XP  25347.80521917  .00116317  00000+0  12360-2 0  9992,2 65942  51.6273 133.9097 0002985 245.5023 114.5660 15.63168137 10037
2025-12-15T21:00:23.30269+09:00,gs_db,BOTAN,1 65942U 98067XP  25347.80521917  .00116317  00000+0  12360-2 0  9992,2 65942  51.6273 133.9097 0002985 245.5023 114.5660 15.63168137 10037
2025-12-15T21:00:27.534562+09:00,gs_db,BOTAN,1 65942U 98067XP  25347.80521917  .00116317  00000+0  12360-2 0  9992,2 65942  51.6273 133.9097 0002985 245.5023 114.5660 15.63168137 10037
2025-12-16T00:00:27.551792+09:00,gs_db,BOTAN,1 65942U 98067XP  25347.80521917  .00116317  00000+0  12360-2 0  9992,2 65942  51.6273 133.9097 0002985 245.5023 114.5660 15.63168137 10037
2025-12-16T03:00:11.957131+09:00,gs_db,BOTAN,1 65942U 98067XP  25347.80521917  .00116317  00000+0  12360-2 0  9992,2 65942  51.6273 133.9097 0002985 245.5023 114.5660 15.63168137 10037
2025-12-16T03:00:17.636126+09:00,gs_db,BOTAN,1 65942U 98067XP  25347.80521917  .00116317  00000+0  12360-2 0  9992,2 65942  51.6273 133.9097 0002985 245.5023 114.5660 15.63168137 10037
2025-12-16T06:00:33.620159+09:00,gs_db,BOTAN,1 65942U 98067XP  25347.80521917  .00116317  00000+0  12360-2 0  9992,2 65942  51.6273 133.9097 0002985 245.5023 114.5660 15.63168137 10037
2025-12-16T09:00:48.666649+09:00,gs_db,BOTAN,1 65942U 98067XP  25347.80521917  .00116317  00000+0  12360-2 0  9992,2 65942  51.6273 133.9097 0002985 245.5023 114.5660 15.63168137 10037
2025-12-16T09:01:02.551387+09:00,gs_db,BOTAN,1 65942U 98067XP  25347.80521917  .00116317  00000+0  12360-2 0  9992,2 65942  51.6273 133.9097 0002985 245.5023 114.5660 15.63168137 10037
2025-12-16T12:00:05.580174+09:00,gs_db,BOTAN,1 65942U 98067XP  25347.80521917  .00116317  00000+0  12360-2 0  9992,2 65942  51.6273 133.9097 0002985 245.5023 114.5660 15.63168137 10037
2025-12-16T15:00:08.656304+09:00,gs_db,BOTAN,1 65942U 98067XP  25349.65896850  .00082884  00000+0  87407-3 0  9994,2 65942  51.6278 124.5376 0002929 262.4016  97.6646 15.63514528 10322
2025-12-16T15:00:15.771781+09:00,gs_db,BOTAN,1 65942U 98067XP  25349.65896850  .00082884  00000+0  87407-3 0  9994,2 65942  51.6278 124.5376 0002929 262.4016  97.6646 15.63514528 10322
2025-12-16T18:00:16.399703+09:00,gs_db,BOTAN,1 65942U 98067XP  25349.65896850  .00082884  00000+0  87407-3 0  9994,2 65942  51.6278 124.5376 0002929 262.4016  97.6646 15.63514528 10322
2025-12-16T21:00:17.387608+09:00,gs_db,BOTAN,1 65942U 98067XP  25349.65896850  .00082884  00000+0  87407-3 0  9994,2 65942  51.6278 124.5376 0002929 262.4016  97.6646 15.63514528 10322
2025-12-16T21:00:25.920476+09:00,gs_db,BOTAN,1 65942U 98067XP  25349.65896850  .00082884  00000+0  87407-3 0  9994,2 65942  51.6278 124.5376 0002929 262.4016  97.6646 15.63514528 10322
2025-12-17T00:00:11.927398+09:00,gs_db,BOTAN,1 65942U 98067XP  25349.65896850  .00082884  00000+0  87407-3 0  9994,2 65942  51.6278 124.5376 0002929 262.4016  97.6646 15.63514528 10322
2025-12-17T03:00:16.905765+09:00,gs_db,BOTAN,1 65942U 98067XP  25349.65896850  .00082884  00000+0  87407-3 0  9994,2 65942  51.6278 124.5376 0002929 262.4016  97.6646 15.63514528 10322
2025-12-17T03:00:21.303708+09:00,gs_db,BOTAN,1 65942U 98067XP  25349.65896850  .00082884  00000+0  87407-3 0  9994,2 65942  51.6278 124.5376 0002929 262.4016  97.6646 15.63514528 10322
2025-12-17T06:00:29.800907+09:00,gs_db,BOTAN,1 65942U 98067XP  25350.36201080  .00090028  00000+0  94318-3 0  9997,2 65942  51.6278 120.9830 0002853 270.5076  89.5591 15.63646784 10430
2025-12-17T09:00:46.976281+09:00,gs_db,BOTAN,1 65942U 98067XP  25350.36201080  .00090028  00000+0  94318-3 0  9997,2 65942  51.6278 120.9830 0002853 270.5076  89.5591 15.63646784 10430
2025-12-17T09:00:59.879731+09:00,gs_db,BOTAN,1 65942U 98067XP  25350.36201080  .00090028  00000+0  94318-3 0  9997,2 65942  51.6278 120.9830 0002853 270.5076  89.5591 15.63646784 10430
2025-12-17T12:00:22.062937+09:00,gs_db,BOTAN,1 65942U 98067XP  25350.36201080  .00090028  00000+0  94318-3 0  9997,2 65942  51.6278 120.9830 0002853 270.5076  89.5591 15.63646784 10430
2025-12-17T15:00:12.301494+09:00,gs_db,BOTAN,1 65942U 98067XP  25350.61764709  .00092119  00000+0  96274-3 0  9993,2 65942  51.6280 119.6894 0002862 271.2496  88.8170 15.63698915 10474
2025-12-17T15:00:14.649056+09:00,gs_db,BOTAN,1 65942U 98067XP  25350.61764709  .00092119  00000+0  96274-3 0  9993,2 65942  51.6280 119.6894 0002862 271.2496  88.8170 15.63698915 10474
2025-12-17T18:00:24.051168+09:00,gs_db,BOTAN,1 65942U 98067XP  25350.61764709  .00092119  00000+0  96274-3 0  9993,2 65942  51.6280 119.6894 0002862 271.2496  88.8170 15.63698915 10474
2025-12-17T21:00:25.570958+09:00,gs_db,BOTAN,1 65942U 98067XP  25350.61764709  .00092119  00000+0  96274-3 0  9993,2 65942  51.6280 119.6894 0002862 271.2496  88.8170 15.63698915 10474
2025-12-17T21:00:26.504587+09:00,gs_db,BOTAN,1 65942U 98067XP  25350.61764709  .00092119  00000+0  96274-3 0  9993,2 65942  51.6280 119.6894 0002862 271.2496  88.8170 15.63698915 10474
2025-12-18T00:00:19.346038+09:00,gs_db,BOTAN,1 65942U 98067XP  25351.06499101  .00096733  00000+0  10066-2 0  9994,2 65942  51.6279 117.4271 0002832 275.6508  84.4163 15.63787081 10541
2025-12-18T03:00:17.448792+09:00,gs_db,BOTAN,1 65942U 98067XP  25351.06499101  .00096733  00000+0  10066-2 0  9994,2 65942  51.6279 117.4271 0002832 275.6508  84.4163 15.63787081 10541
2025-12-18T03:00:22.462662+09:00,gs_db,BOTAN,1 65942U 98067XP  25351.06499101  .00096733  00000+0  10066-2 0  9994,2 65942  51.6279 117.4271 0002832 275.6508  84.4163 15.63787081 10541
2025-12-18T06:00:25.84452+09:00,gs_db,BOTAN,1 65942U 98067XP  25351.64011105  .00095351  00000+0  98816-3 0  9997,2 65942  51.6282 114.5172 0002856 279.3266  80.7406 15.63897894 10634
2025-12-18T09:00:48.701032+09:00,gs_db,BOTAN,1 65942U 98067XP  25351.64011105  .00095351  00000+0  98816-3 0  9997,2 65942  51.6282 114.5172 0002856 279.3266  80.7406 15.63897894 10634
2025-12-18T09:00:53.745817+09:00,gs_db,BOTAN,1 65942U 98067XP  25351.64011105  .00095351  00000+0  98816-3 0  9997,2 65942  51.6282 114.5172 0002856 279.3266  80.7406 15.63897894 10634
2025-12-18T12:00:20.358309+09:00,gs_db,BOTAN,1 65942U 98067XP  25351.64011105  .00095351  00000+0  98816-3 0  9997,2 65942  51.6282 114.5172 0002856 279.3266  80.7406 15.63897894 10634
2025-12-18T15:00:14.16987+09:00,gs_db,BOTAN,1 65942U 98067XP  25351.70401083  .00095662  00000+0  99084-3 0  9995,2 65942  51.6283 114.1939 0002844 279.5083  80.5590 15.63910316 10646
2025-12-18T15:00:21.016009+09:00,gs_db,BOTAN,1 65942U 98067XP  25351.70401083  .00095662  00000+0  99084-3 0  9995,2 65942  51.6283 114.1939 0002844 279.5083  80.5590 15.63910316 10646
2025-12-18T18:00:26.504963+09:00,gs_db,BOTAN,1 65942U 98067XP  25351.70401083  .00095662  00000+0  99084-3 0  9995,2 65942  51.6283 114.1939 0002844 279.5083  80.5590 15.63910316 10646
2025-12-18T21:00:25.273675+09:00,gs_db,BOTAN,1 65942U 98067XP  25351.70401083  .00095662  00000+0  99084-3 0  9995,2 65942  51.6283 114.1939 0002844 279.5083  80.5590 15.63910316 10646
2025-12-18T21:00:35.521958+09:00,gs_db,BOTAN,1 65942U 98067XP  25351.70401083  .00095662  00000+0  99084-3 0  9995,2 65942  51.6283 114.1939 0002844 279.5083  80.5590 15.63910316 10646
2025-12-19T00:00:24.21262+09:00,gs_db,BOTAN,1 65942U 98067XP  25352.27908635  .00110248  00000+0  11339-2 0  9997,2 65942  51.6279 111.2842 0002845 286.3286  73.7396 15.64025211 10734
2025-12-19T03:00:16.073406+09:00,gs_db,BOTAN,1 65942U 98067XP  25352.27908635  .00110248  00000+0  11339-2 0  9997,2 65942  51.6279 111.2842 0002845 286.3286  73.7396 15.64025211 10734
2025-12-19T03:00:18.518903+09:00,gs_db,BOTAN,1 65942U 98067XP  25352.27908635  .00110248  00000+0  11339-2 0  9997,2 65942  51.6279 111.2842 0002845 286.3286  73.7396 15.64025211 10734
2025-12-19T06:00:20.363178+09:00,gs_db,BOTAN,1 65942U 98067XP  25352.27908635  .00110248  00000+0  11339-2 0  9997,2 65942  51.6279 111.2842 0002845 286.3286  73.7396 15.64025211 10734
2025-12-19T09:00:23.779253+09:00,gs_db,BOTAN,1 65942U 98067XP  25352.40687507  .00105165  00000+0  10814-2 0  9993,2 65942  51.6278 110.6371 0002848 287.2475  72.8208 15.64050786 10755
2025-12-19T09:00:40.734845+09:00,gs_db,BOTAN,1 65942U 98067XP  25352.40687507  .00105165  00000+0  10814-2 0  9993,2 65942  51.6278 110.6371 0002848 287.2475  72.8208 15.64050786 10755
2025-12-19T12:00:09.21296+09:00,gs_db,BOTAN,1 65942U 98067XP  25352.40687507  .00105165  00000+0  10814-2 0  9993,2 65942  51.6278 110.6371 0002848 287.2475  72.8208 15.64050786 10755
2025-12-19T15:00:10.001576+09:00,gs_db,BOTAN,1 65942U 98067XP  25352.40687507  .00105165  00000+0  10814-2 0  9993,2 65942  51.6278 110.6371 0002848 287.2475  72.8208 15.64050786 10755
2025-12-19T15:00:16.573255+09:00,gs_db,BOTAN,1 65942U 98067XP  25352.40687507  .00105165  00000+0  10814-2 0  9993,2 65942  51.6278 110.6371 0002848 287.2475  72.8208 15.64050786 10755
2025-12-19T18:00:09.534615+09:00,gs_db,BOTAN,1 65942U 98067XP  25352.40687507  .00105165  00000+0  10814-2 0  9993,2 65942  51.6278 110.6371 0002848 287.2475  72.8208 15.64050786 10755
2025-12-19T21:00:23.099139+09:00,gs_db,BOTAN,1 65942U 98067XP  25352.40687507  .00105165  00000+0  10814-2 0  9993,2 65942  51.6278 110.6371 0002848 287.2475  72.8208 15.64050786 10755
2025-12-19T21:00:27.302042+09:00,gs_db,BOTAN,1 65942U 98067XP  25352.40687507  .00105165  00000+0  10814-2 0  9993,2 65942  51.6278 110.6371 0002848 287.2475  72.8208 15.64050786 10755
2025-12-20T00:00:20.233963+09:00,gs_db,BOTAN,1 65942U 98067XP  25353.30133908  .00085341  00000+0  87502-3 0  9996,2 65942  51.6281 106.1105 0002892 295.3483  64.7212 15.64217081 10895
2025-12-20T03:00:11.176559+09:00,gs_db,BOTAN,1 65942U 98067XP  25353.30133908  .00085341  00000+0  87502-3 0  9996,2 65942  51.6281 106.1105 0002892 295.3483  64.7212 15.64217081 10895
2025-12-20T03:00:12.881856+09:00,gs_db,BOTAN,1 65942U 98067XP  25353.30133908  .00085341  00000+0  87502-3 0  9996,2 65942  51.6281 106.1105 0002892 295.3483  64.7212 15.64217081 10895
2025-12-20T06:00:35.258298+09:00,gs_db,BOTAN,1 65942U 98067XP  25353.30133908  .00085341  00000+0  87502-3 0  9996,2 65942  51.6281 106.1105 0002892 295.3483  64.7212 15.64217081 10895
2025-12-20T12:00:17.899113+09:00,gs_db,BOTAN,1 65942U 98067XP  25353.36522579  .00083736  00000+0  85845-3 0  9992,2 65942  51.6281 105.7870 0002892 295.6773  64.3923 15.64228558 10902
2025-12-20T15:00:22.199403+09:00,gs_db,BOTAN,1 65942U 98067XP  25353.36522579  .00083736  00000+0  85845-3 0  9992,2 65942  51.6281 105.7870 0002892 295.6773  64.3923 15.64228558 10902
2025-12-20T15:00:25.130647+09:00,gs_db,BOTAN,1 65942U 98067XP  25353.36522579  .00083736  00000+0  85845-3 0  9992,2 65942  51.6281 105.7870 0002892 295.6773  64.3923 15.64228558 10902
2025-12-20T18:00:17.371377+09:00,gs_db,BOTAN,1 65942U 98067XP  25353.36522579  .00083736  00000+0  85845-3 0  9992,2 65942  51.6281 105.7870 0002892 295.6773  64.3923 15.64228558 10902
2025-12-20T21:00:24.610953+09:00,gs_db,BOTAN,1 65942U 98067XP  25353.36522579  .00083736  00000+0  85845-3 0  9992,2 65942  51.6281 105.7870 0002892 295.6773  64.3923 15.64228558 10902
2025-12-20T21:00:28.603898+09:00,gs_db,BOTAN,1 65942U 98067XP  25353.36522579  .00083736  00000+0  85845-3 0  9992,2 65942  51.6281 105.7870 0002892 295.6773  64.3923 15.64228558 10902
2025-12-21T00:00:18.452322+09:00,gs_db,BOTAN,1 65942U 98067XP  25354.19570992  .00085410  00000+0  87028-3 0  9992,2 65942  51.6284 101.5830 0002951 302.2200  57.8508 15.64374422 11034
2025-12-21T03:00:13.528715+09:00,gs_db,BOTAN,1 65942U 98067XP  25354.19570992  .00085410  00000+0  87028-3 0  9992,2 65942  51.6284 101.5830 0002951 302.2200  57.8508 15.64374422 11034
2025-12-21T03:00:15.043447+09:00,gs_db,BOTAN,1 65942U 98067XP  25354.19570992  .00085410  00000+0  87028-3 0  9992,2 65942  51.6284 101.5830 0002951 302.2200  57.8508 15.64374422 11034
2025-12-21T06:00:17.08732+09:00,gs_db,BOTAN,1 65942U 98067XP  25354.57898423  .00082185  00000+0  83574-3 0  9994,2 65942  51.6283  99.6415 0002950 304.2475  55.8240 15.64441775 11097
2025-12-21T09:01:02.592714+09:00,gs_db,BOTAN,1 65942U 98067XP  25354.57898423  .00082185  00000+0  83574-3 0  9994,2 65942  51.6283  99.6415 0002950 304.2475  55.8240 15.64441775 11097
2025-12-21T09:01:26.19932+09:00,gs_db,BOTAN,1 65942U 98067XP  25354.57898423  .00082185  00000+0  83574-3 0  9994,2 65942  51.6283  99.6415 0002950 304.2475  55.8240 15.64441775 11097
2025-12-21T12:00:18.299175+09:00,gs_db,BOTAN,1 65942U 98067XP  25354.57898423  .00082185  00000+0  83574-3 0  9994,2 65942  51.6283  99.6415 0002950 304.2475  55.8240 15.64441775 11097
2025-12-21T15:00:10.684533+09:00,gs_db,BOTAN,1 65942U 98067XP  25354.57898423  .00082185  00000+0  83574-3 0  9994,2 65942  51.6283  99.6415 0002950 304.2475  55.8240 15.64441775 11097
2025-12-21T15:00:15.514213+09:00,gs_db,BOTAN,1 65942U 98067XP  25354.57898423  .00082185  00000+0  83574-3 0  9994,2 65942  51.6283  99.6415 0002950 304.2475  55.8240 15.64441775 11097
2025-12-21T18:00:07.991437+09:00,gs_db,BOTAN,1 65942U 98067XP  25354.57898423  .00082185  00000+0  83574-3 0  9994,2 65942  51.6283  99.6415 0002950 304.2475  55.8240 15.64441775 11097
2025-12-21T21:00:15.893883+09:00,gs_db,BOTAN,1 65942U 98067XP  25354.57898423  .00082185  00000+0  83574-3 0  9994,2 65942  51.6283  99.6415 0002950 304.2475  55.8240 15.64441775 11097
2025-12-21T21:00:24.711946+09:00,gs_db,BOTAN,1 65942U 98067XP  25354.57898423  .00082185  00000+0  83574-3 0  9994,2 65942  51.6283  99.6415 0002950 304.2475  55.8240 15.64441775 11097
2025-12-22T00:00:13.463114+09:00,gs_db,BOTAN,1 65942U 98067XP  25354.57898423  .00082185  00000+0  83574-3 0  9994,2 65942  51.6283  99.6415 0002950 304.2475  55.8240 15.64441775 11097
2025-12-22T03:00:10.9315+09:00,gs_db,BOTAN,1 65942U 98067XP  25354.57898423  .00082185  00000+0  83574-3 0  9994,2 65942  51.6283  99.6415 0002950 304.2475  55.8240 15.64441775 11097
2025-12-22T03:00:14.768356+09:00,gs_db,BOTAN,1 65942U 98067XP  25354.57898423  .00082185  00000+0  83574-3 0  9994,2 65942  51.6283  99.6415 0002950 304.2475  55.8240 15.64441775 11097
2025-12-22T06:00:20.641886+09:00,gs_db,BOTAN,1 65942U 98067XP  25355.53709946  .00102689  00000+0  10329-2 0  9991,2 65942  51.6287  94.7896 0003036 312.4061  47.6677 15.64619472 11249
2025-12-22T09:01:00.702236+09:00,gs_db,BOTAN,1 65942U 98067XP  25355.53709946  .00102689  00000+0  10329-2 0  9991,2 65942  51.6287  94.7896 0003036 312.4061  47.6677 15.64619472 11249
2025-12-22T09:01:33.124929+09:00,gs_db,BOTAN,1 65942U 98067XP  25355.53709946  .00102689  00000+0  10329-2 0  9991,2 65942  51.6287  94.7896 0003036 312.4061  47.6677 15.64619472 11249
2025-12-22T12:00:16.040941+09:00,gs_db,BOTAN,1 65942U 98067XP  25355.53709946  .00102689  00000+0  10329-2 0  9991,2 65942  51.6287  94.7896 0003036 312.4061  47.6677 15.64619472 11249
2025-12-22T15:00:14.666423+09:00,gs_db,BOTAN,1 65942U 98067XP  25355.53709946  .00102689  00000+0  10329-2 0  9991,2 65942  51.6287  94.7896 0003036 312.4061  47.6677 15.64619472 11249
2025-12-22T15:00:17.740326+09:00,gs_db,BOTAN,1 65942U 98067XP  25355.53709946  .00102689  00000+0  10329-2 0  9991,2 65942  51.6287  94.7896 0003036 312.4061  47.6677 15.64619472 11249
2025-12-22T18:00:12.951033+09:00,gs_db,BOTAN,1 65942U 98067XP  25355.53709946  .00102689  00000+0  10329-2 0  9991,2 65942  51.6287  94.7896 0003036 312.4061  47.6677 15.64619472 11249
2025-12-22T21:00:23.470252+09:00,gs_db,BOTAN,1 65942U 98067XP  25355.53709946  .00102689  00000+0  10329-2 0  9991,2 65942  51.6287  94.7896 0003036 312.4061  47.6677 15.64619472 11249
2025-12-22T21:00:26.234365+09:00,gs_db,BOTAN,1 65942U 98067XP  25355.53709946  .00102689  00000+0  10329-2 0  9991,2 65942  51.6287  94.7896 0003036 312.4061  47.6677 15.64619472 11249
2025-12-23T00:00:11.990274+09:00,gs_db,BOTAN,1 65942U 98067XP  25355.98417870  .00119607  00000+0  11948-2 0  9998,2 65942  51.6285  92.5255 0003059 316.6452  43.4302 15.64723057 11319
2025-12-23T03:00:13.652237+09:00,gs_db,BOTAN,1 65942U 98067XP  25355.98417870  .00119607  00000+0  11948-2 0  9998,2 65942  51.6285  92.5255 0003059 316.6452  43.4302 15.64723057 11319
2025-12-23T03:00:15.091116+09:00,gs_db,BOTAN,1 65942U 98067XP  25355.98417870  .00119607  00000+0  11948-2 0  9998,2 65942  51.6285  92.5255 0003059 316.6452  43.4302 15.64723057 11319
2025-12-23T06:00:18.711577+09:00,gs_db,BOTAN,1 65942U 98067XP  25356.30350127  .00120580  00000+0  12004-2 0  9992,2 65942  51.6283  90.9078 0003112 318.7343  41.3416 15.64805517 11364
2025-12-23T09:00:41.107782+09:00,gs_db,BOTAN,1 65942U 98067XP  25356.30350127  .00120580  00000+0  12004-2 0  9992,2 65942  51.6283  90.9078 0003112 318.7343  41.3416 15.64805517 11364
2025-12-23T09:00:44.809257+09:00,gs_db,BOTAN,1 65942U 98067XP  25356.30350127  .00120580  00000+0  12004-2 0  9992,2 65942  51.6283  90.9078 0003112 318.7343  41.3416 15.64805517 11364
2025-12-23T12:00:16.815892+09:00,gs_db,BOTAN,1 65942U 98067XP  25356.30350127  .00120580  00000+0  12004-2 0  9992,2 65942  51.6283  90.9078 0003112 318.7343  41.3416 15.64805517 11364
2025-12-23T15:00:15.197388+09:00,gs_db,BOTAN,1 65942U 98067XP  25356.30350127  .00120580  00000+0  12004-2 0  9992,2 65942  51.6283  90.9078 0003112 318.7343  41.3416 15.64805517 11364
2025-12-23T15:00:15.691841+09:00,gs_db,BOTAN,1 65942U 98067XP  25356.30350127  .00120580  00000+0  12004-2 0  9992,2 65942  51.6283  90.9078 0003112 318.7343  41.3416 15.64805517 11364
2025-12-23T18:00:16.901306+09:00,gs_db,BOTAN,1 65942U 98067XP  25356.30350127  .00120580  00000+0  12004-2 0  9992,2 65942  51.6283  90.9078 0003112 318.7343  41.3416 15.64805517 11364
2025-12-23T21:00:19.651979+09:00,gs_db,BOTAN,1 65942U 98067XP  25356.30350127  .00120580  00000+0  12004-2 0  9992,2 65942  51.6283  90.9078 0003112 318.7343  41.3416 15.64805517 11364
2025-12-23T21:00:27.058377+09:00,gs_db,BOTAN,1 65942U 98067XP  25356.30350127  .00120580  00000+0  12004-2 0  9992,2 65942  51.6283  90.9078 0003112 318.7343  41.3416 15.64805517 11364
2025-12-24T00:00:18.796112+09:00,gs_db,BOTAN,1 65942U 98067XP  25357.26137366  .00114200  00000+0  11277-2 0  9999,2 65942  51.6284  86.0542 0003227 325.6529  34.4257 15.65035738 11511
2025-12-24T03:00:15.544968+09:00,gs_db,BOTAN,1 65942U 98067XP  25357.26137366  .00114200  00000+0  11277-2 0  9999,2 65942  51.6284  86.0542 0003227 325.6529  34.4257 15.65035738 11511
2025-12-24T03:00:17.87691+09:00,gs_db,BOTAN,1 65942U 98067XP  25357.26137366  .00114200  00000+0  11277-2 0  9999,2 65942  51.6284  86.0542 0003227 325.6529  34.4257 15.65035738 11511
2025-12-24T06:00:27.762292+09:00,gs_db,BOTAN,1 65942U 98067XP  25357.26137366  .00114200  00000+0  11277-2 0  9999,2 65942  51.6284  86.0542 0003227 325.6529  34.4257 15.65035738 11511
2025-12-24T09:00:22.411196+09:00,gs_db,BOTAN,1 65942U 98067XP  25357.26137366  .00114200  00000+0  11277-2 0  9999,2 65942  51.6284  86.0542 0003227 325.6529  34.4257 15.65035738 11511
2025-12-24T09:00:42.874372+09:00,gs_db,BOTAN,1 65942U 98067XP  25357.26137366  .00114200  00000+0  11277-2 0  9999,2 65942  51.6284  86.0542 0003227 325.6529  34.4257 15.65035738 11511
2025-12-24T12:00:10.398513+09:00,gs_db,BOTAN,1 65942U 98067XP  25357.26137366  .00114200  00000+0  11277-2 0  9999,2 65942  51.6284  86.0542 0003227 325.6529  34.4257 15.65035738 11511
2025-12-24T15:00:18.19096+09:00,gs_db,BOTAN,1 65942U 98067XP  25357.96372569  .00111413  00000+0  10937-2 0  9997,2 65942  51.6282  82.4941 0003288 330.2787  29.8020 15.65195853 11620
2025-12-24T15:00:24.245196+09:00,gs_db,BOTAN,1 65942U 98067XP  25357.96372569  .00111413  00000+0  10937-2 0  9997,2 65942  51.6282  82.4941 0003288 330.2787  29.8020 15.65195853 11620
2025-12-24T18:00:11.714566+09:00,gs_db,BOTAN,1 65942U 98067XP  25357.96372569  .00111413  00000+0  10937-2 0  9997,2 65942  51.6282  82.4941 0003288 330.2787  29.8020 15.65195853 11620
2025-12-24T21:00:16.726604+09:00,gs_db,BOTAN,1 65942U 98067XP  25357.96372569  .00111413  00000+0  10937-2 0  9997,2 65942  51.6282  82.4941 0003288 330.2787  29.8020 15.65195853 11620
2025-12-24T21:00:28.887603+09:00,gs_db,BOTAN,1 65942U 98067XP  25357.96372569  .00111413  00000+0  10937-2 0  9997,2 65942  51.6282  82.4941 0003288 330.2787  29.8020 15.65195853 11620
2025-12-25T00:00:19.565122+09:00,gs_db,BOTAN,1 65942U 98067XP  25357.96372569  .00111413  00000+0  10937-2 0  9997,2 65942  51.6282  82.4941 0003288 330.2787  29.8020 15.65195853 11620
2025-12-25T03:00:15.437638+09:00,gs_db,BOTAN,1 65942U 98067XP  25357.96372569  .00111413  00000+0  10937-2 0  9997,2 65942  51.6282  82.4941 0003288 330.2787  29.8020 15.65195853 11620
2025-12-25T03:00:18.447523+09:00,gs_db,BOTAN,1 65942U 98067XP  25357.96372569  .00111413  00000+0  10937-2 0  9997,2 65942  51.6282  82.4941 0003288 330.2787  29.8020 15.65195853 11620
2025-12-25T06:00:28.792376+09:00,gs_db,BOTAN,1 65942U 98067XP  25357.96372569  .00111413  00000+0  10937-2 0  9997,2 65942  51.6282  82.4941 0003288 330.2787  29.8020 15.65195853 11620
2025-12-25T09:00:37.431324+09:00,gs_db,BOTAN,1 65942U 98067XP  25357.96372569  .00111413  00000+0  10937-2 0  9997,2 65942  51.6282  82.4941 0003288 330.2787  29.8020 15.65195853 11620
2025-12-25T09:00:40.865248+09:00,gs_db,BOTAN,1 65942U 98067XP  25357.96372569  .00111413  00000+0  10937-2 0  9997,2 65942  51.6282  82.4941 0003288 330.2787  29.8020 15.65195853 11620
2025-12-25T12:00:17.533197+09:00,gs_db,BOTAN,1 65942U 98067XP  25357.96372569  .00111413  00000+0  10937-2 0  9997,2 65942  51.6282  82.4941 0003288 330.2787  29.8020 15.65195853 11620
2025-12-25T15:00:18.204503+09:00,gs_db,BOTAN,1 65942U 98067XP  25358.92135577  .00117098  00000+0  11376-2 0  9993,2 65942  51.6276  77.6384 0003362 336.9031  23.1813 15.65433076 11773
2025-12-25T15:00:20.883026+09:00,gs_db,BOTAN,1 65942U 98067XP  25358.92135577  .00117098  00000+0  11376-2 0  9993,2 65942  51.6276  77.6384 0003362 336.9031  23.1813 15.65433076 11773
2025-12-25T18:00:21.382288+09:00,gs_db,BOTAN,1 65942U 98067XP  25358.92135577  .00117098  00000+0  11376-2 0  9993,2 65942  51.6276  77.6384 0003362 336.9031  23.1813 15.65433076 11773
2025-12-25T21:00:29.898058+09:00,gs_db,BOTAN,1 65942U 98067XP  25358.92135577  .00117098  00000+0  11376-2 0  9993,2 65942  51.6276  77.6384 0003362 336.9031  23.1813 15.65433076 11773
2025-12-25T21:00:35.58323+09:00,gs_db,BOTAN,1 65942U 98067XP  25358.92135577  .00117098  00000+0  11376-2 0  9993,2 65942  51.6276  77.6384 0003362 336.9031  23.1813 15.65433076 11773
2025-12-26T00:00:17.263769+09:00,gs_db,BOTAN,1 65942U 98067XP  25358.92135577  .00117098  00000+0  11376-2 0  9993,2 65942  51.6276  77.6384 0003362 336.9031  23.1813 15.65433076 11773
2025-12-26T03:00:19.281111+09:00,gs_db,BOTAN,1 65942U 98067XP  25358.92135577  .00117098  00000+0  11376-2 0  9993,2 65942  51.6276  77.6384 0003362 336.9031  23.1813 15.65433076 11773
2025-12-26T03:00:22.496861+09:00,gs_db,BOTAN,1 65942U 98067XP  25358.92135577  .00117098  00000+0  11376-2 0  9993,2 65942  51.6276  77.6384 0003362 336.9031  23.1813 15.65433076 11773
2025-12-26T06:00:24.522323+09:00,gs_db,BOTAN,1 65942U 98067XP  25358.92135577  .00117098  00000+0  11376-2 0  9993,2 65942  51.6276  77.6384 0003362 336.9031  23.1813 15.65433076 11773
2025-12-26T09:00:58.525763+09:00,gs_db,BOTAN,1 65942U 98067XP  25359.49586471  .00114850  00000+0  11099-2 0  9994,2 65942  51.6278  74.7240 0003444 339.5705  20.5152 15.65573117 11860
2025-12-26T09:01:20.366399+09:00,gs_db,BOTAN,1 65942U 98067XP  25359.49586471  .00114850  00000+0  11099-2 0  9994,2 65942  51.6278  74.7240 0003444 339.5705  20.5152 15.65573117 11860
2025-12-26T12:00:22.140787+09:00,gs_db,BOTAN,1 65942U 98067XP  25359.49586471  .00114850  00000+0  11099-2 0  9994,2 65942  51.6278  74.7240 0003444 339.5705  20.5152 15.65573117 11860
2025-12-26T15:00:15.248867+09:00,gs_db,BOTAN,1 65942U 98067XP  25359.49586471  .00114850  00000+0  11099-2 0  9994,2 65942  51.6278  74.7240 0003444 339.5705  20.5152 15.65573117 11860
2025-12-26T15:00:18.982572+09:00,gs_db,BOTAN,1 65942U 98067XP  25359.49586471  .00114850  00000+0  11099-2 0  9994,2 65942  51.6278  74.7240 0003444 339.5705  20.5152 15.65573117 11860
2025-12-26T18:00:23.265584+09:00,gs_db,BOTAN,1 65942U 98067XP  25359.49586471  .00114850  00000+0  11099-2 0  9994,2 65942  51.6278  74.7240 0003444 339.5705  20.5152 15.65573117 11860
2025-12-26T21:00:23.847858+09:00,gs_db,BOTAN,1 65942U 98067XP  25359.49586471  .00114850  00000+0  11099-2 0  9994,2 65942  51.6278  74.7240 0003444 339.5705  20.5152 15.65573117 11860
2025-12-26T21:00:30.51322+09:00,gs_db,BOTAN,1 65942U 98067XP  25359.49586471  .00114850  00000+0  11099-2 0  9994,2 65942  51.6278  74.7240 0003444 339.5705  20.5152 15.65573117 11860
2025-12-27T00:00:18.780401+09:00,gs_db,BOTAN,1 65942U 98067XP  25360.26179614  .00111235  00000+0  10674-2 0  9990,2 65942  51.6275  70.8385 0003564 345.7740  14.3155 15.65764199 11984
2025-12-27T03:00:11.895903+09:00,gs_db,BOTAN,1 65942U 98067XP  25360.26179614  .00111235  00000+0  10674-2 0  9990,2 65942  51.6275  70.8385 0003564 345.7740  14.3155 15.65764199 11984
2025-12-27T03:00:16.80561+09:00,gs_db,BOTAN,1 65942U 98067XP  25360.26179614  .00111235  00000+0  10674-2 0  9990,2 65942  51.6275  70.8385 0003564 345.7740  14.3155 15.65764199 11984
2025-12-27T06:00:23.044012+09:00,gs_db,BOTAN,1 65942U 98067XP  25360.45326459  .00109640  00000+0  10505-2 0  9992,2 65942  51.6278  69.8667 0003564 346.4862  13.6037 15.65808737 12014
2025-12-27T09:00:51.845291+09:00,gs_db,BOTAN,1 65942U 98067XP  25360.45326459  .00109640  00000+0  10505-2 0  9992,2 65942  51.6278  69.8667 0003564 346.4862  13.6037 15.65808737 12014
2025-12-27T09:00:56.479466+09:00,gs_db,BOTAN,1 65942U 98067XP  25360.45326459  .00109640  00000+0  10505-2 0  9992,2 65942  51.6278  69.8667 0003564 346.4862  13.6037 15.65808737 12014
2025-12-27T12:00:15.457529+09:00,gs_db,BOTAN,1 65942U 98067XP  25360.45326459  .00109640  00000+0  10505-2 0  9992,2 65942  51.6278  69.8667 0003564 346.4862  13.6037 15.65808737 12014
2025-12-27T15:00:17.695186+09:00,gs_db,BOTAN,1 65942U 98067XP  25360.90000154  .00132903  00000+0  12627-2 0  9998,2 65942  51.6276  67.6002 0003620 350.1731   9.9193 15.65926329 12087
2025-12-27T15:00:20.164868+09:00,gs_db,BOTAN,1 65942U 98067XP  25360.90000154  .00132903  00000+0  12627-2 0  9998,2 65942  51.6276  67.6002 0003620 350.1731   9.9193 15.65926329 12087
2025-12-27T18:00:16.557392+09:00,gs_db,BOTAN,1 65942U 98067XP  25360.90000154  .00132903  00000+0  12627-2 0  9998,2 65942  51.6276  67.6002 0003620 350.1731   9.9193 15.65926329 12087
2025-12-27T21:00:17.701961+09:00,gs_db,BOTAN,1 65942U 98067XP  25360.90000154  .00132903  00000+0  12627-2 0  9998,2 65942  51.6276  67.6002 0003620 350.1731   9.9193 15.65926329 12087
2025-12-27T21:00:26.933204+09:00,gs_db,BOTAN,1 65942U 98067XP  25360.90000154  .00132903  00000+0  12627-2 0  9998,2 65942  51.6276  67.6002 0003620 350.1731   9.9193 15.65926329 12087
2025-12-28T00:00:11.622302+09:00,gs_db,BOTAN,1 65942U 98067XP  25361.21907921  .00122237  00000+0  11596-2 0  9994,2 65942  51.6275  65.9806 0003686 351.9823   8.1114 15.66006349 12134
2025-12-28T03:00:07.376178+09:00,gs_db,BOTAN,1 65942U 98067XP  25361.21907921  .00122237  00000+0  11596-2 0  9994,2 65942  51.6275  65.9806 0003686 351.9823   8.1114 15.66006349 12134
2025-12-28T03:00:14.237588+09:00,gs_db,BOTAN,1 65942U 98067XP  25361.21907921  .00122237  00000+0  11596-2 0  9994,2 65942  51.6275  65.9806 0003686 351.9823   8.1114 15.66006349 12134
2025-12-28T06:00:10.539745+09:00,gs_db,BOTAN,1 65942U 98067XP  25361.21907921  .00122237  00000+0  11596-2 0  9994,2 65942  51.6275  65.9806 0003686 351.9823   8.1114 15.66006349 12134
2025-12-28T09:01:03.405477+09:00,gs_db,BOTAN,1 65942U 98067XP  25361.21907921  .00122237  00000+0  11596-2 0  9994,2 65942  51.6275  65.9806 0003686 351.9823   8.1114 15.66006349 12134
2025-12-28T09:01:31.963455+09:00,gs_db,BOTAN,1 65942U 98067XP  25361.21907921  .00122237  00000+0  11596-2 0  9994,2 65942  51.6275  65.9806 0003686 351.9823   8.1114 15.66006349 12134
2025-12-28T12:00:20.774665+09:00,gs_db,BOTAN,1 65942U 98067XP  25361.21907921  .00122237  00000+0  11596-2 0  9994,2 65942  51.6275  65.9806 0003686 351.9823   8.1114 15.66006349 12134
2025-12-28T15:00:16.917711+09:00,gs_db,BOTAN,1 65942U 98067XP  25361.21907921  .00122237  00000+0  11596-2 0  9994,2 65942  51.6275  65.9806 0003686 351.9823   8.1114 15.66006349 12134
2025-12-28T15:00:24.931446+09:00,gs_db,BOTAN,1 65942U 98067XP  25361.21907921  .00122237  00000+0  11596-2 0  9994,2 65942  51.6275  65.9806 0003686 351.9823   8.1114 15.66006349 12134
2025-12-28T18:00:25.073126+09:00,gs_db,BOTAN,1 65942U 98067XP  25361.47432876  .00124180  00000+0  11745-2 0  9999,2 65942  51.6278  64.6845 0003653 353.2166   6.8780 15.66073914 12175
2025-12-28T21:00:28.948971+09:00,gs_db,BOTAN,1 65942U 98067XP  25361.47432876  .00124180  00000+0  11745-2 0  9999,2 65942  51.6278  64.6845 0003653 353.2166   6.8780 15.66073914 12175
2025-12-28T21:00:29.624129+09:00,gs_db,BOTAN,1 65942U 98067XP  25361.47432876  .00124180  00000+0  11745-2 0  9999,2 65942  51.6278  64.6845 0003653 353.2166   6.8780 15.66073914 12175
2025-12-29T00:00:15.922133+09:00,gs_db,BOTAN,1 65942U 98067XP  25362.17620621  .00146908  00000+0  13733-2 0  9995,2 65942  51.6280  61.1216 0003798 358.1911   1.9070 15.66277440 12284
2025-12-29T03:00:16.52203+09:00,gs_db,BOTAN,1 65942U 98067XP  25362.17620621  .00146908  00000+0  13733-2 0  9995,2 65942  51.6280  61.1216 0003798 358.1911   1.9070 15.66277440 12284
2025-12-29T03:00:17.806849+09:00,gs_db,BOTAN,1 65942U 98067XP  25362.17620621  .00146908  00000+0  13733-2 0  9995,2 65942  51.6280  61.1216 0003798 358.1911   1.9070 15.66277440 12284
2025-12-29T06:00:17.382306+09:00,gs_db,BOTAN,1 65942U 98067XP  25362.43141189  .00145148  00000+0  13533-2 0  9994,2 65942  51.6282  59.8249 0003790 359.7560   0.3434 15.66350240 12327
2025-12-29T09:01:02.880395+09:00,gs_db,BOTAN,1 65942U 98067XP  25362.43141189  .00145148  00000+0  13533-2 0  9994,2 65942  51.6282  59.8249 0003790 359.7560   0.3434 15.66350240 12327
2025-12-29T09:01:13.33182+09:00,gs_db,BOTAN,1 65942U 98067XP  25362.43141189  .00145148  00000+0  13533-2 0  9994,2 65942  51.6282  59.8249 0003790 359.7560   0.3434 15.66350240 12327
2025-12-29T12:00:19.325237+09:00,gs_db,BOTAN,1 65942U 98067XP  25362.43141189  .00145148  00000+0  13533-2 0  9994,2 65942  51.6282  59.8249 0003790 359.7560   0.3434 15.66350240 12327
2025-12-29T15:00:20.525555+09:00,gs_db,BOTAN,1 65942U 98067XP  25362.43141189  .00145148  00000+0  13533-2 0  9994,2 65942  51.6282  59.8249 0003790 359.7560   0.3434 15.66350240 12327
2025-12-29T15:00:21.31997+09:00,gs_db,BOTAN,1 65942U 98067XP  25362.43141189  .00145148  00000+0  13533-2 0  9994,2 65942  51.6282  59.8249 0003790 359.7560   0.3434 15.66350240 12327
2025-12-29T18:00:19.836767+09:00,gs_db,BOTAN,1 65942U 98067XP  25362.87799181  .00155553  00000+0  14401-2 0  9999,2 65942  51.6282  57.5575 0003924   3.5779 356.5245 15.66486827 12393
2025-12-29T21:00:31.279854+09:00,gs_db,BOTAN,1 65942U 98067XP  25362.87799181  .00155553  00000+0  14401-2 0  9999,2 65942  51.6282  57.5575 0003924   3.5779 356.5245 15.66486827 12393
2025-12-29T21:00:32.952112+09:00,gs_db,BOTAN,1 65942U 98067XP  25362.87799181  .00155553  00000+0  14401-2 0  9999,2 65942  51.6282  57.5575 0003924   3.5779 356.5245 15.66486827 12393
2025-12-30T00:00:22.763867+09:00,gs_db,BOTAN,1 65942U 98067XP  25362.87799181  .00155553  00000+0  14401-2 0  9999,2 65942  51.6282  57.5575 0003924   3.5779 356.5245 15.66486827 12393
2025-12-30T03:00:18.22814+09:00,gs_db,BOTAN,1 65942U 98067XP  25362.87799181  .00155553  00000+0  14401-2 0  9999,2 65942  51.6282  57.5575 0003924   3.5779 356.5245 15.66486827 12393
2025-12-30T03:00:23.217033+09:00,gs_db,BOTAN,1 65942U 98067XP  25362.87799181  .00155553  00000+0  14401-2 0  9999,2 65942  51.6282  57.5575 0003924   3.5779 356.5245 15.66486827 12393
2025-12-30T06:00:28.731579+09:00,gs_db,BOTAN,1 65942U 98067XP  25362.87799181  .00155553  00000+0  14401-2 0  9999,2 65942  51.6282  57.5575 0003924   3.5779 356.5245 15.66486827 12393
2025-12-30T09:00:33.833516+09:00,gs_db,BOTAN,1 65942U 98067XP  25363.38831920  .00159209  00000+0  14634-2 0  9994,2 65942  51.6280  54.9645 0003949   6.1165 353.9879 15.66651732 12477
2025-12-30T09:00:48.900637+09:00,gs_db,BOTAN,1 65942U 98067XP  25363.38831920  .00159209  00000+0  14634-2 0  9994,2 65942  51.6280  54.9645 0003949   6.1165 353.9879 15.66651732 12477
2025-12-30T12:00:11.531708+09:00,gs_db,BOTAN,1 65942U 98067XP  25363.38831920  .00159209  00000+0  14634-2 0  9994,2 65942  51.6280  54.9645 0003949   6.1165 353.9879 15.66651732 12477
2025-12-30T15:00:15.16467+09:00,gs_db,BOTAN,1 65942U 98067XP  25363.38831920  .00159209  00000+0  14634-2 0  9994,2 65942  51.6280  54.9645 0003949   6.1165 353.9879 15.66651732 12477
2025-12-30T15:00:24.201307+09:00,gs_db,BOTAN,1 65942U 98067XP  25363.38831920  .00159209  00000+0  14634-2 0  9994,2 65942  51.6280  54.9645 0003949   6.1165 353.9879 15.66651732 12477
2025-12-30T18:00:20.637654+09:00,gs_db,BOTAN,1 65942U 98067XP  25363.38831920  .00159209  00000+0  14634-2 0  9994,2 65942  51.6280  54.9645 0003949   6.1165 353.9879 15.66651732 12477
2025-12-30T21:00:15.139905+09:00,gs_db,BOTAN,1 65942U 98067XP  25363.38831920  .00159209  00000+0  14634-2 0  9994,2 65942  51.6280  54.9645 0003949   6.1165 353.9879 15.66651732 12477
2025-12-30T21:00:23.980151+09:00,gs_db,BOTAN,1 65942U 98067XP  25363.38831920  .00159209  00000+0  14634-2 0  9994,2 65942  51.6280  54.9645 0003949   6.1165 353.9879 15.66651732 12477
2025-12-31T00:00:11.353452+09:00,gs_db,BOTAN,1 65942U 98067XP  25364.21748474  .00162855  00000+0  14794-2 0  9996,2 65942  51.6281  50.7516 0004062  11.1337 348.9748 15.66929899 12609
2025-12-31T03:00:16.272292+09:00,gs_db,BOTAN,1 65942U 98067XP  25364.21748474  .00162855  00000+0  14794-2 0  9996,2 65942  51.6281  50.7516 0004062  11.1337 348.9748 15.66929899 12609
2025-12-31T03:00:17.915113+09:00,gs_db,BOTAN,1 65942U 98067XP  25364.21748474  .00162855  00000+0  14794-2 0  9996,2 65942  51.6281  50.7516 0004062  11.1337 348.9748 15.66929899 12609
2025-12-31T06:00:21.923376+09:00,gs_db,BOTAN,1 65942U 98067XP  25364.53635657  .00167515  00000+0  15144-2 0  9997,2 65942  51.6282  49.1302 0004053  14.4152 345.6959 15.67032425 12650
2025-12-31T09:00:40.625414+09:00,gs_db,BOTAN,1 65942U 98067XP  25364.53635657  .00167515  00000+0  15144-2 0  9997,2 65942  51.6282  49.1302 0004053  14.4152 345.6959 15.67032425 12650
2025-12-31T09:00:45.666163+09:00,gs_db,BOTAN,1 65942U 98067XP  25364.53635657  .00167515  00000+0  15144-2 0  9997,2 65942  51.6282  49.1302 0004053  14.4152 345.6959 15.67032425 12650
2025-12-31T12:00:22.233837+09:00,gs_db,BOTAN,1 65942U 98067XP  25364.53635657  .00167515  00000+0  15144-2 0  9997,2 65942  51.6282  49.1302 0004053  14.4152 345.6959 15.67032425 12650
2025-12-31T15:00:20.045338+09:00,gs_db,BOTAN,1 65942U 98067XP  25364.53635657  .00167515  00000+0  15144-2 0  9997,2 65942  51.6282  49.1302 0004053  14.4152 345.6959 15.67032425 12650
2025-12-31T15:00:23.595983+09:00,gs_db,BOTAN,1 65942U 98067XP  25364.53635657  .00167515  00000+0  15144-2 0  9997,2 65942  51.6282  49.1302 0004053  14.4152 345.6959 15.67032425 12650
2025-12-31T18:00:23.766626+09:00,gs_db,BOTAN,1 65942U 98067XP  25364.53635657  .00167515  00000+0  15144-2 0  9997,2 65942  51.6282  49.1302 0004053  14.4152 345.6959 15.67032425 12650
2025-12-31T21:00:25.460474+09:00,gs_db,BOTAN,1 65942U 98067XP  25364.53635657  .00167515  00000+0  15144-2 0  9997,2 65942  51.6282  49.1302 0004053  14.4152 345.6959 15.67032425 12650
2025-12-31T21:00:29.813698+09:00,gs_db,BOTAN,1 65942U 98067XP  25364.53635657  .00167515  00000+0  15144-2 0  9997,2 65942  51.6282  49.1302 0004053  14.4152 345.6959 15.67032425 12650
2026-01-01T00:00:24.550164+09:00,gs_db,BOTAN,1 65942U 98067XP  25365.30155815  .00163562  00000+0  14639-2 0  9992,2 65942  51.6280  45.2399 0004189  18.6409 341.4740 15.67293669 12776
2026-01-01T03:00:17.34353+09:00,gs_db,BOTAN,1 65942U 98067XP  25365.30155815  .00163562  00000+0  14639-2 0  9992,2 65942  51.6280  45.2399 0004189  18.6409 341.4740 15.67293669 12776
2026-01-01T03:00:20.28976+09:00,gs_db,BOTAN,1 65942U 98067XP  25365.30155815  .00163562  00000+0  14639-2 0  9992,2 65942  51.6280  45.2399 0004189  18.6409 341.4740 15.67293669 12776
2026-01-01T06:00:25.022314+09:00,gs_db,BOTAN,1 65942U 98067XP  25365.36531916  .00164057  00000+0  14670-2 0  9993,2 65942  51.6280  44.9156 0004179  19.0341 341.0810 15.67314606 12782
2026-01-01T09:00:40.188262+09:00,gs_db,BOTAN,1 65942U 98067XP  25365.36531916  .00164057  00000+0  14670-2 0  9993,2 65942  51.6280  44.9156 0004179  19.0341 341.0810 15.67314606 12782
2026-01-01T09:00:44.962662+09:00,gs_db,BOTAN,1 65942U 98067XP  25365.36531916  .00164057  00000+0  14670-2 0  9993,2 65942  51.6280  44.9156 0004179  19.0341 341.0810 15.67314606 12782
2026-01-01T12:00:21.266888+09:00,gs_db,BOTAN,1 65942U 98067XP  25365.36531916  .00164057  00000+0  14670-2 0  9993,2 65942  51.6280  44.9156 0004179  19.0341 341.0810 15.67314606 12782
2026-01-01T15:00:23.558013+09:00,gs_db,BOTAN,1 65942U 98067XP  25365.36531916  .00164057  00000+0  14670-2 0  9993,2 65942  51.6280  44.9156 0004179  19.0341 341.0810 15.67314606 12782
2026-01-01T15:00:24.305232+09:00,gs_db,BOTAN,1 65942U 98067XP  25365.36531916  .00164057  00000+0  14670-2 0  9993,2 65942  51.6280  44.9156 0004179  19.0341 341.0810 15.67314606 12782
2026-01-01T18:00:24.64601+09:00,gs_db,BOTAN,1 65942U 98067XP  25365.36531916  .00164057  00000+0  14670-2 0  9993,2 65942  51.6280  44.9156 0004179  19.0341 341.0810 15.67314606 12782
2026-01-01T21:00:25.36117+09:00,gs_db,BOTAN,1 65942U 98067XP  25365.36531916  .00164057  00000+0  14670-2 0  9993,2 65942  51.6280  44.9156 0004179  19.0341 341.0810 15.67314606 12782
2026-01-01T21:00:35.886862+09:00,gs_db,BOTAN,1 65942U 98067XP  25365.36531916  .00164057  00000+0  14670-2 0  9993,2 65942  51.6280  44.9156 0004179  19.0341 341.0810 15.67314606 12782
2026-01-02T00:00:22.924548+09:00,gs_db,BOTAN,1 65942U 98067XP  26001.19413257  .00168920  00000+0  14921-2 0  9991,2 65942  51.6275  40.7004 0004300  24.2300 335.8897 15.67599419 12919
2026-01-02T03:00:16.839628+09:00,gs_db,BOTAN,1 65942U 98067XP  26001.19413257  .00168920  00000+0  14921-2 0  9991,2 65942  51.6275  40.7004 0004300  24.2300 335.8897 15.67599419 12919
2026-01-02T03:00:18.392768+09:00,gs_db,BOTAN,1 65942U 98067XP  26001.19413257  .00168920  00000+0  14921-2 0  9991,2 65942  51.6275  40.7004 0004300  24.2300 335.8897 15.67599419 12919
2026-01-02T06:00:30.073772+09:00,gs_db,BOTAN,1 65942U 98067XP  26001.32162869  .00169962  00000+0  14984-2 0  9992,2 65942  51.6277  40.0514 0004280  24.9274 335.1928 15.67643310 12934
2026-01-02T09:01:06.659775+09:00,gs_db,BOTAN,1 65942U 98067XP  26001.32162869  .00169962  00000+0  14984-2 0  9992,2 65942  51.6277  40.0514 0004280  24.9274 335.1928 15.67643310 12934
2026-01-02T09:01:26.03407+09:00,gs_db,BOTAN,1 65942U 98067XP  26001.32162869  .00169962  00000+0  14984-2 0  9992,2 65942  51.6277  40.0514 0004280  24.9274 335.1928 15.67643310 12934
2026-01-02T12:00:17.048449+09:00,gs_db,BOTAN,1 65942U 98067XP  26001.32162869  .00169962  00000+0  14984-2 0  9992,2 65942  51.6277  40.0514 0004280  24.9274 335.1928 15.67643310 12934
2026-01-02T15:00:16.034116+09:00,gs_db,BOTAN,1 65942U 98067XP  26001.95905527  .00181053  00000+0  15792-2 0  9990,2 65942  51.6276  36.8072 0004324  27.9219 332.2009 15.67867696 13031
2026-01-02T15:00:18.350143+09:00,gs_db,BOTAN,1 65942U 98067XP  26001.95905527  .00181053  00000+0  15792-2 0  9990,2 65942  51.6276  36.8072 0004324  27.9219 332.2009 15.67867696 13031
2026-01-02T18:00:19.741718+09:00,gs_db,BOTAN,1 65942U 98067XP  26001.95905527  .00181053  00000+0  15792-2 0  9990,2 65942  51.6276  36.8072 0004324  27.9219 332.2009 15.67867696 13031
2026-01-02T21:00:12.897987+09:00,gs_db,BOTAN,1 65942U 98067XP  26001.95905527  .00181053  00000+0  15792-2 0  9990,2 65942  51.6276  36.8072 0004324  27.9219 332.2009 15.67867696 13031
2026-01-02T21:00:22.112751+09:00,gs_db,BOTAN,1 65942U 98067XP  26001.95905527  .00181053  00000+0  15792-2 0  9990,2 65942  51.6276  36.8072 0004324  27.9219 332.2009 15.67867696 13031
2026-01-03T00:00:07.352724+09:00,gs_db,BOTAN,1 65942U 98067XP  26002.15026489  .00185347  00000+0  16109-2 0  9997,2 65942  51.6277  35.8337 0004304  29.4049 330.7189 15.67940864 13065
2026-01-03T03:00:04.710142+09:00,gs_db,BOTAN,1 65942U 98067XP  26002.15026489  .00185347  00000+0  16109-2 0  9997,2 65942  51.6277  35.8337 0004304  29.4049 330.7189 15.67940864 13065
2026-01-03T03:00:17.146538+09:00,gs_db,BOTAN,1 65942U 98067XP  26002.15026489  .00185347  00000+0  16109-2 0  9997,2 65942  51.6277  35.8337 0004304  29.4049 330.7189 15.67940864 13065
2026-01-03T06:00:10.057651+09:00,gs_db,BOTAN,1 65942U 98067XP  26002.15026489  .00185347  00000+0  16109-2 0  9997,2 65942  51.6277  35.8337 0004304  29.4049 330.7189 15.67940864 13065
2026-01-03T09:00:29.380827+09:00,gs_db,BOTAN,1 65942U 98067XP  26002.15026489  .00185347  00000+0  16109-2 0  9997,2 65942  51.6277  35.8337 0004304  29.4049 330.7189 15.67940864 13065
2026-01-03T09:01:03.79964+09:00,gs_db,BOTAN,1 65942U 98067XP  26002.15026489  .00185347  00000+0  16109-2 0  9997,2 65942  51.6277  35.8337 0004304  29.4049 330.7189 15.67940864 13065
2026-01-03T12:00:21.217707+09:00,gs_db,BOTAN,1 65942U 98067XP  26002.34146575  .00183966  00000+0  15946-2 0  9990,2 65942  51.6277  34.8604 0004342  30.4059 329.7188 15.68011039 13090
2026-01-03T15:00:16.221779+09:00,gs_db,BOTAN,1 65942U 98067XP  26002.78757010  .00175992  00000+0  15176-2 0  9995,2 65942  51.6274  32.5891 0004412  33.2425 326.8848 15.68164206 13160
2026-01-03T15:00:21.139338+09:00,gs_db,BOTAN,1 65942U 98067XP  26002.78757010  .00175992  00000+0  15176-2 0  9995,2 65942  51.6274  32.5891 0004412  33.2425 326.8848 15.68164206 13160
2026-01-03T18:00:25.398782+09:00,gs_db,BOTAN,1 65942U 98067XP  26002.78757010  .00175992  00000+0  15176-2 0  9995,2 65942  51.6274  32.5891 0004412  33.2425 326.8848 15.68164206 13160
2026-01-03T21:00:24.584002+09:00,gs_db,BOTAN,1 65942U 98067XP  26002.78757010  .00175992  00000+0  15176-2 0  9995,2 65942  51.6274  32.5891 0004412  33.2425 326.8848 15.68164206 13160
2026-01-03T21:00:27.320815+09:00,gs_db,BOTAN,1 65942U 98067XP  26002.78757010  .00175992  00000+0  15176-2 0  9995,2 65942  51.6274  32.5891 0004412  33.2425 326.8848 15.68164206 13160
2026-01-04T00:00:18.040897+09:00,gs_db,BOTAN,1 65942U 98067XP  26003.10618864  .00185038  00000+0  15861-2 0  9998,2 65942  51.6272  30.9665 0004417  35.2336 324.8952 15.68280980 13215
2026-01-04T03:00:22.795406+09:00,gs_db,BOTAN,1 65942U 98067XP  26003.10618864  .00185038  00000+0  15861-2 0  9998,2 65942  51.6272  30.9665 0004417  35.2336 324.8952 15.68280980 13215
2026-01-04T03:00:23.157694+09:00,gs_db,BOTAN,1 65942U 98067XP  26003.10618864  .00185038  00000+0  15861-2 0  9998,2 65942  51.6272  30.9665 0004417  35.2336 324.8952 15.68280980 13215
2026-01-04T06:00:31.353007+09:00,gs_db,BOTAN,1 65942U 98067XP  26003.36106484  .00199480  00000+0  16993-2 0  9999,2 65942  51.6271  29.6684 0004416  36.8613 323.2687 15.68383653 13257
2026-01-04T09:02:30.702023+09:00,gs_db,BOTAN,1 65942U 98067XP  26003.36106484  .00199480  00000+0  16993-2 0  9999,2 65942  51.6271  29.6684 0004416  36.8613 323.2687 15.68383653 13257
2026-01-04T09:03:12.904348+09:00,gs_db,BOTAN,1 65942U 98067XP  26003.36106484  .00199480  00000+0  16993-2 0  9999,2 65942  51.6271  29.6684 0004416  36.8613 323.2687 15.68383653 13257
2026-01-04T12:00:22.749619+09:00,gs_db,BOTAN,1 65942U 98067XP  26003.36106484  .00199480  00000+0  16993-2 0  9999,2 65942  51.6271  29.6684 0004416  36.8613 323.2687 15.68383653 13257
2026-01-04T15:00:17.978759+09:00,gs_db,BOTAN,1 65942U 98067XP  26003.36106484  .00199480  00000+0  16993-2 0  9999,2 65942  51.6271  29.6684 0004416  36.8613 323.2687 15.68383653 13257
2026-01-04T15:00:18.423474+09:00,gs_db,BOTAN,1 65942U 98067XP  26003.36106484  .00199480  00000+0  16993-2 0  9999,2 65942  51.6271  29.6684 0004416  36.8613 323.2687 15.68383653 13257
2026-01-04T18:00:21.834808+09:00,gs_db,BOTAN,1 65942U 98067XP  26003.36106484  .00199480  00000+0  16993-2 0  9999,2 65942  51.6271  29.6684 0004416  36.8613 323.2687 15.68383653 13257
2026-01-04T21:00:26.901098+09:00,gs_db,BOTAN,1 65942U 98067XP  26003.36106484  .00199480  00000+0  16993-2 0  9999,2 65942  51.6271  29.6684 0004416  36.8613 323.2687 15.68383653 13257
2026-01-04T21:00:28.867362+09:00,gs_db,BOTAN,1 65942U 98067XP  26003.36106484  .00199480  00000+0  16993-2 0  9999,2 65942  51.6271  29.6684 0004416  36.8613 323.2687 15.68383653 13257
2026-01-05T00:00:21.468878+09:00,gs_db,BOTAN,1 65942U 98067XP  26004.25301789  .00151036  00000+0  12797-2 0  9996,2 65942  51.6274  25.1235 0004463  42.1380 317.9959 15.68681274 13393
2026-01-05T03:00:16.61952+09:00,gs_db,BOTAN,1 65942U 98067XP  26004.25301789  .00151036  00000+0  12797-2 0  9996,2 65942  51.6274  25.1235 0004463  42.1380 317.9959 15.68681274 13393
2026-01-05T03:00:17.727157+09:00,gs_db,BOTAN,1 65942U 98067XP  26004.25301789  .00151036  00000+0  12797-2 0  9996,2 65942  51.6274  25.1235 0004463  42.1380 317.9959 15.68681274 13393
2026-01-05T06:00:25.565583+09:00,gs_db,BOTAN,1 65942U 98067XP  26004.25301789  .00151036  00000+0  12797-2 0  9996,2 65942  51.6274  25.1235 0004463  42.1380 317.9959 15.68681274 13393
2026-01-05T09:00:45.999134+09:00,gs_db,BOTAN,1 65942U 98067XP  26004.31672235  .00152239  00000+0  12886-2 0  9995,2 65942  51.6276  24.7989 0004438  42.1697 317.9640 15.68701576 13406
2026-01-05T09:00:49.934168+09:00,gs_db,BOTAN,1 65942U 98067XP  26004.31672235  .00152239  00000+0  12886-2 0  9995,2 65942  51.6276  24.7989 0004438  42.1697 317.9640 15.68701576 13406
2026-01-05T12:00:22.56562+09:00,gs_db,BOTAN,1 65942U 98067XP  26004.31672235  .00152239  00000+0  12886-2 0  9995,2 65942  51.6276  24.7989 0004438  42.1697 317.9640 15.68701576 13406
2026-01-05T15:00:20.749074+09:00,gs_db,BOTAN,1 65942U 98067XP  26004.31672235  .00152239  00000+0  12886-2 0  9995,2 65942  51.6276  24.7989 0004438  42.1697 317.9640 15.68701576 13406
2026-01-05T15:00:20.859099+09:00,gs_db,BOTAN,1 65942U 98067XP  26004.31672235  .00152239  00000+0  12886-2 0  9995,2 65942  51.6276  24.7989 0004438  42.1697 317.9640 15.68701576 13406
2026-01-05T18:00:23.7303+09:00,gs_db,BOTAN,1 65942U 98067XP  26004.31672235  .00152239  00000+0  12886-2 0  9995,2 65942  51.6276  24.7989 0004438  42.1697 317.9640 15.68701576 13406
2026-01-05T21:00:24.592512+09:00,gs_db,BOTAN,1 65942U 98067XP  26004.31672235  .00152239  00000+0  12886-2 0  9995,2 65942  51.6276  24.7989 0004438  42.1697 317.9640 15.68701576 13406
2026-01-05T21:00:28.85445+09:00,gs_db,BOTAN,1 65942U 98067XP  26004.31672235  .00152239  00000+0  12886-2 0  9995,2 65942  51.6276  24.7989 0004438  42.1697 317.9640 15.68701576 13406
2026-01-06T00:00:24.892159+09:00,gs_db,BOTAN,1 65942U 98067XP  26005.27220087  .00168177  00000+0  14036-2 0  9992,2 65942  51.6277  19.9288 0004507  48.4983 311.6401 15.68988816 13555
2026-01-06T03:00:16.280226+09:00,gs_db,BOTAN,1 65942U 98067XP  26005.27220087  .00168177  00000+0  14036-2 0  9992,2 65942  51.6277  19.9288 0004507  48.4983 311.6401 15.68988816 13555
2026-01-06T03:00:21.4619+09:00,gs_db,BOTAN,1 65942U 98067XP  26005.27220087  .00168177  00000+0  14036-2 0  9992,2 65942  51.6277  19.9288 0004507  48.4983 311.6401 15.68988816 13555
2026-01-06T06:00:14.758856+09:00,gs_db,BOTAN,1 65942U 98067XP  26005.27220087  .00168177  00000+0  14036-2 0  9992,2 65942  51.6277  19.9288 0004507  48.4983 311.6401 15.68988816 13555
2026-01-06T09:00:23.770941+09:00,gs_db,BOTAN,1 65942U 98067XP  26005.27220087  .00168177  00000+0  14036-2 0  9992,2 65942  51.6277  19.9288 0004507  48.4983 311.6401 15.68988816 13555
2026-01-06T09:00:45.108494+09:00,gs_db,BOTAN,1 65942U 98067XP  26005.27220087  .00168177  00000+0  14036-2 0  9992,2 65942  51.6277  19.9288 0004507  48.4983 311.6401 15.68988816 13555
2026-01-06T12:00:13.46593+09:00,gs_db,BOTAN,1 65942U 98067XP  26005.27220087  .00168177  00000+0  14036-2 0  9992,2 65942  51.6277  19.9288 0004507  48.4983 311.6401 15.68988816 13555
2026-01-06T15:00:07.471641+09:00,gs_db,BOTAN,1 65942U 98067XP  26005.27220087  .00168177  00000+0  14036-2 0  9992,2 65942  51.6277  19.9288 0004507  48.4983 311.6401 15.68988816 13555
2026-01-06T15:00:13.65165+09:00,gs_db,BOTAN,1 65942U 98067XP  26005.27220087  .00168177  00000+0  14036-2 0  9992,2 65942  51.6277  19.9288 0004507  48.4983 311.6401 15.68988816 13555
2026-01-06T18:00:05.964845+09:00,gs_db,BOTAN,1 65942U 98067XP  26005.27220087  .00168177  00000+0  14036-2 0  9992,2 65942  51.6277  19.9288 0004507  48.4983 311.6401 15.68988816 13555
2026-01-06T21:00:24.37728+09:00,gs_db,BOTAN,1 65942U 98067XP  26005.27220087  .00168177  00000+0  14036-2 0  9992,2 65942  51.6277  19.9288 0004507  48.4983 311.6401 15.68988816 13555
2026-01-06T21:00:28.694833+09:00,gs_db,BOTAN,1 65942U 98067XP  26005.27220087  .00168177  00000+0  14036-2 0  9992,2 65942  51.6277  19.9288 0004507  48.4983 311.6401 15.68988816 13555
2026-01-07T00:00:24.817003+09:00,gs_db,BOTAN,1 65942U 98067XP  26005.27220087  .00168177  00000+0  14036-2 0  9992,2 65942  51.6277  19.9288 0004507  48.4983 311.6401 15.68988816 13555
2026-01-07T03:00:15.685278+09:00,gs_db,BOTAN,1 65942U 98067XP  26005.27220087  .00168177  00000+0  14036-2 0  9992,2 65942  51.6277  19.9288 0004507  48.4983 311.6401 15.68988816 13555
2026-01-07T03:00:19.50685+09:00,gs_db,BOTAN,1 65942U 98067XP  26005.27220087  .00168177  00000+0  14036-2 0  9992,2 65942  51.6277  19.9288 0004507  48.4983 311.6401 15.68988816 13555
2026-01-07T06:00:29.406104+09:00,gs_db,BOTAN,1 65942U 98067XP  26005.27220087  .00168177  00000+0  14036-2 0  9992,2 65942  51.6277  19.9288 0004507  48.4983 311.6401 15.68988816 13555
2026-01-07T09:00:22.170358+09:00,gs_db,BOTAN,1 65942U 98067XP  26005.27220087  .00168177  00000+0  14036-2 0  9992,2 65942  51.6277  19.9288 0004507  48.4983 311.6401 15.68988816 13555
2026-01-07T09:00:48.785105+09:00,gs_db,BOTAN,1 65942U 98067XP  26005.27220087  .00168177  00000+0  14036-2 0  9992,2 65942  51.6277  19.9288 0004507  48.4983 311.6401 15.68988816 13555
2026-01-07T12:00:10.348392+09:00,gs_db,BOTAN,1 65942U 98067XP  26005.27220087  .00168177  00000+0  14036-2 0  9992,2 65942  51.6277  19.9288 0004507  48.4983 311.6401 15.68988816 13555
2026-01-07T15:00:11.829076+09:00,gs_db,BOTAN,1 65942U 98067XP  26005.27220087  .00168177  00000+0  14036-2 0  9992,2 65942  51.6277  19.9288 0004507  48.4983 311.6401 15.68988816 13555
2026-01-07T15:00:21.503138+09:00,gs_db,BOTAN,1 65942U 98067XP  26005.27220087  .00168177  00000+0  14036-2 0  9992,2 65942  51.6277  19.9288 0004507  48.4983 311.6401 15.68988816 13555
2026-01-07T18:00:37.676814+09:00,gs_db,BOTAN,1 65942U 98067XP  26005.27220087  .00168177  00000+0  14036-2 0  9992,2 65942  51.6277  19.9288 0004507  48.4983 311.6401 15.68988816 13555
2026-01-07T19:25:13.463238+09:00,gs_db,BOTAN,1 65942U 98067XP  26005.27220087  .00168177  00000+0  14036-2 0  9992,2 65942  51.6277  19.9288 0004507  48.4983 311.6401 15.68988816 13555
2026-01-07T19:25:46.237605+09:00,gs_db,BOTAN,1 65942U 98067XP  26005.27220087  .00168177  00000+0  14036-2 0  9992,2 65942  51.6277  19.9288 0004507  48.4983 311.6401 15.68988816 13555
2026-01-07T21:00:04.491198+09:00,gs_db,BOTAN,1 65942U 98067XP  26005.27220087  .00168177  00000+0  14036-2 0  9992,2 65942  51.6277  19.9288 0004507  48.4983 311.6401 15.68988816 13555
2026-01-07T21:00:26.28892+09:00,gs_db,BOTAN,1 65942U 98067XP  26005.27220087  .00168177  00000+0  14036-2 0  9992,2 65942  51.6277  19.9288 0004507  48.4983 311.6401 15.68988816 13555
2026-01-08T00:00:05.652868+09:00,gs_db,BOTAN,1 65942U 98067XP  26005.27220087  .00168177  00000+0  14036-2 0  9992,2 65942  51.6277  19.9288 0004507  48.4983 311.6401 15.68988816 13555
2026-01-08T03:00:08.875477+09:00,gs_db,BOTAN,1 65942U 98067XP  26005.27220087  .00168177  00000+0  14036-2 0  9992,2 65942  51.6277  19.9288 0004507  48.4983 311.6401 15.68988816 13555
2026-01-08T03:00:17.785578+09:00,gs_db,BOTAN,1 65942U 98067XP  26005.27220087  .00168177  00000+0  14036-2 0  9992,2 65942  51.6277  19.9288 0004507  48.4983 311.6401 15.68988816 13555
2026-01-08T06:00:15.856113+09:00,gs_db,BOTAN,1 65942U 98067XP  26007.24627023  .00134053  00000+0  10966-2 0  9996,2 65942  51.6274   9.8594 0004654  58.4232 301.7219 15.69595591 13867
2026-01-08T09:00:58.583736+09:00,gs_db,BOTAN,1 65942U 98067XP  26007.24627023  .00134053  00000+0  10966-2 0  9996,2 65942  51.6274   9.8594 0004654  58.4232 301.7219 15.69595591 13867
2026-01-08T09:01:15.155512+09:00,gs_db,BOTAN,1 65942U 98067XP  26007.24627023  .00134053  00000+0  10966-2 0  9996,2 65942  51.6274   9.8594 0004654  58.4232 301.7219 15.69595591 13867
2026-01-08T12:00:29.656292+09:00,gs_db,BOTAN,1 65942U 98067XP  26007.24627023  .00134053  00000+0  10966-2 0  9996,2 65942  51.6274   9.8594 0004654  58.4232 301.7219 15.69595591 13867
2026-01-08T15:00:21.122023+09:00,gs_db,BOTAN,1 65942U 98067XP  26007.24627023  .00134053  00000+0  10966-2 0  9996,2 65942  51.6274   9.8594 0004654  58.4232 301.7219 15.69595591 13867
2026-01-08T15:00:23.658013+09:00,gs_db,BOTAN,1 65942U 98067XP  26007.24627023  .00134053  00000+0  10966-2 0  9996,2 65942  51.6274   9.8594 0004654  58.4232 301.7219 15.69595591 13867
2026-01-08T18:02:02.313613+09:00,gs_db,BOTAN,1 65942U 98067XP  26007.94657461  .00137610  00000+0  11163-2 0  9994,2 65942  51.6269   6.2860 0004677  64.0992 296.0487 15.69784630 13978
2026-01-08T21:00:22.744869+09:00,gs_db,BOTAN,1 65942U 98067XP  26007.94657461  .00137610  00000+0  11163-2 0  9994,2 65942  51.6269   6.2860 0004677  64.0992 296.0487 15.69784630 13978
2026-01-08T21:00:27.240221+09:00,gs_db,BOTAN,1 65942U 98067XP  26007.94657461  .00137610  00000+0  11163-2 0  9994,2 65942  51.6269   6.2860 0004677  64.0992 296.0487 15.69784630 13978
2026-01-09T00:00:27.181364+09:00,gs_db,BOTAN,1 65942U 98067XP  26008.26486476  .00169323  00000+0  13611-2 0  9992,2 65942  51.6270   4.6605 0004651  66.4974 293.6511 15.69891545 14029
2026-01-09T03:00:16.390075+09:00,gs_db,BOTAN,1 65942U 98067XP  26008.26486476  .00169323  00000+0  13611-2 0  9992,2 65942  51.6270   4.6605 0004651  66.4974 293.6511 15.69891545 14029
2026-01-09T03:00:19.788207+09:00,gs_db,BOTAN,1 65942U 98067XP  26008.26486476  .00169323  00000+0  13611-2 0  9992,2 65942  51.6270   4.6605 0004651  66.4974 293.6511 15.69891545 14029
2026-01-09T06:00:37.153544+09:00,gs_db,BOTAN,1 65942U 98067XP  26008.26486476  .00169323  00000+0  13611-2 0  9992,2 65942  51.6270   4.6605 0004651  66.4974 293.6511 15.69891545 14029
2026-01-09T09:00:45.111601+09:00,gs_db,BOTAN,1 65942U 98067XP  26008.26486476  .00169323  00000+0  13611-2 0  9992,2 65942  51.6270   4.6605 0004651  66.4974 293.6511 15.69891545 14029
2026-01-09T09:01:15.406724+09:00,gs_db,BOTAN,1 65942U 98067XP  26008.26486476  .00169323  00000+0  13611-2 0  9992,2 65942  51.6270   4.6605 0004651  66.4974 293.6511 15.69891545 14029
2026-01-09T12:00:21.867284+09:00,gs_db,BOTAN,1 65942U 98067XP  26008.26486476  .00169323  00000+0  13611-2 0  9992,2 65942  51.6270   4.6605 0004651  66.4974 293.6511 15.69891545 14029
2026-01-09T15:00:17.518103+09:00,gs_db,BOTAN,1 65942U 98067XP  26008.26486476  .00169323  00000+0  13611-2 0  9992,2 65942  51.6270   4.6605 0004651  66.4974 293.6511 15.69891545 14029
2026-01-09T15:00:19.439965+09:00,gs_db,BOTAN,1 65942U 98067XP  26008.26486476  .00169323  00000+0  13611-2 0  9992,2 65942  51.6270   4.6605 0004651  66.4974 293.6511 15.69891545 14029
2026-01-09T18:00:56.135446+09:00,gs_db,BOTAN,1 65942U 98067XP  26008.26486476  .00169323  00000+0  13611-2 0  9992,2 65942  51.6270   4.6605 0004651  66.4974 293.6511 15.69891545 14029
2026-01-09T21:00:23.956091+09:00,gs_db,BOTAN,1 65942U 98067XP  26008.26486476  .00169323  00000+0  13611-2 0  9992,2 65942  51.6270   4.6605 0004651  66.4974 293.6511 15.69891545 14029
2026-01-09T21:00:27.441119+09:00,gs_db,BOTAN,1 65942U 98067XP  26008.26486476  .00169323  00000+0  13611-2 0  9992,2 65942  51.6270   4.6605 0004651  66.4974 293.6511 15.69891545 14029
2026-01-10T00:00:28.239144+09:00,gs_db,BOTAN,1 65942U 98067XP  26009.15596462  .00136977  00000+0  10935-2 0  9993,2 65942  51.6269   0.1105 0004693  71.5501 288.6006 15.70171491 14163
2026-01-10T03:00:20.898085+09:00,gs_db,BOTAN,1 65942U 98067XP  26009.15596462  .00136977  00000+0  10935-2 0  9993,2 65942  51.6269   0.1105 0004693  71.5501 288.6006 15.70171491 14163
2026-01-10T03:00:27.315886+09:00,gs_db,BOTAN,1 65942U 98067XP  26009.15596462  .00136977  00000+0  10935-2 0  9993,2 65942  51.6269   0.1105 0004693  71.5501 288.6006 15.70171491 14163
2026-01-10T06:00:27.846599+09:00,gs_db,BOTAN,1 65942U 98067XP  26009.15596462  .00136977  00000+0  10935-2 0  9993,2 65942  51.6269   0.1105 0004693  71.5501 288.6006 15.70171491 14163
2026-01-10T12:00:20.618396+09:00,gs_db,BOTAN,1 65942U 98067XP  26009.15596462  .00136977  00000+0  10935-2 0  9993,2 65942  51.6269   0.1105 0004693  71.5501 288.6006 15.70171491 14163
2026-01-10T15:00:18.549883+09:00,gs_db,BOTAN,1 65942U 98067XP  26009.15596462  .00136977  00000+0  10935-2 0  9993,2 65942  51.6269   0.1105 0004693  71.5501 288.6006 15.70171491 14163
2026-01-10T15:00:20.894817+09:00,gs_db,BOTAN,1 65942U 98067XP  26009.15596462  .00136977  00000+0  10935-2 0  9993,2 65942  51.6269   0.1105 0004693  71.5501 288.6006 15.70171491 14163
2026-01-10T18:00:47.958008+09:00,gs_db,BOTAN,1 65942U 98067XP  26009.66509236  .00153604  00000+0  12149-2 0  9997,2 65942  51.6267 357.5104 0004724  74.9009 285.2511 15.70335248 14249
2026-01-10T21:00:31.110562+09:00,gs_db,BOTAN,1 65942U 98067XP  26009.66509236  .00153604  00000+0  12149-2 0  9997,2 65942  51.6267 357.5104 0004724  74.9009 285.2511 15.70335248 14249
2026-01-10T21:00:44.417136+09:00,gs_db,BOTAN,1 65942U 98067XP  26009.66509236  .00153604  00000+0  12149-2 0  9997,2 65942  51.6267 357.5104 0004724  74.9009 285.2511 15.70335248 14249
2026-01-11T00:00:29.281193+09:00,gs_db,BOTAN,1 65942U 98067XP  26009.66509236  .00153604  00000+0  12149-2 0  9997,2 65942  51.6267 357.5104 0004724  74.9009 285.2511 15.70335248 14249
2026-01-11T03:00:21.258122+09:00,gs_db,BOTAN,1 65942U 98067XP  26009.66509236  .00153604  00000+0  12149-2 0  9997,2 65942  51.6267 357.5104 0004724  74.9009 285.2511 15.70335248 14249
2026-01-11T03:00:26.029617+09:00,gs_db,BOTAN,1 65942U 98067XP  26009.66509236  .00153604  00000+0  12149-2 0  9997,2 65942  51.6267 357.5104 0004724  74.9009 285.2511 15.70335248 14249
2026-01-11T06:00:33.962101+09:00,gs_db,BOTAN,1 65942U 98067XP  26009.66509236  .00153604  00000+0  12149-2 0  9997,2 65942  51.6267 357.5104 0004724  74.9009 285.2511 15.70335248 14249
2026-01-11T09:00:54.162871+09:00,gs_db,BOTAN,1 65942U 98067XP  26009.66509236  .00153604  00000+0  12149-2 0  9997,2 65942  51.6267 357.5104 0004724  74.9009 285.2511 15.70335248 14249
2026-01-11T09:01:01.106015+09:00,gs_db,BOTAN,1 65942U 98067XP  26009.66509236  .00153604  00000+0  12149-2 0  9997,2 65942  51.6267 357.5104 0004724  74.9009 285.2511 15.70335248 14249
2026-01-11T12:00:28.57029+09:00,gs_db,BOTAN,1 65942U 98067XP  26009.66509236  .00153604  00000+0  12149-2 0  9997,2 65942  51.6267 357.5104 0004724  74.9009 285.2511 15.70335248 14249
2026-01-11T15:00:25.821738+09:00,gs_db,BOTAN,1 65942U 98067XP  26009.66509236  .00153604  00000+0  12149-2 0  9997,2 65942  51.6267 357.5104 0004724  74.9009 285.2511 15.70335248 14249
2026-01-11T15:00:31.660547+09:00,gs_db,BOTAN,1 65942U 98067XP  26009.66509236  .00153604  00000+0  12149-2 0  9997,2 65942  51.6267 357.5104 0004724  74.9009 285.2511 15.70335248 14249
2026-01-11T18:00:33.595685+09:00,gs_db,BOTAN,1 65942U 98067XP  26009.66509236  .00153604  00000+0  12149-2 0  9997,2 65942  51.6267 357.5104 0004724  74.9009 285.2511 15.70335248 14249
2026-01-11T21:00:25.041113+09:00,gs_db,BOTAN,1 65942U 98067XP  26009.66509236  .00153604  00000+0  12149-2 0  9997,2 65942  51.6267 357.5104 0004724  74.9009 285.2511 15.70335248 14249
2026-01-11T21:00:30.351269+09:00,gs_db,BOTAN,1 65942U 98067XP  26009.66509236  .00153604  00000+0  12149-2 0  9997,2 65942  51.6267 357.5104 0004724  74.9009 285.2511 15.70335248 14249
2026-01-12T00:00:27.819859+09:00,gs_db,BOTAN,1 65942U 98067XP  26011.12857632  .00159045  00000+0  12354-2 0  9990,2 65942  51.6270 350.0311 0004754  82.6619 277.4919 15.70749769 14474
2026-01-12T03:00:20.224363+09:00,gs_db,BOTAN,1 65942U 98067XP  26011.12857632  .00159045  00000+0  12354-2 0  9990,2 65942  51.6270 350.0311 0004754  82.6619 277.4919 15.70749769 14474
2026-01-12T03:00:23.093749+09:00,gs_db,BOTAN,1 65942U 98067XP  26011.12857632  .00159045  00000+0  12354-2 0  9990,2 65942  51.6270 350.0311 0004754  82.6619 277.4919 15.70749769 14474
2026-01-12T06:00:31.447825+09:00,gs_db,BOTAN,1 65942U 98067XP  26011.12857632  .00159045  00000+0  12354-2 0  9990,2 65942  51.6270 350.0311 0004754  82.6619 277.4919 15.70749769 14474
2026-01-12T09:00:48.957581+09:00,gs_db,BOTAN,1 65942U 98067XP  26011.12857632  .00159045  00000+0  12354-2 0  9990,2 65942  51.6270 350.0311 0004754  82.6619 277.4919 15.70749769 14474
2026-01-12T09:00:59.048368+09:00,gs_db,BOTAN,1 65942U 98067XP  26011.12857632  .00159045  00000+0  12354-2 0  9990,2 65942  51.6270 350.0311 0004754  82.6619 277.4919 15.70749769 14474
2026-01-12T12:00:28.530029+09:00,gs_db,BOTAN,1 65942U 98067XP  26011.12857632  .00159045  00000+0  12354-2 0  9990,2 65942  51.6270 350.0311 0004754  82.6619 277.4919 15.70749769 14474
2026-01-12T15:00:31.010504+09:00,gs_db,BOTAN,1 65942U 98067XP  26011.95556749  .00166910  00000+0  12794-2 0  9993,2 65942  51.6267 345.8032 0004779  86.9222 273.2323 15.71040539 14604
2026-01-12T15:00:45.113116+09:00,gs_db,BOTAN,1 65942U 98067XP  26011.95556749  .00166910  00000+0  12794-2 0  9993,2 65942  51.6267 345.8032 0004779  86.9222 273.2323 15.71040539 14604
2026-01-12T18:00:42.274803+09:00,gs_db,BOTAN,1 65942U 98067XP  26011.95556749  .00166910  00000+0  12794-2 0  9993,2 65942  51.6267 345.8032 0004779  86.9222 273.2323 15.71040539 14604
2026-01-12T21:00:31.472632+09:00,gs_db,BOTAN,1 65942U 98067XP  26011.95556749  .00166910  00000+0  12794-2 0  9993,2 65942  51.6267 345.8032 0004779  86.9222 273.2323 15.71040539 14604
2026-01-12T21:00:35.859725+09:00,gs_db,BOTAN,1 65942U 98067XP  26011.95556749  .00166910  00000+0  12794-2 0  9993,2 65942  51.6267 345.8032 0004779  86.9222 273.2323 15.71040539 14604
2026-01-13T00:00:28.541613+09:00,gs_db,BOTAN,1 65942U 98067XP  26012.14639147  .00168828  00000+0  12904-2 0  9992,2 65942  51.6268 344.8269 0004776  88.7079 271.4466 15.71102759 14637
2026-01-13T03:00:17.353347+09:00,gs_db,BOTAN,1 65942U 98067XP  26012.14639147  .00168828  00000+0  12904-2 0  9992,2 65942  51.6268 344.8269 0004776  88.7079 271.4466 15.71102759 14637
2026-01-13T03:00:18.774362+09:00,gs_db,BOTAN,1 65942U 98067XP  26012.14639147  .00168828  00000+0  12904-2 0  9992,2 65942  51.6268 344.8269 0004776  88.7079 271.4466 15.71102759 14637
2026-01-13T06:00:34.210931+09:00,gs_db,BOTAN,1 65942U 98067XP  26012.14639147  .00168828  00000+0  12904-2 0  9992,2 65942  51.6268 344.8269 0004776  88.7079 271.4466 15.71102759 14637
2026-01-13T09:00:41.810507+09:00,gs_db,BOTAN,1 65942U 98067XP  26012.14639147  .00168828  00000+0  12904-2 0  9992,2 65942  51.6268 344.8269 0004776  88.7079 271.4466 15.71102759 14637
2026-01-13T09:00:45.655344+09:00,gs_db,BOTAN,1 65942U 98067XP  26012.14639147  .00168828  00000+0  12904-2 0  9992,2 65942  51.6268 344.8269 0004776  88.7079 271.4466 15.71102759 14637
2026-01-13T12:00:21.70068+09:00,gs_db,BOTAN,1 65942U 98067XP  26012.14639147  .00168828  00000+0  12904-2 0  9992,2 65942  51.6268 344.8269 0004776  88.7079 271.4466 15.71102759 14637
2026-01-13T15:00:29.17794+09:00,gs_db,BOTAN,1 65942U 98067XP  26012.14639147  .00168828  00000+0  12904-2 0  9992,2 65942  51.6268 344.8269 0004776  88.7079 271.4466 15.71102759 14637
2026-01-13T15:00:41.789069+09:00,gs_db,BOTAN,1 65942U 98067XP  26012.14639147  .00168828  00000+0  12904-2 0  9992,2 65942  51.6268 344.8269 0004776  88.7079 271.4466 15.71102759 14637
2026-01-13T18:00:44.319863+09:00,gs_db,BOTAN,1 65942U 98067XP  26012.20999686  .00160384  00000+0  12262-2 0  9992,2 65942  51.6268 344.5014 0004732  88.7806 271.3734 15.71124823 14646
2026-01-13T21:00:29.480529+09:00,gs_db,BOTAN,1 65942U 98067XP  26012.20999686  .00160384  00000+0  12262-2 0  9992,2 65942  51.6268 344.5014 0004732  88.7806 271.3734 15.71124823 14646
2026-01-13T21:00:33.196576+09:00,gs_db,BOTAN,1 65942U 98067XP  26012.20999686  .00160384  00000+0  12262-2 0  9992,2 65942  51.6268 344.5014 0004732  88.7806 271.3734 15.71124823 14646
2026-01-14T00:00:31.201748+09:00,gs_db,BOTAN,1 65942U 98067XP  26013.16400509  .00123618  00000+0  94035-3 0  9997,2 65942  51.6267 339.6215 0004783  94.7833 265.3711 15.71375969 14799
2026-01-14T03:00:13.461796+09:00,gs_db,BOTAN,1 65942U 98067XP  26013.16400509  .00123618  00000+0  94035-3 0  9997,2 65942  51.6267 339.6215 0004783  94.7833 265.3711 15.71375969 14799
2026-01-14T03:00:19.814906+09:00,gs_db,BOTAN,1 65942U 98067XP  26013.16400509  .00123618  00000+0  94035-3 0  9997,2 65942  51.6267 339.6215 0004783  94.7833 265.3711 15.71375969 14799
2026-01-14T06:00:45.650542+09:00,gs_db,BOTAN,1 65942U 98067XP  26013.60915885  .00117370  00000+0  88977-3 0  9990,2 65942  51.6262 337.3441 0004816  97.0128 263.1418 15.71481007 14869
2026-01-14T09:00:42.981105+09:00,gs_db,BOTAN,1 65942U 98067XP  26013.60915885  .00117370  00000+0  88977-3 0  9990,2 65942  51.6262 337.3441 0004816  97.0128 263.1418 15.71481007 14869
2026-01-14T09:00:53.445391+09:00,gs_db,BOTAN,1 65942U 98067XP  26013.60915885  .00117370  00000+0  88977-3 0  9990,2 65942  51.6262 337.3441 0004816  97.0128 263.1418 15.71481007 14869
2026-01-14T12:00:28.425966+09:00,gs_db,BOTAN,1 65942U 98067XP  26013.60915885  .00117370  00000+0  88977-3 0  9990,2 65942  51.6262 337.3441 0004816  97.0128 263.1418 15.71481007 14869
2026-01-14T15:00:17.420752+09:00,gs_db,BOTAN,1 65942U 98067XP  26013.60915885  .00117370  00000+0  88977-3 0  9990,2 65942  51.6262 337.3441 0004816  97.0128 263.1418 15.71481007 14869
2026-01-14T15:00:17.847682+09:00,gs_db,BOTAN,1 65942U 98067XP  26013.60915885  .00117370  00000+0  88977-3 0  9990,2 65942  51.6262 337.3441 0004816  97.0128 263.1418 15.71481007 14869
2026-01-14T18:00:38.355768+09:00,gs_db,BOTAN,1 65942U 98067XP  26013.60915885  .00117370  00000+0  88977-3 0  9990,2 65942  51.6262 337.3441 0004816  97.0128 263.1418 15.71481007 14869
2026-01-15T00:00:20.786121+09:00,gs_db,BOTAN,1 65942U 98067XP  26014.18145836  .00110159  00000+0  83178-3 0  9991,2 65942  51.6262 334.4147 0004802 100.6550 259.4989 15.71604384 14951
2026-01-15T03:00:15.213368+09:00,gs_db,BOTAN,1 65942U 98067XP  26014.18145836  .00110159  00000+0  83178-3 0  9991,2 65942  51.6262 334.4147 0004802 100.6550 259.4989 15.71604384 14951
2026-01-15T03:00:15.658366+09:00,gs_db,BOTAN,1 65942U 98067XP  26014.18145836  .00110159  00000+0  83178-3 0  9991,2 65942  51.6262 334.4147 0004802 100.6550 259.4989 15.71604384 14951
2026-01-15T06:00:37.061056+09:00,gs_db,BOTAN,1 65942U 98067XP  26014.18145836  .00110159  00000+0  83178-3 0  9991,2 65942  51.6262 334.4147 0004802 100.6550 259.4989 15.71604384 14951
2026-01-15T09:00:48.943015+09:00,gs_db,BOTAN,1 65942U 98067XP  26014.18145836  .00110159  00000+0  83178-3 0  9991,2 65942  51.6262 334.4147 0004802 100.6550 259.4989 15.71604384 14951
2026-01-15T09:01:01.518251+09:00,gs_db,BOTAN,1 65942U 98067XP  26014.18145836  .00110159  00000+0  83178-3 0  9991,2 65942  51.6262 334.4147 0004802 100.6550 259.4989 15.71604384 14951
2026-01-15T12:00:25.441983+09:00,gs_db,BOTAN,1 65942U 98067XP  26014.18145836  .00110159  00000+0  83178-3 0  9991,2 65942  51.6262 334.4147 0004802 100.6550 259.4989 15.71604384 14951
2026-01-15T15:00:14.776934+09:00,gs_db,BOTAN,1 65942U 98067XP  26014.18145836  .00110159  00000+0  83178-3 0  9991,2 65942  51.6262 334.4147 0004802 100.6550 259.4989 15.71604384 14951
2026-01-15T15:00:14.812013+09:00,gs_db,BOTAN,1 65942U 98067XP  26014.18145836  .00110159  00000+0  83178-3 0  9991,2 65942  51.6262 334.4147 0004802 100.6550 259.4989 15.71604384 14951
2026-01-15T18:00:17.535663+09:00,gs_db,BOTAN,1 65942U 98067XP  26014.94445475  .00105753  00000+0  79359-3 0  9997,2 65942  51.6265 330.5094 0004829 104.2748 255.8787 15.71768883 15075
2026-01-15T21:00:19.152454+09:00,gs_db,BOTAN,1 65942U 98067XP  26014.94445475  .00105753  00000+0  79359-3 0  9997,2 65942  51.6265 330.5094 0004829 104.2748 255.8787 15.71768883 15075
2026-01-15T21:00:25.235899+09:00,gs_db,BOTAN,1 65942U 98067XP  26014.94445475  .00105753  00000+0  79359-3 0  9997,2 65942  51.6265 330.5094 0004829 104.2748 255.8787 15.71768883 15075
2026-01-16T00:00:19.201441+09:00,gs_db,BOTAN,1 65942U 98067XP  26014.94445475  .00105753  00000+0  79359-3 0  9997,2 65942  51.6265 330.5094 0004829 104.2748 255.8787 15.71768883 15075
2026-01-16T03:00:09.95261+09:00,gs_db,BOTAN,1 65942U 98067XP  26014.94445475  .00105753  00000+0  79359-3 0  9997,2 65942  51.6265 330.5094 0004829 104.2748 255.8787 15.71768883 15075
2026-01-16T03:00:13.511653+09:00,gs_db,BOTAN,1 65942U 98067XP  26014.94445475  .00105753  00000+0  79359-3 0  9997,2 65942  51.6265 330.5094 0004829 104.2748 255.8787 15.71768883 15075
2026-01-16T06:00:37.854023+09:00,gs_db,BOTAN,1 65942U 98067XP  26015.26234526  .00126242  00000+0  94096-3 0  9997,2 65942  51.6266 328.8813 0004854 106.9555 253.1976 15.71848963 15123
2026-01-16T09:00:49.456205+09:00,gs_db,BOTAN,1 65942U 98067XP  26015.26234526  .00126242  00000+0  94096-3 0  9997,2 65942  51.6266 328.8813 0004854 106.9555 253.1976 15.71848963 15123
2026-01-16T09:01:01.286235+09:00,gs_db,BOTAN,1 65942U 98067XP  26015.26234526  .00126242  00000+0  94096-3 0  9997,2 65942  51.6266 328.8813 0004854 106.9555 253.1976 15.71848963 15123
2026-01-16T12:00:29.476379+09:00,gs_db,BOTAN,1 65942U 98067XP  26015.26234526  .00126242  00000+0  94096-3 0  9997,2 65942  51.6266 328.8813 0004854 106.9555 253.1976 15.71848963 15123
2026-01-16T15:00:27.830615+09:00,gs_db,BOTAN,1 65942U 98067XP  26015.96165208  .00123552  00000+0  91489-3 0  9998,2 65942  51.6265 325.3009 0004856 110.4461 249.7059 15.72014319 15235
2026-01-16T21:00:37.987013+09:00,gs_db,BOTAN,1 65942U 98067XP  26015.96165208  .00123552  00000+0  91489-3 0  9998,2 65942  51.6265 325.3009 0004856 110.4461 249.7059 15.72014319 15235
2026-01-17T03:00:18.961053+09:00,gs_db,BOTAN,1 65942U 98067XP  26016.08879022  .00126501  00000+0  93501-3 0  9992,2 65942  51.6266 324.6496 0004859 111.6038 248.5479 15.72046667 15250
2026-01-17T09:00:43.335795+09:00,gs_db,BOTAN,1 65942U 98067XP  26016.08879022  .00126501  00000+0  93501-3 0  9992,2 65942  51.6266 324.6496 0004859 111.6038 248.5479 15.72046667 15250
2026-01-17T15:00:15.253607+09:00,gs_db,BOTAN,1 65942U 98067XP  26016.08879022  .00126501  00000+0  93501-3 0  9992,2 65942  51.6266 324.6496 0004859 111.6038 248.5479 15.72046667 15250
2026-01-17T21:00:36.20557+09:00,gs_db,BOTAN,1 65942U 98067XP  26016.91511858  .00160486  00000+0  11680-2 0  9991,2 65942  51.6265 320.4169 0004907 115.8255 244.3250 15.72291842 15383
2026-01-18T03:00:16.946939+09:00,gs_db,BOTAN,1 65942U 98067XP  26017.23289932  .00181439  00000+0  13100-2 0  9992,2 65942  51.6266 318.7884 0004916 118.0116 242.1380 15.72409875 15432
2026-01-18T09:00:42.505426+09:00,gs_db,BOTAN,1 65942U 98067XP  26017.55065803  .00162892  00000+0  11741-2 0  9997,2 65942  51.6265 317.1607 0004948 119.8068 240.3423 15.72510455 15487
2026-01-18T15:00:17.04511+09:00,gs_db,BOTAN,1 65942U 98067XP  26017.55065803  .00162892  00000+0  11741-2 0  9997,2 65942  51.6265 317.1607 0004948 119.8068 240.3423 15.72510455 15487
2026-01-18T21:00:22.725556+09:00,gs_db,BOTAN,1 65942U 98067XP  26017.93194090  .00154614  00000+0  11100-2 0  9992,2 65942  51.6263 315.2062 0004955 122.3049 237.8429 15.72633536 15545
2026-01-19T03:00:18.208382+09:00,gs_db,BOTAN,1 65942U 98067XP  26017.93194090  .00154614  00000+0  11100-2 0  9992,2 65942  51.6263 315.2062 0004955 122.3049 237.8429 15.72633536 15545
2026-01-19T09:01:03.233007+09:00,gs_db,BOTAN,1 65942U 98067XP  26018.18611271  .00164107  00000+0  11723-2 0  9994,2 65942  51.6263 313.9028 0005005 124.5363 235.6108 15.72717646 15581
2026-01-19T15:00:20.276779+09:00,gs_db,BOTAN,1 65942U 98067XP  26018.88501368  .00162089  00000+0  11467-2 0  9998,2 65942  51.6260 310.3198 0004986 128.6435 231.5010 15.72952020 15695
2026-01-20T03:00:20.689783+09:00,gs_db,BOTAN,1 65942U 98067XP  26019.20265850  .00186622  00000+0  13086-2 0  9996,2 65942  51.6262 308.6903 0005018 131.6074 228.5355 15.73080805 15749
2026-01-20T09:00:47.290893+09:00,gs_db,BOTAN,1 65942U 98067XP  26019.20265850  .00186622  00000+0  13086-2 0  9996,2 65942  51.6262 308.6903 0005018 131.6074 228.5355 15.73080805 15749
2026-01-20T15:00:19.645878+09:00,gs_db,BOTAN,1 65942U 98067XP  26019.20265850  .00186622  00000+0  13086-2 0  9996,2 65942  51.6262 308.6903 0005018 131.6074 228.5355 15.73080805 15749
2026-01-20T21:00:44.796416+09:00,gs_db,BOTAN,1 65942U 98067XP  26019.96491088  .00207283  00000+0  14318-2 0  9999,2 65942  51.6260 304.7795 0004964 135.6475 224.4922 15.73367014 15869
2026-01-21T03:00:27.729979+09:00,gs_db,BOTAN,1 65942U 98067XP  26020.02842521  .00218888  00000+0  15077-2 0  9996,2 65942  51.6260 304.4536 0004973 136.1368 224.0027 15.73396611 15874
2026-01-21T09:00:41.491311+09:00,gs_db,BOTAN,1 65942U 98067XP  26020.02842521  .00218888  00000+0  15077-2 0  9996,2 65942  51.6260 304.4536 0004973 136.1368 224.0027 15.73396611 15874
2026-01-21T15:00:15.565541+09:00,gs_db,BOTAN,1 65942U 98067XP  26020.02842521  .00218888  00000+0  15077-2 0  9996,2 65942  51.6260 304.4536 0004973 136.1368 224.0027 15.73396611 15874
2026-01-21T21:00:32.178339+09:00,gs_db,BOTAN,1 65942U 98067XP  26020.79042042  .00388238  00000+0  25471-2 0  9996,2 65942  51.6250 300.5428 0004421 137.0348 223.0997 15.74034708 15991
2026-01-22T03:00:16.857879+09:00,gs_db,BOTAN,1 65942U 98067XP  26020.79042042  .00388238  00000+0  25471-2 0  9996,2 65942  51.6250 300.5428 0004421 137.0348 223.0997 15.74034708 15991
2026-01-22T09:00:50.919403+09:00,gs_db,BOTAN,1 65942U 98067XP  26020.79042042  .00388238  00000+0  25471-2 0  9996,2 65942  51.6250 300.5428 0004421 137.0348 223.0997 15.74034708 15991
2026-01-22T15:00:22.496019+09:00,gs_db,BOTAN,1 65942U 98067XP  26020.79042042  .00388238  00000+0  25471-2 0  9996,2 65942  51.6250 300.5428 0004421 137.0348 223.0997 15.74034708 15991
2026-01-22T21:00:29.799395+09:00,gs_db,BOTAN,1 65942U 98067XP  26020.79042042  .00388238  00000+0  25471-2 0  9996,2 65942  51.6250 300.5428 0004421 137.0348 223.0997 15.74034708 15991
2026-01-23T03:00:18.058045+09:00,gs_db,BOTAN,1 65942U 98067XP  26021.86948029  .00230928  00000+0  15020-2 0  9996,2 65942  51.6191 294.9954 0006689 128.0222 232.1381 15.74680416 16165
2026-01-23T15:00:26.000472+09:00,gs_db,BOTAN,1 65942U 98067XP  26021.86948029  .00230928  00000+0  15020-2 0  9996,2 65942  51.6191 294.9954 0006689 128.0222 232.1381 15.74680416 16165
2026-01-23T21:00:30.535658+09:00,gs_db,BOTAN,1 65942U 98067XP  26022.82130160  .00208069  00000+0  13373-2 0  9992,2 65942  51.6234 290.0995 0005263 154.0630 206.0634 15.75033846 16312
2026-01-24T03:00:23.101536+09:00,gs_db,BOTAN,1 65942U 98067XP  26022.82130160  .00208069  00000+0  13373-2 0  9992,2 65942  51.6234 290.0995 0005263 154.0630 206.0634 15.75033846 16312
2026-01-24T09:01:15.552893+09:00,gs_db,BOTAN,1 65942U 98067XP  26023.13852674  .00246753  00000+0  15681-2 0  9994,2 65942  51.6234 288.4673 0005265 156.7533 203.3706 15.75177881 16362
2026-01-24T15:00:21.934672+09:00,gs_db,BOTAN,1 65942U 98067XP  26023.13852674  .00246753  00000+0  15681-2 0  9994,2 65942  51.6234 288.4673 0005265 156.7533 203.3706 15.75177881 16362
2026-01-24T21:00:43.633473+09:00,gs_db,BOTAN,1 65942U 98067XP  26023.77288683  .00261853  00000+0  16387-2 0  9999,2 65942  51.6232 285.2024 0005286 160.5052 199.6150 15.75484980 16469
2026-01-25T01:35:30.482659+09:00,gs_db,BOTAN,1 65942U 98067XP  26023.77288683  .00261853  00000+0  16387-2 0  9999,2 65942  51.6232 285.2024 0005286 160.5052 199.6150 15.75484980 16469
2026-01-25T03:00:16.097397+09:00,gs_db,BOTAN,1 65942U 98067XP  26023.77288683  .00261853  00000+0  16387-2 0  9999,2 65942  51.6232 285.2024 0005286 160.5052 199.6150 15.75484980 16469
2026-01-25T06:00:26.971708+09:00,gs_db,BOTAN,1 65942U 98067XP  26023.77288683  .00261853  00000+0  16387-2 0  9999,2 65942  51.6232 285.2024 0005286 160.5052 199.6150 15.75484980 16469
2026-01-25T09:00:49.166501+09:00,gs_db,BOTAN,1 65942U 98067XP  26023.77288683  .00261853  00000+0  16387-2 0  9999,2 65942  51.6232 285.2024 0005286 160.5052 199.6150 15.75484980 16469
2026-01-25T09:00:52.394454+09:00,gs_db,BOTAN,1 65942U 98067XP  26023.77288683  .00261853  00000+0  16387-2 0  9999,2 65942  51.6232 285.2024 0005286 160.5052 199.6150 15.75484980 16469
2026-01-25T12:00:16.176331+09:00,gs_db,BOTAN,1 65942U 98067XP  26023.77288683  .00261853  00000+0  16387-2 0  9999,2 65942  51.6232 285.2024 0005286 160.5052 199.6150 15.75484980 16469
2026-01-25T15:00:19.804888+09:00,gs_db,BOTAN,1 65942U 98067XP  26024.78759438  .00247627  00000+0  15184-2 0  9999,2 65942  51.6220 279.9774 0005363 167.3184 192.7951 15.75992958 16625
2026-01-25T15:00:22.111896+09:00,gs_db,BOTAN,1 65942U 98067XP  26024.78759438  .00247627  00000+0  15184-2 0  9999,2 65942  51.6220 279.9774 0005363 167.3184 192.7951 15.75992958 16625
2026-01-25T18:00:23.72281+09:00,gs_db,BOTAN,1 65942U 98067XP  26024.78759438  .00247627  00000+0  15184-2 0  9999,2 65942  51.6220 279.9774 0005363 167.3184 192.7951 15.75992958 16625
2026-01-25T21:00:25.48484+09:00,gs_db,BOTAN,1 65942U 98067XP  26024.78759438  .00247627  00000+0  15184-2 0  9999,2 65942  51.6220 279.9774 0005363 167.3184 192.7951 15.75992958 16625
2026-01-25T21:00:28.412584+09:00,gs_db,BOTAN,1 65942U 98067XP  26024.78759438  .00247627  00000+0  15184-2 0  9999,2 65942  51.6220 279.9774 0005363 167.3184 192.7951 15.75992958 16625
2026-01-26T00:00:19.676542+09:00,gs_db,BOTAN,1 65942U 98067XP  26024.78759438  .00247627  00000+0  15184-2 0  9999,2 65942  51.6220 279.9774 0005363 167.3184 192.7951 15.75992958 16625
2026-01-26T03:00:18.048115+09:00,gs_db,BOTAN,1 65942U 98067XP  26024.78759438  .00247627  00000+0  15184-2 0  9999,2 65942  51.6220 279.9774 0005363 167.3184 192.7951 15.75992958 16625
2026-01-26T03:00:19.649124+09:00,gs_db,BOTAN,1 65942U 98067XP  26024.78759438  .00247627  00000+0  15184-2 0  9999,2 65942  51.6220 279.9774 0005363 167.3184 192.7951 15.75992958 16625
2026-01-26T06:00:22.590645+09:00,gs_db,BOTAN,1 65942U 98067XP  26025.61180227  .00273960  00000+0  16435-2 0  9995,2 65942  51.6220 275.7312 0005005 171.6243 188.4842 15.76416676 16758
2026-01-26T09:00:44.132775+09:00,gs_db,BOTAN,1 65942U 98067XP  26025.61180227  .00273960  00000+0  16435-2 0  9995,2 65942  51.6220 275.7312 0005005 171.6243 188.4842 15.76416676 16758
2026-01-26T09:00:49.89408+09:00,gs_db,BOTAN,1 65942U 98067XP  26025.61180227  .00273960  00000+0  16435-2 0  9995,2 65942  51.6220 275.7312 0005005 171.6243 188.4842 15.76416676 16758
2026-01-26T12:00:11.000258+09:00,gs_db,BOTAN,1 65942U 98067XP  26025.61180227  .00273960  00000+0  16435-2 0  9995,2 65942  51.6220 275.7312 0005005 171.6243 188.4842 15.76416676 16758
2026-01-26T15:00:16.364082+09:00,gs_db,BOTAN,1 65942U 98067XP  26025.80197135  .00276857  00000+0  16525-2 0  9990,2 65942  51.6217 274.7500 0005177 172.7994 187.3082 15.76521703 16782
2026-01-26T15:00:18.824305+09:00,gs_db,BOTAN,1 65942U 98067XP  26025.80197135  .00276857  00000+0  16525-2 0  9990,2 65942  51.6217 274.7500 0005177 172.7994 187.3082 15.76521703 16782
2026-01-26T18:00:36.163303+09:00,gs_db,BOTAN,1 65942U 98067XP  26025.80197135  .00276857  00000+0  16525-2 0  9990,2 65942  51.6217 274.7500 0005177 172.7994 187.3082 15.76521703 16782
2026-01-26T21:00:23.617077+09:00,gs_db,BOTAN,1 65942U 98067XP  26025.80197135  .00276857  00000+0  16525-2 0  9990,2 65942  51.6217 274.7500 0005177 172.7994 187.3082 15.76521703 16782
2026-01-26T21:00:31.177083+09:00,gs_db,BOTAN,1 65942U 98067XP  26025.80197135  .00276857  00000+0  16525-2 0  9990,2 65942  51.6217 274.7500 0005177 172.7994 187.3082 15.76521703 16782
2026-01-27T00:00:19.804495+09:00,gs_db,BOTAN,1 65942U 98067XP  26025.80197135  .00276857  00000+0  16525-2 0  9990,2 65942  51.6217 274.7500 0005177 172.7994 187.3082 15.76521703 16782
2026-01-27T03:00:22.998128+09:00,gs_db,BOTAN,1 65942U 98067XP  26025.80197135  .00276857  00000+0  16525-2 0  9990,2 65942  51.6217 274.7500 0005177 172.7994 187.3082 15.76521703 16782
2026-01-27T03:00:29.103653+09:00,gs_db,BOTAN,1 65942U 98067XP  26025.80197135  .00276857  00000+0  16525-2 0  9990,2 65942  51.6217 274.7500 0005177 172.7994 187.3082 15.76521703 16782
2026-01-27T06:00:23.458637+09:00,gs_db,BOTAN,1 65942U 98067XP  26025.80197135  .00276857  00000+0  16525-2 0  9990,2 65942  51.6217 274.7500 0005177 172.7994 187.3082 15.76521703 16782
2026-01-27T09:00:42.414804+09:00,gs_db,BOTAN,1 65942U 98067XP  26025.80197135  .00276857  00000+0  16525-2 0  9990,2 65942  51.6217 274.7500 0005177 172.7994 187.3082 15.76521703 16782
2026-01-27T09:00:49.543748+09:00,gs_db,BOTAN,1 65942U 98067XP  26025.80197135  .00276857  00000+0  16525-2 0  9990,2 65942  51.6217 274.7500 0005177 172.7994 187.3082 15.76521703 16782
2026-01-27T12:00:20.707105+09:00,gs_db,BOTAN,1 65942U 98067XP  26025.80197135  .00276857  00000+0  16525-2 0  9990,2 65942  51.6217 274.7500 0005177 172.7994 187.3082 15.76521703 16782
2026-01-27T15:00:17.891804+09:00,gs_db,BOTAN,1 65942U 98067XP  26025.80197135  .00276857  00000+0  16525-2 0  9990,2 65942  51.6217 274.7500 0005177 172.7994 187.3082 15.76521703 16782
2026-01-27T15:00:19.778523+09:00,gs_db,BOTAN,1 65942U 98067XP  26025.80197135  .00276857  00000+0  16525-2 0  9990,2 65942  51.6217 274.7500 0005177 172.7994 187.3082 15.76521703 16782
2026-01-27T18:00:28.199458+09:00,gs_db,BOTAN,1 65942U 98067XP  26025.80197135  .00276857  00000+0  16525-2 0  9990,2 65942  51.6217 274.7500 0005177 172.7994 187.3082 15.76521703 16782
2026-01-27T21:00:35.784104+09:00,gs_db,BOTAN,1 65942U 98067XP  26025.80197135  .00276857  00000+0  16525-2 0  9990,2 65942  51.6217 274.7500 0005177 172.7994 187.3082 15.76521703 16782
2026-01-27T21:00:44.313225+09:00,gs_db,BOTAN,1 65942U 98067XP  26025.80197135  .00276857  00000+0  16525-2 0  9990,2 65942  51.6217 274.7500 0005177 172.7994 187.3082 15.76521703 16782
2026-01-28T00:00:20.136176+09:00,gs_db,BOTAN,1 65942U 98067XP  26026.68927312  .00263485  00000+0  15443-2 0  9996,2 65942  51.6210 270.1730 0005275 178.3633 181.7385 15.76971767 16920
2026-01-28T03:00:18.574825+09:00,gs_db,BOTAN,1 65942U 98067XP  26026.68927312  .00263485  00000+0  15443-2 0  9996,2 65942  51.6210 270.1730 0005275 178.3633 181.7385 15.76971767 16920
2026-01-28T03:00:20.010464+09:00,gs_db,BOTAN,1 65942U 98067XP  26026.68927312  .00263485  00000+0  15443-2 0  9996,2 65942  51.6210 270.1730 0005275 178.3633 181.7385 15.76971767 16920
2026-01-28T06:00:22.553674+09:00,gs_db,BOTAN,1 65942U 98067XP  26026.68927312  .00263485  00000+0  15443-2 0  9996,2 65942  51.6210 270.1730 0005275 178.3633 181.7385 15.76971767 16920
2026-01-28T09:00:43.62756+09:00,gs_db,BOTAN,1 65942U 98067XP  26026.68927312  .00263485  00000+0  15443-2 0  9996,2 65942  51.6210 270.1730 0005275 178.3633 181.7385 15.76971767 16920
2026-01-28T09:00:44.215913+09:00,gs_db,BOTAN,1 65942U 98067XP  26026.68927312  .00263485  00000+0  15443-2 0  9996,2 65942  51.6210 270.1730 0005275 178.3633 181.7385 15.76971767 16920
2026-01-28T12:00:17.138427+09:00,gs_db,BOTAN,1 65942U 98067XP  26026.68927312  .00263485  00000+0  15443-2 0  9996,2 65942  51.6210 270.1730 0005275 178.3633 181.7385 15.76971767 16920
2026-01-28T15:00:16.464894+09:00,gs_db,BOTAN,1 65942U 98067XP  26026.68927312  .00263485  00000+0  15443-2 0  9996,2 65942  51.6210 270.1730 0005275 178.3633 181.7385 15.76971767 16920
2026-01-28T15:00:17.964166+09:00,gs_db,BOTAN,1 65942U 98067XP  26026.68927312  .00263485  00000+0  15443-2 0  9996,2 65942  51.6210 270.1730 0005275 178.3633 181.7385 15.76971767 16920
2026-01-28T18:00:24.493755+09:00,gs_db,BOTAN,1 65942U 98067XP  26026.68927312  .00263485  00000+0  15443-2 0  9996,2 65942  51.6210 270.1730 0005275 178.3633 181.7385 15.76971767 16920
2026-01-28T21:00:38.407298+09:00,gs_db,BOTAN,1 65942U 98067XP  26026.68927312  .00263485  00000+0  15443-2 0  9996,2 65942  51.6210 270.1730 0005275 178.3633 181.7385 15.76971767 16920
2026-01-28T21:00:46.822954+09:00,gs_db,BOTAN,1 65942U 98067XP  26026.68927312  .00263485  00000+0  15443-2 0  9996,2 65942  51.6210 270.1730 0005275 178.3633 181.7385 15.76971767 16920
2026-01-29T00:00:21.168165+09:00,gs_db,BOTAN,1 65942U 98067XP  26026.68927312  .00263485  00000+0  15443-2 0  9996,2 65942  51.6210 270.1730 0005275 178.3633 181.7385 15.76971767 16920
2026-01-29T03:00:17.88053+09:00,gs_db,BOTAN,1 65942U 98067XP  26026.68927312  .00263485  00000+0  15443-2 0  9996,2 65942  51.6210 270.1730 0005275 178.3633 181.7385 15.76971767 16920
2026-01-29T03:00:33.061408+09:00,gs_db,BOTAN,1 65942U 98067XP  26026.68927312  .00263485  00000+0  15443-2 0  9996,2 65942  51.6210 270.1730 0005275 178.3633 181.7385 15.76971767 16920
2026-01-29T06:00:30.988092+09:00,gs_db,BOTAN,1 65942U 98067XP  26027.76636816  .00266897  00000+0  15257-2 0  9995,2 65942  51.6211 264.6124 0005432 186.1041 173.9894 15.77524715 17096
2026-01-29T09:00:49.222562+09:00,gs_db,BOTAN,1 65942U 98067XP  26027.76636816  .00266897  00000+0  15257-2 0  9995,2 65942  51.6211 264.6124 0005432 186.1041 173.9894 15.77524715 17096
2026-01-29T09:00:53.637435+09:00,gs_db,BOTAN,1 65942U 98067XP  26027.76636816  .00266897  00000+0  15257-2 0  9995,2 65942  51.6211 264.6124 0005432 186.1041 173.9894 15.77524715 17096
2026-01-29T12:00:10.850898+09:00,gs_db,BOTAN,1 65942U 98067XP  26027.76636816  .00266897  00000+0  15257-2 0  9995,2 65942  51.6211 264.6124 0005432 186.1041 173.9894 15.77524715 17096
2026-01-29T15:00:12.763844+09:00,gs_db,BOTAN,1 65942U 98067XP  26028.90640339  .00290204  00000+0  16092-2 0  9994,2 65942  51.6209 258.7225 0005472 195.0902 164.9936 15.78139785 17275
2026-01-29T15:00:14.957254+09:00,gs_db,BOTAN,1 65942U 98067XP  26028.90640339  .00290204  00000+0  16092-2 0  9994,2 65942  51.6209 258.7225 0005472 195.0902 164.9936 15.78139785 17275
2026-01-29T18:00:30.606513+09:00,gs_db,BOTAN,1 65942U 98067XP  26028.90640339  .00290204  00000+0  16092-2 0  9994,2 65942  51.6209 258.7225 0005472 195.0902 164.9936 15.78139785 17275
2026-01-29T21:00:20.77217+09:00,gs_db,BOTAN,1 65942U 98067XP  26028.90640339  .00290204  00000+0  16092-2 0  9994,2 65942  51.6209 258.7225 0005472 195.0902 164.9936 15.78139785 17275
2026-01-29T21:00:27.392562+09:00,gs_db,BOTAN,1 65942U 98067XP  26028.90640339  .00290204  00000+0  16092-2 0  9994,2 65942  51.6209 258.7225 0005472 195.0902 164.9936 15.78139785 17275
2026-01-30T00:00:15.741629+09:00,gs_db,BOTAN,1 65942U 98067XP  26028.90640339  .00290204  00000+0  16092-2 0  9994,2 65942  51.6209 258.7225 0005472 195.0902 164.9936 15.78139785 17275
2026-01-30T03:00:22.500361+09:00,gs_db,BOTAN,1 65942U 98067XP  26028.90640339  .00290204  00000+0  16092-2 0  9994,2 65942  51.6209 258.7225 0005472 195.0902 164.9936 15.78139785 17275
2026-01-30T03:00:25.936217+09:00,gs_db,BOTAN,1 65942U 98067XP  26028.90640339  .00290204  00000+0  16092-2 0  9994,2 65942  51.6209 258.7225 0005472 195.0902 164.9936 15.78139785 17275
2026-01-30T06:00:28.368955+09:00,gs_db,BOTAN,1 65942U 98067XP  26028.90640339  .00290204  00000+0  16092-2 0  9994,2 65942  51.6209 258.7225 0005472 195.0902 164.9936 15.78139785 17275
2026-01-30T12:00:17.707144+09:00,gs_db,BOTAN,1 65942U 98067XP  26028.90640339  .00290204  00000+0  16092-2 0  9994,2 65942  51.6209 258.7225 0005472 195.0902 164.9936 15.78139785 17275
2026-01-30T15:00:21.349454+09:00,gs_db,BOTAN,1 65942U 98067XP  26028.90640339  .00290204  00000+0  16092-2 0  9994,2 65942  51.6209 258.7225 0005472 195.0902 164.9936 15.78139785 17275
2026-01-30T15:00:22.42536+09:00,gs_db,BOTAN,1 65942U 98067XP  26028.90640339  .00290204  00000+0  16092-2 0  9994,2 65942  51.6209 258.7225 0005472 195.0902 164.9936 15.78139785 17275
2026-01-30T18:00:34.621468+09:00,gs_db,BOTAN,1 65942U 98067XP  26028.90640339  .00290204  00000+0  16092-2 0  9994,2 65942  51.6209 258.7225 0005472 195.0902 164.9936 15.78139785 17275
2026-01-30T21:00:32.991959+09:00,gs_db,BOTAN,1 65942U 98067XP  26028.90640339  .00290204  00000+0  16092-2 0  9994,2 65942  51.6209 258.7225 0005472 195.0902 164.9936 15.78139785 17275
2026-01-30T21:00:38.688388+09:00,gs_db,BOTAN,1 65942U 98067XP  26028.90640339  .00290204  00000+0  16092-2 0  9994,2 65942  51.6209 258.7225 0005472 195.0902 164.9936 15.78139785 17275
2026-01-31T00:00:17.264786+09:00,gs_db,BOTAN,1 65942U 98067XP  26029.98267588  .00273998  00000+0  14814-2 0  9995,2 65942  51.6204 253.1574 0005487 202.4121 157.6641 15.78748703 17445
2026-01-31T03:00:18.225726+09:00,gs_db,BOTAN,1 65942U 98067XP  26029.98267588  .00273998  00000+0  14814-2 0  9995,2 65942  51.6204 253.1574 0005487 202.4121 157.6641 15.78748703 17445
2026-01-31T03:00:26.483874+09:00,gs_db,BOTAN,1 65942U 98067XP  26029.98267588  .00273998  00000+0  14814-2 0  9995,2 65942  51.6204 253.1574 0005487 202.4121 157.6641 15.78748703 17445
2026-01-31T06:00:29.75047+09:00,gs_db,BOTAN,1 65942U 98067XP  26029.98267588  .00273998  00000+0  14814-2 0  9995,2 65942  51.6204 253.1574 0005487 202.4121 157.6641 15.78748703 17445
2026-01-31T09:00:50.505848+09:00,gs_db,BOTAN,1 65942U 98067XP  26029.98267588  .00273998  00000+0  14814-2 0  9995,2 65942  51.6204 253.1574 0005487 202.4121 157.6641 15.78748703 17445
2026-01-31T09:00:57.723148+09:00,gs_db,BOTAN,1 65942U 98067XP  26029.98267588  .00273998  00000+0  14814-2 0  9995,2 65942  51.6204 253.1574 0005487 202.4121 157.6641 15.78748703 17445
2026-01-31T12:00:17.205703+09:00,gs_db,BOTAN,1 65942U 98067XP  26029.98267588  .00273998  00000+0  14814-2 0  9995,2 65942  51.6204 253.1574 0005487 202.4121 157.6641 15.78748703 17445
2026-01-31T15:00:16.352572+09:00,gs_db,BOTAN,1 65942U 98067XP  26029.98267588  .00273998  00000+0  14814-2 0  9995,2 65942  51.6204 253.1574 0005487 202.4121 157.6641 15.78748703 17445
2026-01-31T15:00:17.089559+09:00,gs_db,BOTAN,1 65942U 98067XP  26029.98267588  .00273998  00000+0  14814-2 0  9995,2 65942  51.6204 253.1574 0005487 202.4121 157.6641 15.78748703 17445
2026-01-31T18:00:21.132769+09:00,gs_db,BOTAN,1 65942U 98067XP  26030.86871545  .00230561  00000+0  12278-2 0  9999,2 65942  51.6192 248.5734 0005441 208.6473 151.4230 15.79207269 17584
2026-01-31T21:00:31.194584+09:00,gs_db,BOTAN,1 65942U 98067XP  26030.86871545  .00230561  00000+0  12278-2 0  9999,2 65942  51.6192 248.5734 0005441 208.6473 151.4230 15.79207269 17584
2026-01-31T21:00:33.650108+09:00,gs_db,BOTAN,1 65942U 98067XP  26030.86871545  .00230561  00000+0  12278-2 0  9999,2 65942  51.6192 248.5734 0005441 208.6473 151.4230 15.79207269 17584
2026-02-01T00:00:12.077848+09:00,gs_db,BOTAN,1 65942U 98067XP  26030.99527225  .00228767  00000+0  12151-2 0  9991,2 65942  51.6191 247.9181 0005446 209.4507 150.6188 15.79268787 17602
2026-02-01T03:00:14.399564+09:00,gs_db,BOTAN,1 65942U 98067XP  26030.99527225  .00228767  00000+0  12151-2 0  9991,2 65942  51.6191 247.9181 0005446 209.4507 150.6188 15.79268787 17602
2026-02-01T03:00:14.508203+09:00,gs_db,BOTAN,1 65942U 98067XP  26030.99527225  .00228767  00000+0  12151-2 0  9991,2 65942  51.6191 247.9181 0005446 209.4507 150.6188 15.79268787 17602
2026-02-01T06:00:22.929967+09:00,gs_db,BOTAN,1 65942U 98067XP  26030.99527225  .00228767  00000+0  12151-2 0  9991,2 65942  51.6191 247.9181 0005446 209.4507 150.6188 15.79268787 17602
2026-02-01T09:00:51.183421+09:00,gs_db,BOTAN,1 65942U 98067XP  26030.99527225  .00228767  00000+0  12151-2 0  9991,2 65942  51.6191 247.9181 0005446 209.4507 150.6188 15.79268787 17602
2026-02-01T09:00:53.0089+09:00,gs_db,BOTAN,1 65942U 98067XP  26030.99527225  .00228767  00000+0  12151-2 0  9991,2 65942  51.6191 247.9181 0005446 209.4507 150.6188 15.79268787 17602
2026-02-01T12:00:14.963318+09:00,gs_db,BOTAN,1 65942U 98067XP  26030.99527225  .00228767  00000+0  12151-2 0  9991,2 65942  51.6191 247.9181 0005446 209.4507 150.6188 15.79268787 17602
2026-02-01T15:00:19.835053+09:00,gs_db,BOTAN,1 65942U 98067XP  26030.99527225  .00228767  00000+0  12151-2 0  9991,2 65942  51.6191 247.9181 0005446 209.4507 150.6188 15.79268787 17602
2026-02-01T15:00:21.906896+09:00,gs_db,BOTAN,1 65942U 98067XP  26030.99527225  .00228767  00000+0  12151-2 0  9991,2 65942  51.6191 247.9181 0005446 209.4507 150.6188 15.79268787 17602
2026-02-01T18:00:51.52089+09:00,gs_db,BOTAN,1 65942U 98067XP  26031.81777673  .00214162  00000+0  11205-2 0  9990,2 65942  51.6186 243.6587 0005413 214.9689 145.0958 15.79643607 17730
2026-02-01T21:00:27.910279+09:00,gs_db,BOTAN,1 65942U 98067XP  26031.81777673  .00214162  00000+0  11205-2 0  9990,2 65942  51.6186 243.6587 0005413 214.9689 145.0958 15.79643607 17730
2026-02-01T21:00:29.053958+09:00,gs_db,BOTAN,1 65942U 98067XP  26031.81777673  .00214162  00000+0  11205-2 0  9990,2 65942  51.6186 243.6587 0005413 214.9689 145.0958 15.79643607 17730
2026-02-02T00:00:19.570372+09:00,gs_db,BOTAN,1 65942U 98067XP  26031.81777673  .00214162  00000+0  11205-2 0  9990,2 65942  51.6186 243.6587 0005413 214.9689 145.0958 15.79643607 17730
2026-02-02T03:00:18.134421+09:00,gs_db,BOTAN,1 65942U 98067XP  26031.81777673  .00214162  00000+0  11205-2 0  9990,2 65942  51.6186 243.6587 0005413 214.9689 145.0958 15.79643607 17730
2026-02-02T03:00:19.016537+09:00,gs_db,BOTAN,1 65942U 98067XP  26031.81777673  .00214162  00000+0  11205-2 0  9990,2 65942  51.6186 243.6587 0005413 214.9689 145.0958 15.79643607 17730
2026-02-02T06:00:27.014404+09:00,gs_db,BOTAN,1 65942U 98067XP  26031.81777673  .00214162  00000+0  11205-2 0  9990,2 65942  51.6186 243.6587 0005413 214.9689 145.0958 15.79643607 17730
2026-02-02T09:00:44.024162+09:00,gs_db,BOTAN,1 65942U 98067XP  26031.81777673  .00214162  00000+0  11205-2 0  9990,2 65942  51.6186 243.6587 0005413 214.9689 145.0958 15.79643607 17730
2026-02-02T09:00:52.237567+09:00,gs_db,BOTAN,1 65942U 98067XP  26031.81777673  .00214162  00000+0  11205-2 0  9990,2 65942  51.6186 243.6587 0005413 214.9689 145.0958 15.79643607 17730
2026-02-02T12:00:24.379257+09:00,gs_db,BOTAN,1 65942U 98067XP  26031.81777673  .00214162  00000+0  11205-2 0  9990,2 65942  51.6186 243.6587 0005413 214.9689 145.0958 15.79643607 17730
2026-02-02T15:00:17.463201+09:00,gs_db,BOTAN,1 65942U 98067XP  26031.81777673  .00214162  00000+0  11205-2 0  9990,2 65942  51.6186 243.6587 0005413 214.9689 145.0958 15.79643607 17730
2026-02-02T15:00:21.039183+09:00,gs_db,BOTAN,1 65942U 98067XP  26031.81777673  .00214162  00000+0  11205-2 0  9990,2 65942  51.6186 243.6587 0005413 214.9689 145.0958 15.79643607 17730
2026-02-02T18:00:27.526351+09:00,gs_db,BOTAN,1 65942U 98067XP  26032.95629704  .00233928  00000+0  11904-2 0  9994,2 65942  51.6181 237.7572 0005708 221.3112 138.7459 15.80194193 17911
2026-02-02T21:00:27.188709+09:00,gs_db,BOTAN,1 65942U 98067XP  26032.95629704  .00233928  00000+0  11904-2 0  9994,2 65942  51.6181 237.7572 0005708 221.3112 138.7459 15.80194193 17911
2026-02-02T21:00:33.249374+09:00,gs_db,BOTAN,1 65942U 98067XP  26032.95629704  .00233928  00000+0  11904-2 0  9994,2 65942  51.6181 237.7572 0005708 221.3112 138.7459 15.80194193 17911
2026-02-03T00:00:27.493979+09:00,gs_db,BOTAN,1 65942U 98067XP  26032.95629704  .00233928  00000+0  11904-2 0  9994,2 65942  51.6181 237.7572 0005708 221.3112 138.7459 15.80194193 17911
2026-02-03T03:00:23.868633+09:00,gs_db,BOTAN,1 65942U 98067XP  26032.95629704  .00233928  00000+0  11904-2 0  9994,2 65942  51.6181 237.7572 0005708 221.3112 138.7459 15.80194193 17911
2026-02-03T03:00:30.824825+09:00,gs_db,BOTAN,1 65942U 98067XP  26032.95629704  .00233928  00000+0  11904-2 0  9994,2 65942  51.6181 237.7572 0005708 221.3112 138.7459 15.80194193 17911
2026-02-03T06:00:41.078133+09:00,gs_db,BOTAN,1 65942U 98067XP  26032.95629704  .00233928  00000+0  11904-2 0  9994,2 65942  51.6181 237.7572 0005708 221.3112 138.7459 15.80194193 17911
2026-02-03T09:01:02.96724+09:00,gs_db,BOTAN,1 65942U 98067XP  26033.52540102  .00275567  00000+0  13749-2 0  9996,2 65942  51.6178 234.8063 0005527 226.6486 133.4055 15.80512064 18007
2026-02-03T12:00:18.987747+09:00,gs_db,BOTAN,1 65942U 98067XP  26033.52540102  .00275567  00000+0  13749-2 0  9996,2 65942  51.6178 234.8063 0005527 226.6486 133.4055 15.80512064 18007
2026-02-03T15:00:18.827242+09:00,gs_db,BOTAN,1 65942U 98067XP  26033.52540102  .00275567  00000+0  13749-2 0  9996,2 65942  51.6178 234.8063 0005527 226.6486 133.4055 15.80512064 18007
2026-02-03T15:00:22.498201+09:00,gs_db,BOTAN,1 65942U 98067XP  26033.52540102  .00275567  00000+0  13749-2 0  9996,2 65942  51.6178 234.8063 0005527 226.6486 133.4055 15.80512064 18007
2026-02-03T18:00:44.027748+09:00,gs_db,BOTAN,1 65942U 98067XP  26033.52540102  .00275567  00000+0  13749-2 0  9996,2 65942  51.6178 234.8063 0005527 226.6486 133.4055 15.80512064 18007
2026-02-03T21:00:27.044526+09:00,gs_db,BOTAN,1 65942U 98067XP  26033.52540102  .00275567  00000+0  13749-2 0  9996,2 65942  51.6178 234.8063 0005527 226.6486 133.4055 15.80512064 18007
2026-02-03T21:00:28.665161+09:00,gs_db,BOTAN,1 65942U 98067XP  26033.52540102  .00275567  00000+0  13749-2 0  9996,2 65942  51.6178 234.8063 0005527 226.6486 133.4055 15.80512064 18007
2026-02-04T00:00:17.068006+09:00,gs_db,BOTAN,1 65942U 98067XP  26033.58862757  .00279051  00000+0  13893-2 0  9997,2 65942  51.6178 234.4784 0005489 227.7528 132.3009 15.80550278 18016
2026-02-04T03:00:22.473696+09:00,gs_db,BOTAN,1 65942U 98067XP  26033.58862757  .00279051  00000+0  13893-2 0  9997,2 65942  51.6178 234.4784 0005489 227.7528 132.3009 15.80550278 18016
2026-02-04T03:00:26.678511+09:00,gs_db,BOTAN,1 65942U 98067XP  26033.58862757  .00279051  00000+0  13893-2 0  9997,2 65942  51.6178 234.4784 0005489 227.7528 132.3009 15.80550278 18016
2026-02-04T06:00:19.244909+09:00,gs_db,BOTAN,1 65942U 98067XP  26033.58862757  .00279051  00000+0  13893-2 0  9997,2 65942  51.6178 234.4784 0005489 227.7528 132.3009 15.80550278 18016
2026-02-04T09:01:03.865555+09:00,gs_db,BOTAN,1 65942U 98067XP  26034.53684974  .00297373  00000+0  14400-2 0  9998,2 65942  51.6184 229.5572 0005488 236.9526 123.0949 15.81104541 18167
2026-02-04T09:01:06.265585+09:00,gs_db,BOTAN,1 65942U 98067XP  26034.53684974  .00297373  00000+0  14400-2 0  9998,2 65942  51.6184 229.5572 0005488 236.9526 123.0949 15.81104541 18167
2026-02-04T12:00:22.156101+09:00,gs_db,BOTAN,1 65942U 98067XP  26034.53684974  .00297373  00000+0  14400-2 0  9998,2 65942  51.6184 229.5572 0005488 236.9526 123.0949 15.81104541 18167
2026-02-04T15:00:21.596767+09:00,gs_db,BOTAN,1 65942U 98067XP  26034.53684974  .00297373  00000+0  14400-2 0  9998,2 65942  51.6184 229.5572 0005488 236.9526 123.0949 15.81104541 18167
2026-02-04T15:00:22.835789+09:00,gs_db,BOTAN,1 65942U 98067XP  26034.53684974  .00297373  00000+0  14400-2 0  9998,2 65942  51.6184 229.5572 0005488 236.9526 123.0949 15.81104541 18167
2026-02-04T18:00:29.114549+09:00,gs_db,BOTAN,1 65942U 98067XP  26034.53684974  .00297373  00000+0  14400-2 0  9998,2 65942  51.6184 229.5572 0005488 236.9526 123.0949 15.81104541 18167
2026-02-04T21:00:30.033265+09:00,gs_db,BOTAN,1 65942U 98067XP  26034.53684974  .00297373  00000+0  14400-2 0  9998,2 65942  51.6184 229.5572 0005488 236.9526 123.0949 15.81104541 18167
2026-02-04T21:00:33.574916+09:00,gs_db,BOTAN,1 65942U 98067XP  26034.53684974  .00297373  00000+0  14400-2 0  9998,2 65942  51.6184 229.5572 0005488 236.9526 123.0949 15.81104541 18167
2026-02-05T00:00:20.509047+09:00,gs_db,BOTAN,1 65942U 98067XP  26034.91604493  .00306933  00000+0  14689-2 0  9990,2 65942  51.6183 227.5880 0005467 240.0563 119.9896 15.81334182 18228
2026-02-05T03:00:26.602905+09:00,gs_db,BOTAN,1 65942U 98067XP  26034.91604493  .00306933  00000+0  14689-2 0  9990,2 65942  51.6183 227.5880 0005467 240.0563 119.9896 15.81334182 18228
2026-02-05T03:00:27.744097+09:00,gs_db,BOTAN,1 65942U 98067XP  26034.91604493  .00306933  00000+0  14689-2 0  9990,2 65942  51.6183 227.5880 0005467 240.0563 119.9896 15.81334182 18228
2026-02-05T06:00:29.631615+09:00,gs_db,BOTAN,1 65942U 98067XP  26034.91604493  .00306933  00000+0  14689-2 0  9990,2 65942  51.6183 227.5880 0005467 240.0563 119.9896 15.81334182 18228
2026-02-05T09:00:50.030289+09:00,gs_db,BOTAN,1 65942U 98067XP  26034.91604493  .00306933  00000+0  14689-2 0  9990,2 65942  51.6183 227.5880 0005467 240.0563 119.9896 15.81334182 18228
2026-02-05T09:01:02.760117+09:00,gs_db,BOTAN,1 65942U 98067XP  26034.91604493  .00306933  00000+0  14689-2 0  9990,2 65942  51.6183 227.5880 0005467 240.0563 119.9896 15.81334182 18228
2026-02-05T12:00:17.517105+09:00,gs_db,BOTAN,1 65942U 98067XP  26034.91604493  .00306933  00000+0  14689-2 0  9990,2 65942  51.6183 227.5880 0005467 240.0563 119.9896 15.81334182 18228
2026-02-05T15:00:19.810709+09:00,gs_db,BOTAN,1 65942U 98067XP  26034.91604493  .00306933  00000+0  14689-2 0  9990,2 65942  51.6183 227.5880 0005467 240.0563 119.9896 15.81334182 18228
2026-02-05T15:00:23.282622+09:00,gs_db,BOTAN,1 65942U 98067XP  26034.91604493  .00306933  00000+0  14689-2 0  9990,2 65942  51.6183 227.5880 0005467 240.0563 119.9896 15.81334182 18228
2026-02-05T18:01:35.836235+09:00,gs_db,BOTAN,1 65942U 98067XP  26034.91604493  .00306933  00000+0  14689-2 0  9990,2 65942  51.6183 227.5880 0005467 240.0563 119.9896 15.81334182 18228
2026-02-05T21:00:26.612926+09:00,gs_db,BOTAN,1 65942U 98067XP  26034.91604493  .00306933  00000+0  14689-2 0  9990,2 65942  51.6183 227.5880 0005467 240.0563 119.9896 15.81334182 18228
2026-02-05T21:00:29.630002+09:00,gs_db,BOTAN,1 65942U 98067XP  26034.91604493  .00306933  00000+0  14689-2 0  9990,2 65942  51.6183 227.5880 0005467 240.0563 119.9896 15.81334182 18228
2026-02-06T00:00:26.947335+09:00,gs_db,BOTAN,1 65942U 98067XP  26035.73745111  .00298019  00000+0  13964-2 0  9994,2 65942  51.6187 223.3215 0005573 248.4699 111.5709 15.81813889 18359
2026-02-06T03:00:37.207096+09:00,gs_db,BOTAN,1 65942U 98067XP  26035.73745111  .00298019  00000+0  13964-2 0  9994,2 65942  51.6187 223.3215 0005573 248.4699 111.5709 15.81813889 18359
2026-02-06T03:00:49.172829+09:00,gs_db,BOTAN,1 65942U 98067XP  26035.73745111  .00298019  00000+0  13964-2 0  9994,2 65942  51.6187 223.3215 0005573 248.4699 111.5709 15.81813889 18359
2026-02-06T06:00:52.929116+09:00,gs_db,BOTAN,1 65942U 98067XP  26035.73745111  .00298019  00000+0  13964-2 0  9994,2 65942  51.6187 223.3215 0005573 248.4699 111.5709 15.81813889 18359
2026-02-06T09:00:48.226759+09:00,gs_db,BOTAN,1 65942U 98067XP  26036.68487642  .00396212  00000+0  17752-2 0  9994,2 65942  51.6194 218.3956 0005654 257.2305 102.8066 15.82518268 18505
2026-02-06T09:01:00.671616+09:00,gs_db,BOTAN,1 65942U 98067XP  26036.68487642  .00396212  00000+0  17752-2 0  9994,2 65942  51.6194 218.3956 0005654 257.2305 102.8066 15.82518268 18505
2026-02-06T12:00:20.295172+09:00,gs_db,BOTAN,1 65942U 98067XP  26036.68487642  .00396212  00000+0  17752-2 0  9994,2 65942  51.6194 218.3956 0005654 257.2305 102.8066 15.82518268 18505
2026-02-06T15:00:21.986218+09:00,gs_db,BOTAN,1 65942U 98067XP  26036.87431081  .00378529  00000+0  16889-2 0  9992,2 65942  51.6190 217.4098 0005660 259.2097 100.8268 15.82653618 18539
2026-02-06T15:00:25.497123+09:00,gs_db,BOTAN,1 65942U 98067XP  26036.87431081  .00378529  00000+0  16889-2 0  9992,2 65942  51.6190 217.4098 0005660 259.2097 100.8268 15.82653618 18539
2026-02-06T18:00:23.192229+09:00,gs_db,BOTAN,1 65942U 98067XP  26036.87431081  .00378529  00000+0  16889-2 0  9992,2 65942  51.6190 217.4098 0005660 259.2097 100.8268 15.82653618 18539
2026-02-06T21:00:38.990464+09:00,gs_db,BOTAN,1 65942U 98067XP  26036.87431081  .00378529  00000+0  16889-2 0  9992,2 65942  51.6190 217.4098 0005660 259.2097 100.8268 15.82653618 18539
2026-02-06T21:00:41.911786+09:00,gs_db,BOTAN,1 65942U 98067XP  26036.87431081  .00378529  00000+0  16889-2 0  9992,2 65942  51.6190 217.4098 0005660 259.2097 100.8268 15.82653618 18539
2026-02-07T00:00:19.794748+09:00,gs_db,BOTAN,1 65942U 98067XP  26036.87431081  .00378529  00000+0  16889-2 0  9992,2 65942  51.6190 217.4098 0005660 259.2097 100.8268 15.82653618 18539
2026-02-07T03:00:58.827941+09:00,gs_db,BOTAN,1 65942U 98067XP  26036.87431081  .00378529  00000+0  16889-2 0  9992,2 65942  51.6190 217.4098 0005660 259.2097 100.8268 15.82653618 18539
2026-02-07T03:01:08.720008+09:00,gs_db,BOTAN,1 65942U 98067XP  26036.87431081  .00378529  00000+0  16889-2 0  9992,2 65942  51.6190 217.4098 0005660 259.2097 100.8268 15.82653618 18539
2026-02-07T06:00:24.662224+09:00,gs_db,BOTAN,1 65942U 98067XP  26037.50565475  .00357545  00000+0  15696-2 0  9998,2 65942  51.6185 214.1233 0005759 263.2850  96.7497 15.83051988 18630
2026-02-07T09:00:38.253871+09:00,gs_db,BOTAN,1 65942U 98067XP  26037.50565475  .00357545  00000+0  15696-2 0  9998,2 65942  51.6185 214.1233 0005759 263.2850  96.7497 15.83051988 18630
2026-02-07T09:00:40.940962+09:00,gs_db,BOTAN,1 65942U 98067XP  26037.50565475  .00357545  00000+0  15696-2 0  9998,2 65942  51.6185 214.1233 0005759 263.2850  96.7497 15.83051988 18630
2026-02-07T12:00:21.475323+09:00,gs_db,BOTAN,1 65942U 98067XP  26037.50565475  .00357545  00000+0  15696-2 0  9998,2 65942  51.6185 214.1233 0005759 263.2850  96.7497 15.83051988 18630
2026-02-07T15:00:24.179287+09:00,gs_db,BOTAN,1 65942U 98067XP  26037.50565475  .00357545  00000+0  15696-2 0  9998,2 65942  51.6185 214.1233 0005759 263.2850  96.7497 15.83051988 18630
2026-02-07T15:00:24.328369+09:00,gs_db,BOTAN,1 65942U 98067XP  26037.50565475  .00357545  00000+0  15696-2 0  9998,2 65942  51.6185 214.1233 0005759 263.2850  96.7497 15.83051988 18630
2026-02-07T18:00:24.868132+09:00,gs_db,BOTAN,1 65942U 98067XP  26037.75814844  .00356023  00000+0  15519-2 0  9996,2 65942  51.6190 212.8086 0005878 265.4607  94.5725 15.83205172 18673
2026-02-07T21:00:27.081853+09:00,gs_db,BOTAN,1 65942U 98067XP  26037.75814844  .00356023  00000+0  15519-2 0  9996,2 65942  51.6190 212.8086 0005878 265.4607  94.5725 15.83205172 18673
2026-02-07T21:00:28.018849+09:00,gs_db,BOTAN,1 65942U 98067XP  26037.75814844  .00356023  00000+0  15519-2 0  9996,2 65942  51.6190 212.8086 0005878 265.4607  94.5725 15.83205172 18673
2026-02-08T00:00:20.032282+09:00,gs_db,BOTAN,1 65942U 98067XP  26037.75814844  .00356023  00000+0  15519-2 0  9996,2 65942  51.6190 212.8086 0005878 265.4607  94.5725 15.83205172 18673
2026-02-08T03:00:13.689641+09:00,gs_db,BOTAN,1 65942U 98067XP  26037.75814844  .00356023  00000+0  15519-2 0  9996,2 65942  51.6190 212.8086 0005878 265.4607  94.5725 15.83205172 18673
2026-02-08T03:00:14.956819+09:00,gs_db,BOTAN,1 65942U 98067XP  26037.75814844  .00356023  00000+0  15519-2 0  9996,2 65942  51.6190 212.8086 0005878 265.4607  94.5725 15.83205172 18673
2026-02-08T06:00:22.832844+09:00,gs_db,BOTAN,1 65942U 98067XP  26038.64166956  .00363445  00000+0  15398-2 0  9990,2 65942  51.6181 208.2035 0006147 270.8199  89.2099 15.83788445 18812
2026-02-08T09:00:38.72116+09:00,gs_db,BOTAN,1 65942U 98067XP  26038.64166956  .00363445  00000+0  15398-2 0  9990,2 65942  51.6181 208.2035 0006147 270.8199  89.2099 15.83788445 18812
2026-02-08T09:00:47.179287+09:00,gs_db,BOTAN,1 65942U 98067XP  26038.64166956  .00363445  00000+0  15398-2 0  9990,2 65942  51.6181 208.2035 0006147 270.8199  89.2099 15.83788445 18812
2026-02-08T12:00:19.322724+09:00,gs_db,BOTAN,1 65942U 98067XP  26038.64166956  .00363445  00000+0  15398-2 0  9990,2 65942  51.6181 208.2035 0006147 270.8199  89.2099 15.83788445 18812
2026-02-08T15:00:20.810742+09:00,gs_db,BOTAN,1 65942U 98067XP  26038.70476492  .00380908  00000+0  16065-2 0  9991,2 65942  51.6182 207.8745 0006173 271.0570  88.9726 15.83838919 18827
2026-02-08T15:00:22.591319+09:00,gs_db,BOTAN,1 65942U 98067XP  26038.70476492  .00380908  00000+0  16065-2 0  9991,2 65942  51.6182 207.8745 0006173 271.0570  88.9726 15.83838919 18827
2026-02-08T18:00:33.421031+09:00,gs_db,BOTAN,1 65942U 98067XP  26038.70476492  .00380908  00000+0  16065-2 0  9991,2 65942  51.6182 207.8745 0006173 271.0570  88.9726 15.83838919 18827
2026-02-08T21:00:31.763107+09:00,gs_db,BOTAN,1 65942U 98067XP  26038.70476492  .00380908  00000+0  16065-2 0  9991,2 65942  51.6182 207.8745 0006173 271.0570  88.9726 15.83838919 18827
2026-02-08T21:00:38.343447+09:00,gs_db,BOTAN,1 65942U 98067XP  26038.70476492  .00380908  00000+0  16065-2 0  9991,2 65942  51.6182 207.8745 0006173 271.0570  88.9726 15.83838919 18827
2026-02-09T00:00:32.307907+09:00,gs_db,BOTAN,1 65942U 98067XP  26038.70476492  .00380908  00000+0  16065-2 0  9991,2 65942  51.6182 207.8745 0006173 271.0570  88.9726 15.83838919 18827
2026-02-09T03:00:15.898682+09:00,gs_db,BOTAN,1 65942U 98067XP  26038.70476492  .00380908  00000+0  16065-2 0  9991,2 65942  51.6182 207.8745 0006173 271.0570  88.9726 15.83838919 18827
2026-02-09T03:00:18.323117+09:00,gs_db,BOTAN,1 65942U 98067XP  26038.70476492  .00380908  00000+0  16065-2 0  9991,2 65942  51.6182 207.8745 0006173 271.0570  88.9726 15.83838919 18827
2026-02-09T06:00:30.700535+09:00,gs_db,BOTAN,1 65942U 98067XP  26039.46178240  .00342562  00000+0  14175-2 0  9999,2 65942  51.6179 203.9271 0006222 277.7015  82.3282 15.84336701 18947
2026-02-09T09:00:46.837245+09:00,gs_db,BOTAN,1 65942U 98067XP  26039.46178240  .00342562  00000+0  14175-2 0  9999,2 65942  51.6179 203.9271 0006222 277.7015  82.3282 15.84336701 18947
2026-02-09T09:00:50.292643+09:00,gs_db,BOTAN,1 65942U 98067XP  26039.46178240  .00342562  00000+0  14175-2 0  9999,2 65942  51.6179 203.9271 0006222 277.7015  82.3282 15.84336701 18947
2026-02-09T12:00:24.810183+09:00,gs_db,BOTAN,1 65942U 98067XP  26039.46178240  .00342562  00000+0  14175-2 0  9999,2 65942  51.6179 203.9271 0006222 277.7015  82.3282 15.84336701 18947
2026-02-09T15:00:27.368439+09:00,gs_db,BOTAN,1 65942U 98067XP  26039.46178240  .00342562  00000+0  14175-2 0  9999,2 65942  51.6179 203.9271 0006222 277.7015  82.3282 15.84336701 18947
2026-02-09T15:00:28.004013+09:00,gs_db,BOTAN,1 65942U 98067XP  26039.46178240  .00342562  00000+0  14175-2 0  9999,2 65942  51.6179 203.9271 0006222 277.7015  82.3282 15.84336701 18947
2026-02-09T21:00:35.234174+09:00,gs_db,BOTAN,1 65942U 98067XP  26039.46178240  .00342562  00000+0  14175-2 0  9999,2 65942  51.6179 203.9271 0006222 277.7015  82.3282 15.84336701 18947
2026-02-09T21:00:36.725124+09:00,gs_db,BOTAN,1 65942U 98067XP  26039.46178240  .00342562  00000+0  14175-2 0  9999,2 65942  51.6179 203.9271 0006222 277.7015  82.3282 15.84336701 18947
2026-02-10T00:00:25.762786+09:00,gs_db,BOTAN,1 65942U 98067XP  26039.46178240  .00342562  00000+0  14175-2 0  9999,2 65942  51.6179 203.9271 0006222 277.7015  82.3282 15.84336701 18947
2026-02-10T06:00:29.631782+09:00,gs_db,BOTAN,1 65942U 98067XP  26040.47075433  .00382643  00000+0  15228-2 0  9996,2 65942  51.6175 198.6624 0006415 288.6720  71.3587 15.85050158 19108
2026-02-10T09:00:34.664227+09:00,gs_db,BOTAN,1 65942U 98067XP  26040.47075433  .00382643  00000+0  15228-2 0  9996,2 65942  51.6175 198.6624 0006415 288.6720  71.3587 15.85050158 19108
2026-02-10T09:00:36.785719+09:00,gs_db,BOTAN,1 65942U 98067XP  26040.47075433  .00382643  00000+0  15228-2 0  9996,2 65942  51.6175 198.6624 0006415 288.6720  71.3587 15.85050158 19108
2026-02-10T12:00:22.800484+09:00,gs_db,BOTAN,1 65942U 98067XP  26040.47075433  .00382643  00000+0  15228-2 0  9996,2 65942  51.6175 198.6624 0006415 288.6720  71.3587 15.85050158 19108
2026-02-10T15:00:21.684589+09:00,gs_db,BOTAN,1 65942U 98067XP  26040.47075433  .00382643  00000+0  15228-2 0  9996,2 65942  51.6175 198.6624 0006415 288.6720  71.3587 15.85050158 19108
2026-02-10T15:00:21.797586+09:00,gs_db,BOTAN,1 65942U 98067XP  26040.47075433  .00382643  00000+0  15228-2 0  9996,2 65942  51.6175 198.6624 0006415 288.6720  71.3587 15.85050158 19108
2026-02-10T18:00:40.008455+09:00,gs_db,BOTAN,1 65942U 98067XP  26040.65988549  .00352215  00000+0  13981-2 0  9993,2 65942  51.6174 197.6749 0006446 289.8323  70.1986 15.85179997 19136
2026-02-10T21:00:26.348777+09:00,gs_db,BOTAN,1 65942U 98067XP  26040.65988549  .00352215  00000+0  13981-2 0  9993,2 65942  51.6174 197.6749 0006446 289.8323  70.1986 15.85179997 19136
2026-02-10T21:00:28.967722+09:00,gs_db,BOTAN,1 65942U 98067XP  26040.65988549  .00352215  00000+0  13981-2 0  9993,2 65942  51.6174 197.6749 0006446 289.8323  70.1986 15.85179997 19136
2026-02-11T00:00:30.393631+09:00,gs_db,BOTAN,1 65942U 98067XP  26040.65988549  .00352215  00000+0  13981-2 0  9993,2 65942  51.6174 197.6749 0006446 289.8323  70.1986 15.85179997 19136
2026-02-11T03:00:34.827222+09:00,gs_db,BOTAN,1 65942U 98067XP  26040.65988549  .00352215  00000+0  13981-2 0  9993,2 65942  51.6174 197.6749 0006446 289.8323  70.1986 15.85179997 19136
2026-02-11T03:00:35.342128+09:00,gs_db,BOTAN,1 65942U 98067XP  26040.65988549  .00352215  00000+0  13981-2 0  9993,2 65942  51.6174 197.6749 0006446 289.8323  70.1986 15.85179997 19136
2026-02-11T06:00:29.989525+09:00,gs_db,BOTAN,1 65942U 98067XP  26040.65988549  .00352215  00000+0  13981-2 0  9993,2 65942  51.6174 197.6749 0006446 289.8323  70.1986 15.85179997 19136
2026-02-11T09:00:57.197458+09:00,gs_db,BOTAN,1 65942U 98067XP  26041.41625111  .00360648  00000+0  13934-2 0  9998,2 65942  51.6175 193.7233 0006713 296.3894  63.6420 15.85716471 19252
2026-02-11T09:00:57.639938+09:00,gs_db,BOTAN,1 65942U 98067XP  26041.41625111  .00360648  00000+0  13934-2 0  9998,2 65942  51.6175 193.7233 0006713 296.3894  63.6420 15.85716471 19252
2026-02-11T12:00:13.393134+09:00,gs_db,BOTAN,1 65942U 98067XP  26041.41625111  .00360648  00000+0  13934-2 0  9998,2 65942  51.6175 193.7233 0006713 296.3894  63.6420 15.85716471 19252
2026-02-11T15:00:18.046158+09:00,gs_db,BOTAN,1 65942U 98067XP  26041.41625111  .00360648  00000+0  13934-2 0  9998,2 65942  51.6175 193.7233 0006713 296.3894  63.6420 15.85716471 19252
2026-02-11T15:00:23.513437+09:00,gs_db,BOTAN,1 65942U 98067XP  26041.41625111  .00360648  00000+0  13934-2 0  9998,2 65942  51.6175 193.7233 0006713 296.3894  63.6420 15.85716471 19252
2026-02-11T18:00:22.94863+09:00,gs_db,BOTAN,1 65942U 98067XP  26041.66831634  .00368520  00000+0  14102-2 0  9999,2 65942  51.6183 192.4071 0006751 298.4455  61.5868 15.85896603 19298
2026-02-11T21:00:18.073387+09:00,gs_db,BOTAN,1 65942U 98067XP  26041.66831634  .00368520  00000+0  14102-2 0  9999,2 65942  51.6183 192.4071 0006751 298.4455  61.5868 15.85896603 19298
2026-02-11T21:00:26.171285+09:00,gs_db,BOTAN,1 65942U 98067XP  26041.66831634  .00368520  00000+0  14102-2 0  9999,2 65942  51.6183 192.4071 0006751 298.4455  61.5868 15.85896603 19298
2026-02-12T00:00:19.652744+09:00,gs_db,BOTAN,1 65942U 98067XP  26042.23535834  .00410732  00000+0  15321-2 0  9993,2 65942  51.6173 189.4415 0006934 302.8297  57.2039 15.86318182 19386
2026-02-12T03:00:17.665478+09:00,gs_db,BOTAN,1 65942U 98067XP  26042.23535834  .00410732  00000+0  15321-2 0  9993,2 65942  51.6173 189.4415 0006934 302.8297  57.2039 15.86318182 19386
2026-02-12T03:00:24.854999+09:00,gs_db,BOTAN,1 65942U 98067XP  26042.23535834  .00410732  00000+0  15321-2 0  9993,2 65942  51.6173 189.4415 0006934 302.8297  57.2039 15.86318182 19386
2026-02-12T06:01:52.875567+09:00,gs_db,BOTAN,1 65942U 98067XP  26042.23535834  .00410732  00000+0  15321-2 0  9993,2 65942  51.6173 189.4415 0006934 302.8297  57.2039 15.86318182 19386
2026-02-12T09:01:02.909115+09:00,gs_db,BOTAN,1 65942U 98067XP  26042.61329818  .00413748  00000+0  15201-2 0  9995,2 65942  51.6169 187.4637 0007161 305.3332  54.7002 15.86621128 19442
2026-02-12T12:00:30.249199+09:00,gs_db,BOTAN,1 65942U 98067XP  26042.61329818  .00413748  00000+0  15201-2 0  9995,2 65942  51.6169 187.4637 0007161 305.3332  54.7002 15.86621128 19442
2026-02-12T15:00:14.233026+09:00,gs_db,BOTAN,1 65942U 98067XP  26042.80224071  .00400641  00000+0  14631-2 0  9995,2 65942  51.6168 186.4744 0007597 307.2999  52.7312 15.86770887 19474
2026-02-12T15:00:30.688961+09:00,gs_db,BOTAN,1 65942U 98067XP  26042.80224071  .00400641  00000+0  14631-2 0  9995,2 65942  51.6168 186.4744 0007597 307.2999  52.7312 15.86770887 19474
2026-02-12T18:00:17.41786+09:00,gs_db,BOTAN,1 65942U 98067XP  26042.80224071  .00400641  00000+0  14631-2 0  9995,2 65942  51.6168 186.4744 0007597 307.2999  52.7312 15.86770887 19474
2026-02-12T21:00:18.403835+09:00,gs_db,BOTAN,1 65942U 98067XP  26042.80224071  .00400641  00000+0  14631-2 0  9995,2 65942  51.6168 186.4744 0007597 307.2999  52.7312 15.86770887 19474
2026-02-12T21:00:39.050289+09:00,gs_db,BOTAN,1 65942U 98067XP  26042.80224071  .00400641  00000+0  14631-2 0  9995,2 65942  51.6168 186.4744 0007597 307.2999  52.7312 15.86770887 19474
2026-02-13T00:00:11.560178+09:00,gs_db,BOTAN,1 65942U 98067XP  26042.80224071  .00400641  00000+0  14631-2 0  9995,2 65942  51.6168 186.4744 0007597 307.2999  52.7312 15.86770887 19474
2026-02-13T03:00:13.542032+09:00,gs_db,BOTAN,1 65942U 98067XP  26042.80224071  .00400641  00000+0  14631-2 0  9995,2 65942  51.6168 186.4744 0007597 307.2999  52.7312 15.86770887 19474
2026-02-13T03:00:29.481838+09:00,gs_db,BOTAN,1 65942U 98067XP  26042.80224071  .00400641  00000+0  14631-2 0  9995,2 65942  51.6168 186.4744 0007597 307.2999  52.7312 15.86770887 19474
2026-02-13T06:00:49.558385+09:00,gs_db,BOTAN,1 65942U 98067XP  26043.55782541  .00415866  00000+0  14703-2 0  9994,2 65942  51.6168 182.5170 0007628 311.7448  48.2904 15.87394938 19598
2026-02-13T09:01:01.085746+09:00,gs_db,BOTAN,1 65942U 98067XP  26043.55782541  .00415866  00000+0  14703-2 0  9994,2 65942  51.6168 182.5170 0007628 311.7448  48.2904 15.87394938 19598
2026-02-13T09:01:10.104968+09:00,gs_db,BOTAN,1 65942U 98067XP  26043.55782541  .00415866  00000+0  14703-2 0  9994,2 65942  51.6168 182.5170 0007628 311.7448  48.2904 15.87394938 19598
2026-02-13T12:00:19.896198+09:00,gs_db,BOTAN,1 65942U 98067XP  26043.55782541  .00415866  00000+0  14703-2 0  9994,2 65942  51.6168 182.5170 0007628 311.7448  48.2904 15.87394938 19598
2026-02-13T15:00:27.428647+09:00,gs_db,BOTAN,1 65942U 98067XP  26043.80962246  .00416489  00000+0  14578-2 0  9996,2 65942  51.6163 181.1968 0007661 313.4599  46.5767 15.87596665 19630
2026-02-13T15:00:33.203912+09:00,gs_db,BOTAN,1 65942U 98067XP  26043.80962246  .00416489  00000+0  14578-2 0  9996,2 65942  51.6163 181.1968 0007661 313.4599  46.5767 15.87596665 19630
2026-02-13T18:01:15.53521+09:00,gs_db,BOTAN,1 65942U 98067XP  26043.80962246  .00416489  00000+0  14578-2 0  9996,2 65942  51.6163 181.1968 0007661 313.4599  46.5767 15.87596665 19630
2026-02-13T21:00:26.842961+09:00,gs_db,BOTAN,1 65942U 98067XP  26043.80962246  .00416489  00000+0  14578-2 0  9996,2 65942  51.6163 181.1968 0007661 313.4599  46.5767 15.87596665 19630
2026-02-13T21:00:29.945538+09:00,gs_db,BOTAN,1 65942U 98067XP  26043.80962246  .00416489  00000+0  14578-2 0  9996,2 65942  51.6163 181.1968 0007661 313.4599  46.5767 15.87596665 19630
2026-02-14T00:00:25.625533+09:00,gs_db,BOTAN,1 65942U 98067XP  26044.25019649  .00432754  00000+0  14871-2 0  9995,2 65942  51.6159 178.8870 0007794 316.3906  43.6481 15.87930291 19707
2026-02-14T03:00:21.802051+09:00,gs_db,BOTAN,1 65942U 98067XP  26044.25019649  .00432754  00000+0  14871-2 0  9995,2 65942  51.6159 178.8870 0007794 316.3906  43.6481 15.87930291 19707
2026-02-14T03:00:27.369922+09:00,gs_db,BOTAN,1 65942U 98067XP  26044.25019649  .00432754  00000+0  14871-2 0  9995,2 65942  51.6159 178.8870 0007794 316.3906  43.6481 15.87930291 19707
2026-02-14T06:00:34.512784+09:00,gs_db,BOTAN,1 65942U 98067XP  26044.25019649  .00432754  00000+0  14871-2 0  9995,2 65942  51.6159 178.8870 0007794 316.3906  43.6481 15.87930291 19707
2026-02-14T09:00:34.825837+09:00,gs_db,BOTAN,1 65942U 98067XP  26044.25019649  .00432754  00000+0  14871-2 0  9995,2 65942  51.6159 178.8870 0007794 316.3906  43.6481 15.87930291 19707
2026-02-14T09:00:36.897557+09:00,gs_db,BOTAN,1 65942U 98067XP  26044.25019649  .00432754  00000+0  14871-2 0  9995,2 65942  51.6159 178.8870 0007794 316.3906  43.6481 15.87930291 19707
2026-02-14T12:00:21.235268+09:00,gs_db,BOTAN,1 65942U 98067XP  26044.25019649  .00432754  00000+0  14871-2 0  9995,2 65942  51.6159 178.8870 0007794 316.3906  43.6481 15.87930291 19707
2026-02-14T15:00:19.588281+09:00,gs_db,BOTAN,1 65942U 98067XP  26044.62775315  .00415996  00000+0  14110-2 0  9990,2 65942  51.6162 176.9072 0007926 319.0069  41.0339 15.88230459 19761
2026-02-14T15:00:20.68302+09:00,gs_db,BOTAN,1 65942U 98067XP  26044.62775315  .00415996  00000+0  14110-2 0  9990,2 65942  51.6162 176.9072 0007926 319.0069  41.0339 15.88230459 19761
2026-02-14T18:01:05.104768+09:00,gs_db,BOTAN,1 65942U 98067XP  26044.62775315  .00415996  00000+0  14110-2 0  9990,2 65942  51.6162 176.9072 0007926 319.0069  41.0339 15.88230459 19761
2026-02-14T21:00:31.602774+09:00,gs_db,BOTAN,1 65942U 98067XP  26044.62775315  .00415996  00000+0  14110-2 0  9990,2 65942  51.6162 176.9072 0007926 319.0069  41.0339 15.88230459 19761
2026-02-14T21:00:32.025965+09:00,gs_db,BOTAN,1 65942U 98067XP  26044.62775315  .00415996  00000+0  14110-2 0  9990,2 65942  51.6162 176.9072 0007926 319.0069  41.0339 15.88230459 19761
2026-02-15T00:00:11.169656+09:00,gs_db,BOTAN,1 65942U 98067XP  26045.25685187  .00463784  00000+0  15238-2 0  9997,2 65942  51.6157 173.6046 0007973 322.9275  37.1178 15.88758377 19866
2026-02-15T03:00:19.841008+09:00,gs_db,BOTAN,1 65942U 98067XP  26045.25685187  .00463784  00000+0  15238-2 0  9997,2 65942  51.6157 173.6046 0007973 322.9275  37.1178 15.88758377 19866
2026-02-15T03:00:20.994052+09:00,gs_db,BOTAN,1 65942U 98067XP  26045.25685187  .00463784  00000+0  15238-2 0  9997,2 65942  51.6157 173.6046 0007973 322.9275  37.1178 15.88758377 19866
2026-02-15T06:00:25.472836+09:00,gs_db,BOTAN,1 65942U 98067XP  26045.25685187  .00463784  00000+0  15238-2 0  9997,2 65942  51.6157 173.6046 0007973 322.9275  37.1178 15.88758377 19866
2026-02-15T09:00:58.22879+09:00,gs_db,BOTAN,1 65942U 98067XP  26045.25685187  .00463784  00000+0  15238-2 0  9997,2 65942  51.6157 173.6046 0007973 322.9275  37.1178 15.88758377 19866
2026-02-15T09:01:08.295829+09:00,gs_db,BOTAN,1 65942U 98067XP  26045.25685187  .00463784  00000+0  15238-2 0  9997,2 65942  51.6157 173.6046 0007973 322.9275  37.1178 15.88758377 19866
2026-02-15T12:00:21.409277+09:00,gs_db,BOTAN,1 65942U 98067XP  26045.25685187  .00463784  00000+0  15238-2 0  9997,2 65942  51.6157 173.6046 0007973 322.9275  37.1178 15.88758377 19866
2026-02-15T15:00:20.881114+09:00,gs_db,BOTAN,1 65942U 98067XP  26045.25685187  .00463784  00000+0  15238-2 0  9997,2 65942  51.6157 173.6046 0007973 322.9275  37.1178 15.88758377 19866
2026-02-15T15:00:22.69408+09:00,gs_db,BOTAN,1 65942U 98067XP  26045.25685187  .00463784  00000+0  15238-2 0  9997,2 65942  51.6157 173.6046 0007973 322.9275  37.1178 15.88758377 19866
2026-02-15T18:00:50.441181+09:00,gs_db,BOTAN,1 65942U 98067XP  26045.25685187  .00463784  00000+0  15238-2 0  9997,2 65942  51.6157 173.6046 0007973 322.9275  37.1178 15.88758377 19866
2026-02-15T21:00:24.40994+09:00,gs_db,BOTAN,1 65942U 98067XP  26045.25685187  .00463784  00000+0  15238-2 0  9997,2 65942  51.6157 173.6046 0007973 322.9275  37.1178 15.88758377 19866
2026-02-15T21:00:27.084836+09:00,gs_db,BOTAN,1 65942U 98067XP  26045.25685187  .00463784  00000+0  15238-2 0  9997,2 65942  51.6157 173.6046 0007973 322.9275  37.1178 15.88758377 19866
2026-02-16T00:00:18.732195+09:00,gs_db,BOTAN,1 65942U 98067XP  26046.26297893  .00526538  11617-3  17519-2 0  9993,2 65942  51.6165 168.3215 0008928 328.9748  31.0729 15.89634661 20021
2026-02-16T03:00:19.683633+09:00,gs_db,BOTAN,1 65942U 98067XP  26046.26297893  .00526538  11617-3  17519-2 0  9993,2 65942  51.6165 168.3215 0008928 328.9748  31.0729 15.89634661 20021
2026-02-16T03:00:20.005756+09:00,gs_db,BOTAN,1 65942U 98067XP  26046.26297893  .00526538  11617-3  17519-2 0  9993,2 65942  51.6165 168.3215 0008928 328.9748  31.0729 15.89634661 20021
2026-02-16T06:00:25.987754+09:00,gs_db,BOTAN,1 65942U 98067XP  26046.57727137  .00486963  10068-3  15961-2 0  9991,2 65942  51.6166 166.6675 0008759 330.3659  29.6849 15.89938548 20075
2026-02-16T09:00:46.681359+09:00,gs_db,BOTAN,1 65942U 98067XP  26046.57727137  .00486963  10068-3  15961-2 0  9991,2 65942  51.6166 166.6675 0008759 330.3659  29.6849 15.89938548 20075
2026-02-16T09:00:46.910367+09:00,gs_db,BOTAN,1 65942U 98067XP  26046.57727137  .00486963  10068-3  15961-2 0  9991,2 65942  51.6166 166.6675 0008759 330.3659  29.6849 15.89938548 20075
2026-02-16T12:00:24.755111+09:00,gs_db,BOTAN,1 65942U 98067XP  26046.57727137  .00486963  10068-3  15961-2 0  9991,2 65942  51.6166 166.6675 0008759 330.3659  29.6849 15.89938548 20075
2026-02-16T15:00:24.863014+09:00,gs_db,BOTAN,1 65942U 98067XP  26046.70297160  .00485817  10038-3  15824-2 0  9996,2 65942  51.6165 166.0065 0008797 331.2501  28.8019 15.90062196 20090
2026-02-16T15:00:32.111797+09:00,gs_db,BOTAN,1 65942U 98067XP  26046.70297160  .00485817  10038-3  15824-2 0  9996,2 65942  51.6165 166.0065 0008797 331.2501  28.8019 15.90062196 20090
2026-02-16T18:01:40.731016+09:00,gs_db,BOTAN,1 65942U 98067XP  26046.70297160  .00485817  10038-3  15824-2 0  9996,2 65942  51.6165 166.0065 0008797 331.2501  28.8019 15.90062196 20090
2026-02-16T21:00:25.475395+09:00,gs_db,BOTAN,1 65942U 98067XP  26046.70297160  .00485817  10038-3  15824-2 0  9996,2 65942  51.6165 166.0065 0008797 331.2501  28.8019 15.90062196 20090
2026-02-16T21:00:30.697844+09:00,gs_db,BOTAN,1 65942U 98067XP  26046.70297160  .00485817  10038-3  15824-2 0  9996,2 65942  51.6165 166.0065 0008797 331.2501  28.8019 15.90062196 20090
2026-02-17T00:00:20.672795+09:00,gs_db,BOTAN,1 65942U 98067XP  26047.26850714  .00493576  10401-3  15639-2 0  9997,2 65942  51.6161 163.0304 0008986 334.3065  25.7493 15.90597587 20187
2026-02-17T03:00:22.593499+09:00,gs_db,BOTAN,1 65942U 98067XP  26047.26850714  .00493576  10401-3  15639-2 0  9997,2 65942  51.6161 163.0304 0008986 334.3065  25.7493 15.90597587 20187
2026-02-17T03:00:28.392753+09:00,gs_db,BOTAN,1 65942U 98067XP  26047.26850714  .00493576  10401-3  15639-2 0  9997,2 65942  51.6161 163.0304 0008986 334.3065  25.7493 15.90597587 20187
2026-02-17T06:00:26.529501+09:00,gs_db,BOTAN,1 65942U 98067XP  26047.51979239  .00495672  10514-3  15502-2 0  9992,2 65942  51.6162 161.7071 0008996 335.4040  24.6536 15.90850823 20226
2026-02-17T09:00:43.60687+09:00,gs_db,BOTAN,1 65942U 98067XP  26047.51979239  .00495672  10514-3  15502-2 0  9992,2 65942  51.6162 161.7071 0008996 335.4040  24.6536 15.90850823 20226
2026-02-17T09:00:50.136422+09:00,gs_db,BOTAN,1 65942U 98067XP  26047.51979239  .00495672  10514-3  15502-2 0  9992,2 65942  51.6162 161.7071 0008996 335.4040  24.6536 15.90850823 20226
2026-02-17T12:00:14.568896+09:00,gs_db,BOTAN,1 65942U 98067XP  26047.51979239  .00495672  10514-3  15502-2 0  9992,2 65942  51.6162 161.7071 0008996 335.4040  24.6536 15.90850823 20226
2026-02-17T15:00:24.021486+09:00,gs_db,BOTAN,1 65942U 98067XP  26047.51979239  .00495672  10514-3  15502-2 0  9992,2 65942  51.6162 161.7071 0008996 335.4040  24.6536 15.90850823 20226
2026-02-17T15:00:30.396891+09:00,gs_db,BOTAN,1 65942U 98067XP  26047.51979239  .00495672  10514-3  15502-2 0  9992,2 65942  51.6162 161.7071 0008996 335.4040  24.6536 15.90850823 20226
2026-02-17T18:01:22.608827+09:00,gs_db,BOTAN,1 65942U 98067XP  26047.51979239  .00495672  10514-3  15502-2 0  9992,2 65942  51.6162 161.7071 0008996 335.4040  24.6536 15.90850823 20226
2026-02-17T21:00:43.086176+09:00,gs_db,BOTAN,1 65942U 98067XP  26047.51979239  .00495672  10514-3  15502-2 0  9992,2 65942  51.6162 161.7071 0008996 335.4040  24.6536 15.90850823 20226
2026-02-17T21:00:50.89629+09:00,gs_db,BOTAN,1 65942U 98067XP  26047.51979239  .00495672  10514-3  15502-2 0  9992,2 65942  51.6162 161.7071 0008996 335.4040  24.6536 15.90850823 20226
2026-02-18T00:00:35.579555+09:00,gs_db,BOTAN,1 65942U 98067XP  26048.27341133  .00491628  10444-3  14794-2 0  9993,2 65942  51.6160 157.7353 0009000 339.1028  20.9609 15.91598962 20343
2026-02-18T03:00:20.232041+09:00,gs_db,BOTAN,1 65942U 98067XP  26048.27341133  .00491628  10444-3  14794-2 0  9993,2 65942  51.6160 157.7353 0009000 339.1028  20.9609 15.91598962 20343
2026-02-18T03:00:20.322499+09:00,gs_db,BOTAN,1 65942U 98067XP  26048.27341133  .00491628  10444-3  14794-2 0  9993,2 65942  51.6160 157.7353 0009000 339.1028  20.9609 15.91598962 20343
2026-02-18T06:00:25.93694+09:00,gs_db,BOTAN,1 65942U 98067XP  26048.52453849  .00459962  92604-4  13674-2 0  9999,2 65942  51.6160 156.4110 0009065 340.4312  19.6345 15.91838464 20382
2026-02-18T09:00:52.469758+09:00,gs_db,BOTAN,1 65942U 98067XP  26048.52453849  .00459962  92604-4  13674-2 0  9999,2 65942  51.6160 156.4110 0009065 340.4312  19.6345 15.91838464 20382
2026-02-18T09:00:52.743382+09:00,gs_db,BOTAN,1 65942U 98067XP  26048.52453849  .00459962  92604-4  13674-2 0  9999,2 65942  51.6160 156.4110 0009065 340.4312  19.6345 15.91838464 20382
2026-02-18T12:00:22.983113+09:00,gs_db,BOTAN,1 65942U 98067XP  26048.52453849  .00459962  92604-4  13674-2 0  9999,2 65942  51.6160 156.4110 0009065 340.4312  19.6345 15.91838464 20382
2026-02-18T15:00:28.19164+09:00,gs_db,BOTAN,1 65942U 98067XP  26048.52453849  .00459962  92604-4  13674-2 0  9999,2 65942  51.6160 156.4110 0009065 340.4312  19.6345 15.91838464 20382
2026-02-18T15:00:28.622691+09:00,gs_db,BOTAN,1 65942U 98067XP  26048.52453849  .00459962  92604-4  13674-2 0  9999,2 65942  51.6160 156.4110 0009065 340.4312  19.6345 15.91838464 20382
2026-02-18T21:00:32.150372+09:00,gs_db,BOTAN,1 65942U 98067XP  26048.52453849  .00459962  92604-4  13674-2 0  9999,2 65942  51.6160 156.4110 0009065 340.4312  19.6345 15.91838464 20382
2026-02-18T21:00:34.633353+09:00,gs_db,BOTAN,1 65942U 98067XP  26048.52453849  .00459962  92604-4  13674-2 0  9999,2 65942  51.6160 156.4110 0009065 340.4312  19.6345 15.91838464 20382
2026-02-19T00:00:18.737603+09:00,gs_db,BOTAN,1 65942U 98067XP  26049.27768974  .00485644  10326-3  13883-2 0  9998,2 65942  51.6164 152.4368 0009367 344.4177  15.6540 15.92578801 20509
2026-02-19T03:00:21.27862+09:00,gs_db,BOTAN,1 65942U 98067XP  26049.27768974  .00485644  10326-3  13883-2 0  9998,2 65942  51.6164 152.4368 0009367 344.4177  15.6540 15.92578801 20509
2026-02-19T03:00:23.594347+09:00,gs_db,BOTAN,1 65942U 98067XP  26049.27768974  .00485644  10326-3  13883-2 0  9998,2 65942  51.6164 152.4368 0009367 344.4177  15.6540 15.92578801 20509
2026-02-19T06:00:20.013847+09:00,gs_db,BOTAN,1 65942U 98067XP  26049.52866282  .00488671  10477-3  13786-2 0  9999,2 65942  51.6164 151.1119 0009473 345.6855  14.3882 15.92827553 20543
2026-02-19T09:00:45.952142+09:00,gs_db,BOTAN,1 65942U 98067XP  26049.52866282  .00488671  10477-3  13786-2 0  9999,2 65942  51.6164 151.1119 0009473 345.6855  14.3882 15.92827553 20543
2026-02-19T09:00:48.347926+09:00,gs_db,BOTAN,1 65942U 98067XP  26049.52866282  .00488671  10477-3  13786-2 0  9999,2 65942  51.6164 151.1119 0009473 345.6855  14.3882 15.92827553 20543
2026-02-19T12:00:12.676962+09:00,gs_db,BOTAN,1 65942U 98067XP  26049.52866282  .00488671  10477-3  13786-2 0  9999,2 65942  51.6164 151.1119 0009473 345.6855  14.3882 15.92827553 20543
2026-02-19T15:00:16.995001+09:00,gs_db,BOTAN,1 65942U 98067XP  26049.52866282  .00488671  10477-3  13786-2 0  9999,2 65942  51.6164 151.1119 0009473 345.6855  14.3882 15.92827553 20543
2026-02-19T15:00:21.352762+09:00,gs_db,BOTAN,1 65942U 98067XP  26049.52866282  .00488671  10477-3  13786-2 0  9999,2 65942  51.6164 151.1119 0009473 345.6855  14.3882 15.92827553 20543
2026-02-19T18:00:26.729779+09:00,gs_db,BOTAN,1 65942U 98067XP  26049.52866282  .00488671  10477-3  13786-2 0  9999,2 65942  51.6164 151.1119 0009473 345.6855  14.3882 15.92827553 20543
2026-02-19T21:00:39.432339+09:00,gs_db,BOTAN,1 65942U 98067XP  26049.52866282  .00488671  10477-3  13786-2 0  9999,2 65942  51.6164 151.1119 0009473 345.6855  14.3882 15.92827553 20543
2026-02-19T21:00:43.608964+09:00,gs_db,BOTAN,1 65942U 98067XP  26049.52866282  .00488671  10477-3  13786-2 0  9999,2 65942  51.6164 151.1119 0009473 345.6855  14.3882 15.92827553 20543
2026-02-20T00:00:25.954028+09:00,gs_db,BOTAN,1 65942U 98067XP  26050.28134835  .00518948  11839-3  14065-2 0  9991,2 65942  51.6150 147.1333 0009504 349.8754  10.2060 15.93581040 20665
2026-02-20T03:00:28.274735+09:00,gs_db,BOTAN,1 65942U 98067XP  26050.28134835  .00518948  11839-3  14065-2 0  9991,2 65942  51.6150 147.1333 0009504 349.8754  10.2060 15.93581040 20665
2026-02-20T03:00:30.56334+09:00,gs_db,BOTAN,1 65942U 98067XP  26050.28134835  .00518948  11839-3  14065-2 0  9991,2 65942  51.6150 147.1333 0009504 349.8754  10.2060 15.93581040 20665
2026-02-20T06:00:22.068857+09:00,gs_db,BOTAN,1 65942U 98067XP  26050.53216288  .00518361  11850-3  13854-2 0  9999,2 65942  51.6151 145.8072 0009727 351.0195   9.0636 15.93841465 20702
2026-02-20T09:00:59.812301+09:00,gs_db,BOTAN,1 65942U 98067XP  26050.53216288  .00518361  11850-3  13854-2 0  9999,2 65942  51.6151 145.8072 0009727 351.0195   9.0636 15.93841465 20702
2026-02-20T09:01:20.644897+09:00,gs_db,BOTAN,1 65942U 98067XP  26050.53216288  .00518361  11850-3  13854-2 0  9999,2 65942  51.6151 145.8072 0009727 351.0195   9.0636 15.93841465 20702
2026-02-20T12:00:17.010501+09:00,gs_db,BOTAN,1 65942U 98067XP  26050.53216288  .00518361  11850-3  13854-2 0  9999,2 65942  51.6151 145.8072 0009727 351.0195   9.0636 15.93841465 20702
2026-02-20T15:00:23.644553+09:00,gs_db,BOTAN,1 65942U 98067XP  26050.53216288  .00518361  11850-3  13854-2 0  9999,2 65942  51.6151 145.8072 0009727 351.0195   9.0636 15.93841465 20702
2026-02-20T15:00:25.871542+09:00,gs_db,BOTAN,1 65942U 98067XP  26050.53216288  .00518361  11850-3  13854-2 0  9999,2 65942  51.6151 145.8072 0009727 351.0195   9.0636 15.93841465 20702
2026-02-20T18:00:39.839611+09:00,gs_db,BOTAN,1 65942U 98067XP  26050.53216288  .00518361  11850-3  13854-2 0  9999,2 65942  51.6151 145.8072 0009727 351.0195   9.0636 15.93841465 20702
2026-02-20T21:00:35.409278+09:00,gs_db,BOTAN,1 65942U 98067XP  26050.53216288  .00518361  11850-3  13854-2 0  9999,2 65942  51.6151 145.8072 0009727 351.0195   9.0636 15.93841465 20702
2026-02-20T21:00:47.278702+09:00,gs_db,BOTAN,1 65942U 98067XP  26050.53216288  .00518361  11850-3  13854-2 0  9999,2 65942  51.6151 145.8072 0009727 351.0195   9.0636 15.93841465 20702
2026-02-21T00:00:17.71469+09:00,gs_db,BOTAN,1 65942U 98067XP  26051.28435552  .00485551  10576-3  12449-2 0  9996,2 65942  51.6146 141.8256 0009835 354.6871   5.4031 15.94621143 20828
2026-02-21T03:00:27.894677+09:00,gs_db,BOTAN,1 65942U 98067XP  26051.28435552  .00485551  10576-3  12449-2 0  9996,2 65942  51.6146 141.8256 0009835 354.6871   5.4031 15.94621143 20828
2026-02-21T03:00:30.584854+09:00,gs_db,BOTAN,1 65942U 98067XP  26051.28435552  .00485551  10576-3  12449-2 0  9996,2 65942  51.6146 141.8256 0009835 354.6871   5.4031 15.94621143 20828
2026-02-21T06:00:32.543329+09:00,gs_db,BOTAN,1 65942U 98067XP  26051.28435552  .00485551  10576-3  12449-2 0  9996,2 65942  51.6146 141.8256 0009835 354.6871   5.4031 15.94621143 20828
2026-02-21T12:00:11.150472+09:00,gs_db,BOTAN,1 65942U 98067XP  26051.28435552  .00485551  10576-3  12449-2 0  9996,2 65942  51.6146 141.8256 0009835 354.6871   5.4031 15.94621143 20828
2026-02-21T15:00:12.742666+09:00,gs_db,BOTAN,1 65942U 98067XP  26051.47234558  .00501630  11270-3  12723-2 0  9994,2 65942  51.6144 140.8294 0009750 355.6567   4.4354 15.94821373 20853
2026-02-21T15:00:23.723821+09:00,gs_db,BOTAN,1 65942U 98067XP  26051.47234558  .00501630  11270-3  12723-2 0  9994,2 65942  51.6144 140.8294 0009750 355.6567   4.4354 15.94821373 20853
2026-02-21T18:00:10.035007+09:00,gs_db,BOTAN,1 65942U 98067XP  26051.47234558  .00501630  11270-3  12723-2 0  9994,2 65942  51.6144 140.8294 0009750 355.6567   4.4354 15.94821373 20853
2026-02-21T21:00:18.04543+09:00,gs_db,BOTAN,1 65942U 98067XP  26051.47234558  .00501630  11270-3  12723-2 0  9994,2 65942  51.6144 140.8294 0009750 355.6567   4.4354 15.94821373 20853
2026-02-21T21:00:30.211517+09:00,gs_db,BOTAN,1 65942U 98067XP  26051.47234558  .00501630  11270-3  12723-2 0  9994,2 65942  51.6144 140.8294 0009750 355.6567   4.4354 15.94821373 20853
2026-02-22T00:00:07.195914+09:00,gs_db,BOTAN,1 65942U 98067XP  26052.28668814  .00637479  18190-3  15340-2 0  9997,2 65942  51.6141 136.5127 0009870 359.4528   0.6467 15.95780667 20987
2026-02-22T03:00:28.003386+09:00,gs_db,BOTAN,1 65942U 98067XP  26052.28668814  .00637479  18190-3  15340-2 0  9997,2 65942  51.6141 136.5127 0009870 359.4528   0.6467 15.95780667 20987
2026-02-22T03:00:28.514217+09:00,gs_db,BOTAN,1 65942U 98067XP  26052.28668814  .00637479  18190-3  15340-2 0  9997,2 65942  51.6141 136.5127 0009870 359.4528   0.6467 15.95780667 20987
2026-02-22T06:00:15.698189+09:00,gs_db,BOTAN,1 65942U 98067XP  26052.59975990  .00609668  16728-3  14362-2 0  9994,2 65942  51.6138 134.8513 0009860   1.0978 359.0050 15.96170388 21031
2026-02-22T12:00:11.022939+09:00,gs_db,BOTAN,1 65942U 98067XP  26052.59975990  .00609668  16728-3  14362-2 0  9994,2 65942  51.6138 134.8513 0009860   1.0978 359.0050 15.96170388 21031
2026-02-22T15:00:14.216791+09:00,gs_db,BOTAN,1 65942U 98067XP  26052.59975990  .00609668  16728-3  14362-2 0  9994,2 65942  51.6138 134.8513 0009860   1.0978 359.0050 15.96170388 21031
2026-02-22T15:00:28.957766+09:00,gs_db,BOTAN,1 65942U 98067XP  26052.59975990  .00609668  16728-3  14362-2 0  9994,2 65942  51.6138 134.8513 0009860   1.0978 359.0050 15.96170388 21031
2026-02-22T18:00:22.286744+09:00,gs_db,BOTAN,1 65942U 98067XP  26052.59975990  .00609668  16728-3  14362-2 0  9994,2 65942  51.6138 134.8513 0009860   1.0978 359.0050 15.96170388 21031
2026-02-22T21:00:28.938062+09:00,gs_db,BOTAN,1 65942U 98067XP  26052.59975990  .00609668  16728-3  14362-2 0  9994,2 65942  51.6138 134.8513 0009860   1.0978 359.0050 15.96170388 21031
2026-02-22T21:00:34.393838+09:00,gs_db,BOTAN,1 65942U 98067XP  26052.59975990  .00609668  16728-3  14362-2 0  9994,2 65942  51.6138 134.8513 0009860   1.0978 359.0050 15.96170388 21031
2026-02-23T00:00:12.042659+09:00,gs_db,BOTAN,1 65942U 98067XP  26052.59975990  .00609668  16728-3  14362-2 0  9994,2 65942  51.6138 134.8513 0009860   1.0978 359.0050 15.96170388 21031
2026-02-23T03:00:16.106313+09:00,gs_db,BOTAN,1 65942U 98067XP  26052.59975990  .00609668  16728-3  14362-2 0  9994,2 65942  51.6138 134.8513 0009860   1.0978 359.0050 15.96170388 21031
2026-02-23T03:00:18.195762+09:00,gs_db,BOTAN,1 65942U 98067XP  26052.59975990  .00609668  16728-3  14362-2 0  9994,2 65942  51.6138 134.8513 0009860   1.0978 359.0050 15.96170388 21031
2026-02-23T06:00:15.368342+09:00,gs_db,BOTAN,1 65942U 98067XP  26052.59975990  .00609668  16728-3  14362-2 0  9994,2 65942  51.6138 134.8513 0009860   1.0978 359.0050 15.96170388 21031
2026-02-23T09:00:57.009706+09:00,gs_db,BOTAN,1 65942U 98067XP  26052.59975990  .00609668  16728-3  14362-2 0  9994,2 65942  51.6138 134.8513 0009860   1.0978 359.0050 15.96170388 21031
2026-02-23T09:01:14.007947+09:00,gs_db,BOTAN,1 65942U 98067XP  26052.59975990  .00609668  16728-3  14362-2 0  9994,2 65942  51.6138 134.8513 0009860   1.0978 359.0050 15.96170388 21031
2026-02-23T12:00:17.817651+09:00,gs_db,BOTAN,1 65942U 98067XP  26052.59975990  .00609668  16728-3  14362-2 0  9994,2 65942  51.6138 134.8513 0009860   1.0978 359.0050 15.96170388 21031
2026-02-23T15:00:31.296727+09:00,gs_db,BOTAN,1 65942U 98067XP  26053.91376927  .00767216  27416-3  16286-2 0  9993,2 65942  51.6128 127.8670 0009968   6.9595 353.1550 15.98056365 21247
2026-02-23T15:00:37.149764+09:00,gs_db,BOTAN,1 65942U 98067XP  26053.91376927  .00767216  27416-3  16286-2 0  9993,2 65942  51.6128 127.8670 0009968   6.9595 353.1550 15.98056365 21247
2026-02-23T18:00:36.677218+09:00,gs_db,BOTAN,1 65942U 98067XP  26053.91376927  .00767216  27416-3  16286-2 0  9993,2 65942  51.6128 127.8670 0009968   6.9595 353.1550 15.98056365 21247
2026-02-23T21:00:31.581938+09:00,gs_db,BOTAN,1 65942U 98067XP  26053.91376927  .00767216  27416-3  16286-2 0  9993,2 65942  51.6128 127.8670 0009968   6.9595 353.1550 15.98056365 21247
2026-02-23T21:00:40.588653+09:00,gs_db,BOTAN,1 65942U 98067XP  26053.91376927  .00767216  27416-3  16286-2 0  9993,2 65942  51.6128 127.8670 0009968   6.9595 353.1550 15.98056365 21247
2026-02-24T00:00:11.854527+09:00,gs_db,BOTAN,1 65942U 98067XP  26054.22638034  .00824202  32124-3  16987-2 0  9997,2 65942  51.6124 126.2024 0009917   8.1151 352.0017 15.98588961 21298
2026-02-24T03:00:22.573987+09:00,gs_db,BOTAN,1 65942U 98067XP  26054.22638034  .00824202  32124-3  16987-2 0  9997,2 65942  51.6124 126.2024 0009917   8.1151 352.0017 15.98588961 21298
2026-02-24T03:00:26.697689+09:00,gs_db,BOTAN,1 65942U 98067XP  26054.22638034  .00824202  32124-3  16987-2 0  9997,2 65942  51.6124 126.2024 0009917   8.1151 352.0017 15.98588961 21298
2026-02-24T06:00:09.896854+09:00,gs_db,BOTAN,1 65942U 98067XP  26054.53888935  .00821692  32163-3  16448-2 0  9993,2 65942  51.6123 124.5371 0009859   9.5514 350.5681 15.99106624 21345
2026-02-24T09:00:50.894225+09:00,gs_db,BOTAN,1 65942U 98067XP  26054.53888935  .00821692  32163-3  16448-2 0  9993,2 65942  51.6123 124.5371 0009859   9.5514 350.5681 15.99106624 21345
2026-02-24T09:00:57.009706+09:00,gs_db,BOTAN,1 65942U 98067XP  26054.53888935  .00821692  32163-3  16448-2 0  9993,2 65942  51.6123 124.5371 0009859   9.5514 350.5681 15.99106624 21345
2026-02-24T12:00:02.456667+09:00,gs_db,BOTAN,1 65942U 98067XP  26054.53888935  .00821692  32163-3  16448-2 0  9993,2 65942  51.6123 124.5371 0009859   9.5514 350.5681 15.99106624 21345
2026-02-24T15:00:06.887184+09:00,gs_db,BOTAN,1 65942U 98067XP  26054.53888935  .00821692  32163-3  16448-2 0  9993,2 65942  51.6123 124.5371 0009859   9.5514 350.5681 15.99106624 21345
2026-02-24T15:00:34.104838+09:00,gs_db,BOTAN,1 65942U 98067XP  26054.53888935  .00821692  32163-3  16448-2 0  9993,2 65942  51.6123 124.5371 0009859   9.5514 350.5681 15.99106624 21345
2026-02-24T18:00:06.894372+09:00,gs_db,BOTAN,1 65942U 98067XP  26054.53888935  .00821692  32163-3  16448-2 0  9993,2 65942  51.6123 124.5371 0009859   9.5514 350.5681 15.99106624 21345
2026-02-24T21:00:09.65336+09:00,gs_db,BOTAN,1 65942U 98067XP  26054.53888935  .00821692  32163-3  16448-2 0  9993,2 65942  51.6123 124.5371 0009859   9.5514 350.5681 15.99106624 21345
2026-02-24T21:00:28.365847+09:00,gs_db,BOTAN,1 65942U 98067XP  26054.53888935  .00821692  32163-3  16448-2 0  9993,2 65942  51.6123 124.5371 0009859   9.5514 350.5681 15.99106624 21345
2026-02-25T00:00:21.24787+09:00,gs_db,BOTAN,1 65942U 98067XP  26055.28850187  .00826763  33197-3  15426-2 0  9991,2 65942  51.6123 120.5374 0009759  12.7993 347.3263 16.00338792 21469
2026-02-25T03:00:24.166512+09:00,gs_db,BOTAN,1 65942U 98067XP  26055.28850187  .00826763  33197-3  15426-2 0  9991,2 65942  51.6123 120.5374 0009759  12.7993 347.3263 16.00338792 21469
2026-02-25T03:00:30.2098+09:00,gs_db,BOTAN,1 65942U 98067XP  26055.28850187  .00826763  33197-3  15426-2 0  9991,2 65942  51.6123 120.5374 0009759  12.7993 347.3263 16.00338792 21469
2026-02-25T06:00:27.033817+09:00,gs_db,BOTAN,1 65942U 98067XP  26055.53824427  .00823166  33099-3  14997-2 0  9994,2 65942  51.6119 119.2030 0009759  14.1330 345.9951 16.00751802 21503
2026-02-25T09:01:11.07779+09:00,gs_db,BOTAN,1 65942U 98067XP  26055.53824427  .00823166  33099-3  14997-2 0  9994,2 65942  51.6119 119.2030 0009759  14.1330 345.9951 16.00751802 21503
2026-02-25T09:01:23.62779+09:00,gs_db,BOTAN,1 65942U 98067XP  26055.53824427  .00823166  33099-3  14997-2 0  9994,2 65942  51.6119 119.2030 0009759  14.1330 345.9951 16.00751802 21503
2026-02-25T12:00:12.39374+09:00,gs_db,BOTAN,1 65942U 98067XP  26055.53824427  .00823166  33099-3  14997-2 0  9994,2 65942  51.6119 119.2030 0009759  14.1330 345.9951 16.00751802 21503
2026-02-25T15:00:33.799151+09:00,gs_db,BOTAN,1 65942U 98067XP  26055.53824427  .00823166  33099-3  14997-2 0  9994,2 65942  51.6119 119.2030 0009759  14.1330 345.9951 16.00751802 21503
2026-02-25T15:00:43.716265+09:00,gs_db,BOTAN,1 65942U 98067XP  26055.53824427  .00823166  33099-3  14997-2 0  9994,2 65942  51.6119 119.2030 0009759  14.1330 345.9951 16.00751802 21503
2026-02-25T18:00:48.24722+09:00,gs_db,BOTAN,1 65942U 98067XP  26056.16230531  .00847599  35833-3  14499-2 0  9992,2 65942  51.6131 115.8662 0009704  16.1128 344.0189 16.01837079 21603
2026-02-25T21:00:29.6733+09:00,gs_db,BOTAN,1 65942U 98067XP  26056.16230531  .00847599  35833-3  14499-2 0  9992,2 65942  51.6131 115.8662 0009704  16.1128 344.0189 16.01837079 21603
2026-02-25T21:00:33.977089+09:00,gs_db,BOTAN,1 65942U 98067XP  26056.16230531  .00847599  35833-3  14499-2 0  9992,2 65942  51.6131 115.8662 0009704  16.1128 344.0189 16.01837079 21603
2026-02-26T00:00:18.087767+09:00,gs_db,BOTAN,1 65942U 98067XP  26056.16230532  .00847599  35833-3  14499-2 0  9993,2 65942  51.6131 115.8662 0009703  16.1128 344.0189 16.01837079 21602
2026-02-26T03:00:32.394605+09:00,gs_db,BOTAN,1 65942U 98067XP  26056.41180294  .00947888  46051-3  15758-2 0  9995,2 65942  51.6130 114.5304 0009498  17.5648 342.5689 16.02344974 21643
2026-02-26T03:00:34.768119+09:00,gs_db,BOTAN,1 65942U 98067XP  26056.41180294  .00947888  46051-3  15758-2 0  9995,2 65942  51.6130 114.5304 0009498  17.5648 342.5689 16.02344974 21643
2026-02-26T06:00:28.390697+09:00,gs_db,BOTAN,1 65942U 98067XP  26056.41180294  .00947888  46051-3  15758-2 0  9995,2 65942  51.6130 114.5304 0009498  17.5648 342.5689 16.02344974 21643
2026-02-26T09:01:05.58998+09:00,gs_db,BOTAN,1 65942U 98067XP  26056.41180295  .00947888  46051-3  15758-2 0  9996,2 65942  51.6130 114.5304 0009497  17.5648 342.5689 16.02344974 21642
2026-02-26T09:01:13.930488+09:00,gs_db,BOTAN,1 65942U 98067XP  26056.41180295  .00947888  46051-3  15758-2 0  9996,2 65942  51.6130 114.5304 0009497  17.5648 342.5689 16.02344974 21642
2026-02-26T12:00:23.958522+09:00,gs_db,BOTAN,1 65942U 98067XP  26056.41180295  .00947888  46051-3  15758-2 0  9996,2 65942  51.6130 114.5304 0009497  17.5648 342.5689 16.02344974 21642
2026-02-26T15:00:31.444282+09:00,gs_db,BOTAN,1 65942U 98067XP  26056.41180295  .00947888  46051-3  15758-2 0  9996,2 65942  51.6130 114.5304 0009497  17.5648 342.5689 16.02344974 21642
2026-02-26T15:00:36.389756+09:00,gs_db,BOTAN,1 65942U 98067XP  26056.41180295  .00947888  46051-3  15758-2 0  9996,2 65942  51.6130 114.5304 0009497  17.5648 342.5689 16.02344974 21642
2026-02-26T18:00:27.806788+09:00,gs_db,BOTAN,1 65942U 98067XP  26057.15984530  .01060860  60716-3  16144-2 0  9993,2 65942  51.6123 110.5193 0009221  21.5497 338.5900 16.03861975 21768
2026-02-26T21:01:00.677806+09:00,gs_db,BOTAN,1 65942U 98067XP  26057.15984530  .01060860  60716-3  16144-2 0  9993,2 65942  51.6123 110.5193 0009220  21.5497 338.5900 16.03861975 21767
2026-02-26T21:01:17.318528+09:00,gs_db,BOTAN,1 65942U 98067XP  26057.15984530  .01060860  60716-3  16144-2 0  9993,2 65942  51.6123 110.5193 0009220  21.5497 338.5900 16.03861975 21767
2026-02-27T00:00:46.184884+09:00,gs_db,BOTAN,1 65942U 98067XP  26057.15984530  .01060860  60716-3  16144-2 0  9993,2 65942  51.6123 110.5193 0009220  21.5497 338.5900 16.03861975 21767
2026-02-27T03:00:32.888955+09:00,gs_db,BOTAN,1 65942U 98067XP  26057.15984530  .01060860  60716-3  16144-2 0  9993,2 65942  51.6123 110.5193 0009220  21.5497 338.5900 16.03861975 21767
2026-02-27T03:00:38.153688+09:00,gs_db,BOTAN,1 65942U 98067XP  26057.15984530  .01060860  60716-3  16144-2 0  9993,2 65942  51.6123 110.5193 0009220  21.5497 338.5900 16.03861975 21767
2026-02-27T06:00:19.331315+09:00,gs_db,BOTAN,1 65942U 98067XP  26057.40902330  .01192930  80304-3  17551-2 0  9991,2 65942  51.6115 109.1806 0009208  21.6689 338.4711 16.04464389 21806
2026-02-27T09:00:40.403937+09:00,gs_db,BOTAN,1 65942U 98067XP  26057.40902330  .01192930  80304-3  17551-2 0  9991,2 65942  51.6115 109.1805 0009209  21.6689 338.4711 16.04464389 21806
2026-02-27T09:00:48.966948+09:00,gs_db,BOTAN,1 65942U 98067XP  26057.40902330  .01192930  80304-3  17551-2 0  9991,2 65942  51.6115 109.1805 0009209  21.6689 338.4711 16.04464389 21806
2026-02-27T12:00:13.273296+09:00,gs_db,BOTAN,1 65942U 98067XP  26057.40902330  .01192930  80304-3  17551-2 0  9991,2 65942  51.6115 109.1805 0009209  21.6689 338.4711 16.04464389 21806
2026-02-27T15:00:24.859809+09:00,gs_db,BOTAN,1 65942U 98067XP  26057.40902330  .01192930  80304-3  17551-2 0  9991,2 65942  51.6115 109.1805 0009209  21.6689 338.4711 16.04464389 21806
2026-02-27T15:00:28.043775+09:00,gs_db,BOTAN,1 65942U 98067XP  26057.40902330  .01192930  80304-3  17551-2 0  9991,2 65942  51.6115 109.1805 0009209  21.6689 338.4711 16.04464389 21806
2026-02-27T18:00:43.939576+09:00,gs_db,BOTAN,1 65942U 98067XP  26058.15598656  .01290162  10016-2  16949-2 0  9994,2 65942  51.6105 105.1617 0009022  24.9378 335.2069 16.06354992 21920
2026-02-27T21:00:33.526269+09:00,gs_db,BOTAN,1 65942U 98067XP  26058.15598656  .01290162  10016-2  16949-2 0  9994,2 65942  51.6105 105.1617 0009022  24.9378 335.2069 16.06354992 21920
2026-02-27T21:00:36.898133+09:00,gs_db,BOTAN,1 65942U 98067XP  26058.15598656  .01290162  10016-2  16949-2 0  9994,2 65942  51.6105 105.1617 0009022  24.9378 335.2069 16.06354992 21920
2026-02-28T00:00:25.386761+09:00,gs_db,BOTAN,1 65942U 98067XP  26058.15598657  .01290162  10016-2  16949-2 0  9995,2 65942  51.6105 105.1618 0009022  24.9378 335.2069 16.06354992 21921
2026-02-28T03:00:31.52983+09:00,gs_db,BOTAN,1 65942U 98067XP  26058.15598657  .01290162  10016-2  16949-2 0  9995,2 65942  51.6105 105.1618 0009022  24.9378 335.2069 16.06354992 21921
2026-02-28T03:00:33.542991+09:00,gs_db,BOTAN,1 65942U 98067XP  26058.15598657  .01290162  10016-2  16949-2 0  9995,2 65942  51.6105 105.1618 0009022  24.9378 335.2069 16.06354992 21921
2026-02-28T06:00:27.441784+09:00,gs_db,BOTAN,1 65942U 98067XP  26058.15598657  .01290162  10016-2  16949-2 0  9995,2 65942  51.6105 105.1618 0009022  24.9378 335.2069 16.06354992 21921
2026-02-28T09:00:28.931878+09:00,gs_db,BOTAN,1 65942U 98067XP  26058.15598657  .01290162  10016-2  16949-2 0  9995,2 65942  51.6105 105.1618 0009022  24.9378 335.2069 16.06354992 21921
2026-02-28T09:01:09.609562+09:00,gs_db,BOTAN,1 65942U 98067XP  26058.15598657  .01290162  10016-2  16949-2 0  9995,2 65942  51.6105 105.1618 0009022  24.9378 335.2069 16.06354992 21921
2026-02-28T12:00:07.73847+09:00,gs_db,BOTAN,1 65942U 98067XP  26058.40477154  .01339810  11118-2  16913-2 0  9990,2 65942  51.6107 103.8208 0008758  26.8522 333.2942 16.07024036 21966
2026-02-28T15:00:13.636057+09:00,gs_db,BOTAN,1 65942U 98067XP  26058.83989444  .01392217  12524-2  16324-2 0  9995,2 65942  51.6102 101.4721 0008520  29.3265 330.8225 16.08226179 22033
2026-02-28T15:00:29.980065+09:00,gs_db,BOTAN,1 65942U 98067XP  26058.83989444  .01392217  12524-2  16324-2 0  9995,2 65942  51.6102 101.4721 0008520  29.3265 330.8225 16.08226179 22033
2026-02-28T18:00:16.596516+09:00,gs_db,BOTAN,1 65942U 98067XP  26059.15048826  .01510393  15687-2  16749-2 0  9992,2 65942  51.6100  99.7930 0008258  31.1515 328.9987 16.09175023 22089
2026-02-28T21:00:25.296955+09:00,gs_db,BOTAN,1 65942U 98067XP  26059.15048826  .01510393  15687-2  16749-2 0  9992,2 65942  51.6100  99.7930 0008258  31.1515 328.9987 16.09175023 22089
2026-02-28T21:00:38.959434+09:00,gs_db,BOTAN,1 65942U 98067XP  26059.15048826  .01510393  15687-2  16749-2 0  9992,2 65942  51.6100  99.7930 0008258  31.1515 328.9987 16.09175023 22089
2026-03-01T00:00:22.758312+09:00,gs_db,BOTAN,1 65942U 98067XP  26059.15048827  .01510393  15687-2  16749-2 0  9993,2 65942  51.6100  99.7930 0008258  31.1515 328.9987 16.09175023 22089
2026-03-01T03:00:37.067529+09:00,gs_db,BOTAN,1 65942U 98067XP  26059.33675453  .01546827  16907-2  16545-2 0  9995,2 65942  51.6100  98.7850 0008031  32.0409 328.1092 16.09764360 22111
2026-03-01T03:00:46.817569+09:00,gs_db,BOTAN,1 65942U 98067XP  26059.33675453  .01546827  16907-2  16545-2 0  9995,2 65942  51.6100  98.7850 0008031  32.0409 328.1092 16.09764360 22111
2026-03-01T06:00:36.161699+09:00,gs_db,BOTAN,1 65942U 98067XP  26059.33675453  .01546827  16907-2  16545-2 0  9995,2 65942  51.6100  98.7850 0008031  32.0409 328.1092 16.09764360 22111
2026-03-01T09:00:48.603598+09:00,gs_db,BOTAN,1 65942U 98067XP  26059.33675453  .01546827  16907-2  16545-2 0  9995,2 65942  51.6100  98.7850 0008031  32.0409 328.1092 16.09764360 22111
2026-03-01T09:00:53.39476+09:00,gs_db,BOTAN,1 65942U 98067XP  26059.33675453  .01546827  16907-2  16545-2 0  9995,2 65942  51.6100  98.7850 0008031  32.0409 328.1092 16.09764360 22111
2026-03-01T12:00:23.293876+09:00,gs_db,BOTAN,1 65942U 98067XP  26059.33675453  .01546827  16907-2  16545-2 0  9995,2 65942  51.6100  98.7850 0008031  32.0409 328.1092 16.09764360 22111
2026-03-01T15:00:26.72046+09:00,gs_db,BOTAN,1 65942U 98067XP  26059.33675453  .01546827  16907-2  16545-2 0  9995,2 65942  51.6100  98.7850 0008031  32.0409 328.1092 16.09764360 22111
2026-03-01T15:00:28.422367+09:00,gs_db,BOTAN,1 65942U 98067XP  26059.33675453  .01546827  16907-2  16545-2 0  9995,2 65942  51.6100  98.7850 0008031  32.0409 328.1092 16.09764360 22111
2026-03-01T18:00:38.143133+09:00,gs_db,BOTAN,1 65942U 98067XP  26060.08110208  .01860873  29982-2  17094-2 0  9998,2 65942  51.6094  94.7474 0007211  36.2980 323.8523 16.12394411 22234
2026-03-01T21:00:37.511788+09:00,gs_db,BOTAN,1 65942U 98067XP  26060.08110208  .01860873  29982-2  17094-2 0  9998,2 65942  51.6094  94.7474 0007211  36.2980 323.8523 16.12394411 22234
2026-03-01T21:00:37.762668+09:00,gs_db,BOTAN,1 65942U 98067XP  26060.08110208  .01860873  29982-2  17094-2 0  9998,2 65942  51.6094  94.7474 0007211  36.2980 323.8523 16.12394411 22234
2026-03-02T00:00:25.961888+09:00,gs_db,BOTAN,1 65942U 98067XP  26060.26698525  .01976643  36765-2  17432-2 0  9997,2 65942  51.6093  93.7365 0006928  38.7411 321.4100 16.13166926 22268
2026-03-02T03:00:20.758447+09:00,gs_db,BOTAN,1 65942U 98067XP  26060.32892748  .01991374  37933-2  17297-2 0  9992,2 65942  51.6093  93.3995 0006842  39.1940 320.9569 16.13419316 22278
2026-03-02T03:00:22.074442+09:00,gs_db,BOTAN,1 65942U 98067XP  26060.32892748  .01991374  37933-2  17297-2 0  9992,2 65942  51.6093  93.3995 0006842  39.1940 320.9569 16.13419316 22278
2026-03-02T06:00:23.63614+09:00,gs_db,BOTAN,1 65942U 98067XP  26060.32892748  .01991374  37933-2  17297-2 0  9992,2 65942  51.6093  93.3995 0006842  39.1940 320.9569 16.13419316 22278
2026-03-02T09:00:44.319868+09:00,gs_db,BOTAN,1 65942U 98067XP  26060.32892748  .01991374  37933-2  17297-2 0  9992,2 65942  51.6093  93.3995 0006842  39.1940 320.9569 16.13419316 22278
2026-03-02T09:00:47.910629+09:00,gs_db,BOTAN,1 65942U 98067XP  26060.32892748  .01991374  37933-2  17297-2 0  9992,2 65942  51.6093  93.3995 0006842  39.1940 320.9569 16.13419316 22278
2026-03-02T12:00:19.400232+09:00,gs_db,BOTAN,1 65942U 98067XP  26060.32892748  .01991374  37933-2  17297-2 0  9992,2 65942  51.6093  93.3995 0006842  39.1940 320.9569 16.13419316 22278
2026-03-02T15:00:29.162714+09:00,gs_db,BOTAN,1 65942U 98067XP  26060.32892749  .01991374  37933-2  17297-2 0  9993,2 65942  51.6093  93.3995 0006842  39.1940 320.9569 16.13419316 22278
2026-03-02T15:00:29.609796+09:00,gs_db,BOTAN,1 65942U 98067XP  26060.32892749  .01991374  37933-2  17297-2 0  9993,2 65942  51.6093  93.3995 0006842  39.1940 320.9569 16.13419316 22278
2026-03-02T18:00:34.58472+09:00,gs_db,BOTAN,1 65942U 98067XP  26060.32892749  .01991374  37933-2  17297-2 0  9993,2 65942  51.6093  93.3995 0006842  39.1940 320.9569 16.13419316 22278
2026-03-02T21:00:52.697358+09:00,gs_db,BOTAN,1 65942U 98067XP  26060.32892749  .01991374  37933-2  17297-2 0  9993,2 65942  51.6093  93.3995 0006842  39.1940 320.9569 16.13419316 22278
2026-03-02T21:00:53.596449+09:00,gs_db,BOTAN,1 65942U 98067XP  26060.32892749  .01991374  37933-2  17297-2 0  9993,2 65942  51.6093  93.3995 0006842  39.1940 320.9569 16.13419316 22278
2026-03-03T00:00:28.436528+09:00,gs_db,BOTAN,1 65942U 98067XP  26060.32892749  .01991374  37933-2  17297-2 0  9993,2 65942  51.6093  93.3995 0006842  39.1940 320.9569 16.13419316 22278
2026-03-03T03:01:22.208847+09:00,gs_db,BOTAN,1 65942U 98067XP  26060.32892749  .01991374  37933-2  17297-2 0  9993,2 65942  51.6093  93.3995 0006842  39.1940 320.9569 16.13419316 22278
2026-03-03T03:01:23.63832+09:00,gs_db,BOTAN,1 65942U 98067XP  26060.32892749  .01991374  37933-2  17297-2 0  9993,2 65942  51.6093  93.3995 0006842  39.1940 320.9569 16.13419316 22278
2026-03-03T06:00:23.938939+09:00,gs_db,BOTAN,1 65942U 98067XP  26061.44192936  .02808540  11845-4  15065-2 0  9998,2 65942  51.6071  87.3174 0005071  45.1501 314.9928 16.19120033 22452
2026-03-03T09:00:47.355615+09:00,gs_db,BOTAN,1 65942U 98067XP  26061.44192936  .02808540  11845-4  15065-2 0  9998,2 65942  51.6071  87.3174 0005071  45.1501 314.9928 16.19120033 22452
2026-03-03T09:00:48.13215+09:00,gs_db,BOTAN,1 65942U 98067XP  26061.44192936  .02808540  11845-4  15065-2 0  9998,2 65942  51.6071  87.3174 0005071  45.1501 314.9928 16.19120033 22452
2026-03-03T12:00:24.60435+09:00,gs_db,BOTAN,1 65942U 98067XP  26061.44192936  .02808540  11845-4  15065-2 0  9998,2 65942  51.6071  87.3174 0005071  45.1501 314.9928 16.19120033 22452
2026-03-03T15:00:27.065667+09:00,gs_db,BOTAN,1 65942U 98067XP  26061.44192936  .02808540  11845-4  15065-2 0  9998,2 65942  51.6071  87.3174 0005071  45.1501 314.9928 16.19120033 22452
2026-03-03T15:00:30.112319+09:00,gs_db,BOTAN,1 65942U 98067XP  26061.44192936  .02808540  11845-4  15065-2 0  9998,2 65942  51.6071  87.3174 0005071  45.1501 314.9928 16.19120033 22452
2026-03-03T18:00:33.150833+09:00,gs_db,BOTAN,1 65942U 98067XP  26062.18133612  .04280876  12003-4  14562-2 0  9992,2 65942  51.6045  83.2412 0003369  47.8026 312.3279 16.24781476 22576
2026-03-03T21:00:50.898708+09:00,gs_db,BOTAN,1 65942U 98067XP  26062.18133612  .04280876  12003-4  14562-2 0  9992,2 65942  51.6045  83.2412 0003369  47.8026 312.3279 16.24781476 22576
2026-03-03T21:00:57.600765+09:00,gs_db,BOTAN,1 65942U 98067XP  26062.18133612  .04280876  12003-4  14562-2 0  9992,2 65942  51.6045  83.2412 0003369  47.8026 312.3279 16.24781476 22576
2026-03-04T00:00:25.726367+09:00,gs_db,BOTAN,1 65942U 98067XP  26062.18133612  .04280876  12003-4  14562-2 0  9992,2 65942  51.6045  83.2412 0003369  47.8026 312.3279 16.24781476 22576
2026-03-04T03:01:05.299897+09:00,gs_db,BOTAN,1 65942U 98067XP  26062.30429369  .04760636  12041-4  14503-2 0  9997,2 65942  51.6040  82.5602 0002926  46.9281 313.1984 16.26065138 22591
2026-03-04T03:01:21.744059+09:00,gs_db,BOTAN,1 65942U 98067XP  26062.30429369  .04760636  12041-4  14503-2 0  9997,2 65942  51.6040  82.5602 0002926  46.9281 313.1984 16.26065138 22591
2026-03-04T06:00:40.757547+09:00,gs_db,BOTAN,1 65942U 98067XP  26062.30429369  .04760636  12041-4  14503-2 0  9997,2 65942  51.6040  82.5602 0002926  46.9281 313.1984 16.26065138 22591
2026-03-04T09:01:05.534183+09:00,gs_db,BOTAN,1 65942U 98067XP  26062.30429370  .04760636  12041-4  14503-2 0  9999,2 65942  51.6040  82.5602 0002926  46.9281 313.1984 16.26065139 22592
2026-03-04T09:01:15.673666+09:00,gs_db,BOTAN,1 65942U 98067XP  26062.30429370  .04760636  12041-4  14503-2 0  9999,2 65942  51.6040  82.5602 0002926  46.9281 313.1984 16.26065139 22592
2026-03-04T12:00:24.239952+09:00,gs_db,BOTAN,1 65942U 98067XP  26062.30429370  .04760636  12041-4  14503-2 0  9999,2 65942  51.6040  82.5602 0002926  46.9281 313.1984 16.26065139 22592
2026-03-04T15:00:13.259809+09:00,gs_db,BOTAN,1 65942U 98067XP  26062.30429370  .04760636  12041-4  14503-2 0  9999,2 65942  51.6040  82.5602 0002926  46.9281 313.1984 16.26065139 22592
2026-03-04T15:00:32.434185+09:00,gs_db,BOTAN,1 65942U 98067XP  26062.30429370  .04760636  12041-4  14503-2 0  9999,2 65942  51.6040  82.5602 0002926  46.9281 313.1984 16.26065139 22592
2026-03-04T18:00:15.311371+09:00,gs_db,BOTAN,1 65942U 98067XP  26062.30429370  .04760636  12041-4  14503-2 0  9999,2 65942  51.6040  82.5602 0002926  46.9281 313.1984 16.26065139 22592
2026-03-04T21:00:33.43403+09:00,gs_db,BOTAN,1 65942U 98067XP  26062.30429370  .04760636  12041-4  14503-2 0  9999,2 65942  51.6040  82.5602 0002926  46.9281 313.1984 16.26065139 22592
2026-03-04T21:01:17.82392+09:00,gs_db,BOTAN,1 65942U 98067XP  26062.30429370  .04760636  12041-4  14503-2 0  9999,2 65942  51.6040  82.5602 0002926  46.9281 313.1984 16.26065139 22592
2026-03-05T00:00:29.874539+09:00,gs_db,BOTAN,1 65942U 98067XP  26062.30429370  .04760636  12041-4  14503-2 0  9999,2 65942  51.6040  82.5602 0002926  46.9281 313.1984 16.26065139 22592
2026-03-05T03:00:32.932316+09:00,gs_db,BOTAN,1 65942U 98067XP  26062.30429370  .04760636  12041-4  14503-2 0  9999,2 65942  51.6040  82.5602 0002926  46.9281 313.1984 16.26065139 22592
2026-03-05T03:00:40.195532+09:00,gs_db,BOTAN,1 65942U 98067XP  26062.30429370  .04760636  12041-4  14503-2 0  9999,2 65942  51.6040  82.5602 0002926  46.9281 313.1984 16.26065139 22592
2026-03-05T06:01:02.737913+09:00,gs_db,BOTAN,1 65942U 98067XP  26062.30429370  .04760636  12041-4  14503-2 0  9999,2 65942  51.6040  82.5602 0002926  46.9281 313.1984 16.26065139 22592
2026-03-05T09:01:24.745259+09:00,gs_db,BOTAN,1 65942U 98067XP  26062.30429370  .04760636  12041-4  14503-2 0  9999,2 65942  51.6040  82.5602 0002926  46.9281 313.1984 16.26065139 22592
2026-03-05T09:01:47.414891+09:00,gs_db,BOTAN,1 65942U 98067XP  26062.30429370  .04760636  12041-4  14503-2 0  9999,2 65942  51.6040  82.5602 0002926  46.9281 313.1984 16.26065139 22592
2026-03-05T12:00:47.425117+09:00,gs_db,BOTAN,1 65942U 98067XP  26062.30429370  .04760636  12041-4  14503-2 0  9999,2 65942  51.6040  82.5602 0002926  46.9281 313.1984 16.26065139 22592
2026-03-05T15:00:30.333818+09:00,gs_db,BOTAN,1 65942U 98067XP  26062.30429370  .04760636  12041-4  14503-2 0  9999,2 65942  51.6040  82.5602 0002926  46.9281 313.1984 16.26065139 22592
2026-03-05T15:00:39.773983+09:00,gs_db,BOTAN,1 65942U 98067XP  26062.30429370  .04760636  12041-4  14503-2 0  9999,2 65942  51.6040  82.5602 0002926  46.9281 313.1984 16.26065139 22592
